scope,path,kind,git_status
"apps/mesh/","apps/mesh/app/(shell)/app/entity/[entityCode]/[[...segments]]/page.tsx","source","??"
"apps/mesh/","apps/mesh/app/api/relay/[...path]/route.ts","source","tracked unchanged"
"apps/mesh/","apps/mesh/lib/catalog-routes.ts","source","tracked unchanged"
"apps/mesh/","apps/mesh/lib/experience-runtime.tsx","source","tracked unchanged"
"apps/neon/","apps/neon/app/(shell)/app/entity/[entityCode]/[[...segments]]/page.tsx","source","M"
"apps/neon/","apps/neon/app/api/relay/[...path]/route.ts","source","tracked unchanged"
"apps/neon/","apps/neon/lib/catalog-routes.ts","source","tracked unchanged"
"apps/neon/","apps/neon/lib/entity-application-layout.tsx","source","tracked unchanged"
"apps/neon/","apps/neon/lib/entity-application-route.tsx","source","tracked unchanged"
"apps/neon/","apps/neon/lib/entity-record-adapters.tsx","source","tracked unchanged"
"apps/neon/","apps/neon/lib/entity-route-alias.ts","source","tracked unchanged"
"apps/neon/","apps/neon/lib/entity-route-context.ts","source","tracked unchanged"
"apps/neon/","apps/neon/lib/entity-work-context.ts","source","tracked unchanged"
"apps/neon/","apps/neon/lib/experience-runtime.tsx","source","tracked unchanged"
"apps/neon/","apps/neon/lib/list-density.ts","source","tracked unchanged"
"apps/neon/","apps/neon/lib/redirect-entity-record.ts","source","tracked unchanged"
"apps/studio/","apps/studio/app/(shell)/app/entity/[entityCode]/[[...segments]]/page.tsx","source","??"
"apps/studio/","apps/studio/app/api/relay/[...path]/route.ts","source","tracked unchanged"
"apps/studio/","apps/studio/lib/catalog-routes.ts","source","tracked unchanged"
"apps/studio/","apps/studio/lib/experience-runtime.tsx","source","tracked unchanged"
"packages/contracts/platform/entity-list/","packages/contracts/platform/entity-list/src/experience.ts","source","tracked unchanged"
"packages/contracts/platform/entity-list/","packages/contracts/platform/entity-list/src/index.ts","source","tracked unchanged"
"packages/contracts/platform/entity-list/","packages/contracts/platform/entity-list/src/parsers.ts","source","tracked unchanged"
"packages/contracts/platform/entity-list/","packages/contracts/platform/entity-list/src/scope-filters.ts","source","tracked unchanged"
"packages/contracts/platform/entity-list/","packages/contracts/platform/entity-list/src/standard-views.ts","source","tracked unchanged"
"packages/contracts/platform/entity-list/","packages/contracts/platform/entity-list/src/types.ts","source","tracked unchanged"
"packages/contracts/platform/entity-list/","packages/contracts/platform/entity-list/src/url-state.ts","source","tracked unchanged"
"packages/contracts/platform/entity-runtime/","packages/contracts/platform/entity-runtime/src/access-decision.ts","source","tracked unchanged"
"packages/contracts/platform/entity-runtime/","packages/contracts/platform/entity-runtime/src/detail-navigation.ts","source","??"
"packages/contracts/platform/entity-runtime/","packages/contracts/platform/entity-runtime/src/entity-lookup.ts","source","tracked unchanged"
"packages/contracts/platform/entity-runtime/","packages/contracts/platform/entity-runtime/src/entity-record-href.ts","source","tracked unchanged"
"packages/contracts/platform/entity-runtime/","packages/contracts/platform/entity-runtime/src/governed-workflow.ts","source","tracked unchanged"
"packages/contracts/platform/entity-runtime/","packages/contracts/platform/entity-runtime/src/index.ts","source","M"
"packages/contracts/platform/entity-runtime/","packages/contracts/platform/entity-runtime/src/intake-data-values.ts","source","tracked unchanged"
"packages/contracts/platform/entity-runtime/","packages/contracts/platform/entity-runtime/src/intake-data.ts","source","tracked unchanged"
"packages/contracts/platform/entity-runtime/","packages/contracts/platform/entity-runtime/src/intake-flow-authoring.ts","source","tracked unchanged"
"packages/contracts/platform/entity-runtime/","packages/contracts/platform/entity-runtime/src/intake-operation.ts","source","tracked unchanged"
"packages/contracts/platform/entity-runtime/","packages/contracts/platform/entity-runtime/src/intake-surface-authoring.ts","source","tracked unchanged"
"packages/contracts/platform/entity-runtime/","packages/contracts/platform/entity-runtime/src/intake-surface.ts","source","tracked unchanged"
"packages/contracts/platform/entity-runtime/","packages/contracts/platform/entity-runtime/src/intake.ts","source","tracked unchanged"
"packages/contracts/platform/entity-runtime/","packages/contracts/platform/entity-runtime/src/lookup-options.ts","source","tracked unchanged"
"packages/contracts/platform/entity-runtime/","packages/contracts/platform/entity-runtime/src/recent-choice.ts","source","tracked unchanged"
"packages/contracts/platform/entity-runtime/","packages/contracts/platform/entity-runtime/src/record-360-panel.ts","source","tracked unchanged"
"packages/contracts/platform/entity-runtime/","packages/contracts/platform/entity-runtime/src/record-presentation.ts","source","M"
"packages/contracts/platform/entity-runtime/","packages/contracts/platform/entity-runtime/src/related-presentation.ts","source","tracked unchanged"
"packages/contracts/platform/entity-runtime/","packages/contracts/platform/entity-runtime/src/runtime-resource.ts","source","tracked unchanged"
"packages/contracts/platform/entity-runtime/","packages/contracts/platform/entity-runtime/src/runtime-values.ts","source","tracked unchanged"
"packages/contracts/platform/entity-runtime/","packages/contracts/platform/entity-runtime/src/validation-messages.ts","source","tracked unchanged"
"packages/platform/communications/collaboration-ui/","packages/platform/communications/collaboration-ui/src/attachment-client.ts","source","tracked unchanged"
"packages/platform/communications/collaboration-ui/","packages/platform/communications/collaboration-ui/src/clipboard-converter.ts","source","tracked unchanged"
"packages/platform/communications/collaboration-ui/","packages/platform/communications/collaboration-ui/src/comment-audience-picker.tsx","source","tracked unchanged"
"packages/platform/communications/collaboration-ui/","packages/platform/communications/collaboration-ui/src/index.ts","source","tracked unchanged"
"packages/platform/communications/collaboration-ui/","packages/platform/communications/collaboration-ui/src/rich-comment-composer.tsx","source","M"
"packages/platform/communications/collaboration-ui/","packages/platform/communications/collaboration-ui/src/rich-text-content.ts","source","tracked unchanged"
"packages/platform/communications/collaboration-ui/","packages/platform/communications/collaboration-ui/src/rich-text-types.ts","source","tracked unchanged"
"packages/platform/communications/collaboration-ui/","packages/platform/communications/collaboration-ui/src/upload-lifecycle.ts","source","tracked unchanged"
"packages/platform/communications/collaboration-ui/","packages/platform/communications/collaboration-ui/src/validate-clipboard-document.ts","source","tracked unchanged"
"packages/platform/entity/runtime/","packages/platform/entity/runtime/cascade/src/index.ts","source","tracked unchanged"
"packages/platform/entity/runtime/","packages/platform/entity/runtime/collection-controls/src/filter-editor.tsx","source","tracked unchanged"
"packages/platform/entity/runtime/","packages/platform/entity/runtime/collection-controls/src/filter-state.ts","source","tracked unchanged"
"packages/platform/entity/runtime/","packages/platform/entity/runtime/collection-controls/src/index.tsx","source","tracked unchanged"
"packages/platform/entity/runtime/","packages/platform/entity/runtime/content-ui/src/index.ts","source","tracked unchanged"
"packages/platform/entity/runtime/","packages/platform/entity/runtime/descriptor-client/src/index.ts","source","tracked unchanged"
"packages/platform/entity/runtime/","packages/platform/entity/runtime/descriptor-client/src/intake-operation-client.ts","source","tracked unchanged"
"packages/platform/entity/runtime/","packages/platform/entity/runtime/descriptor-client/src/runtime-client.ts","source","M"
"packages/platform/entity/runtime/","packages/platform/entity/runtime/form-detail/src/attachment-download.ts","source","tracked unchanged"
"packages/platform/entity/runtime/","packages/platform/entity/runtime/form-detail/src/attachment-preview.tsx","source","tracked unchanged"
"packages/platform/entity/runtime/","packages/platform/entity/runtime/form-detail/src/attachment-reference.tsx","source","tracked unchanged"
"packages/platform/entity/runtime/","packages/platform/entity/runtime/form-detail/src/attachment-thumbnail.tsx","source","tracked unchanged"
"packages/platform/entity/runtime/","packages/platform/entity/runtime/form-detail/src/attachment-workspace.tsx","source","M"
"packages/platform/entity/runtime/","packages/platform/entity/runtime/form-detail/src/collaboration-actions.tsx","source","M"
"packages/platform/entity/runtime/","packages/platform/entity/runtime/form-detail/src/collaboration-operations.tsx","source","tracked unchanged"
"packages/platform/entity/runtime/","packages/platform/entity/runtime/form-detail/src/collaboration-read-models.ts","source","tracked unchanged"
"packages/platform/entity/runtime/","packages/platform/entity/runtime/form-detail/src/collaboration-route.ts","source","tracked unchanged"
"packages/platform/entity/runtime/","packages/platform/entity/runtime/form-detail/src/collaboration-surface.tsx","source","M"
"packages/platform/entity/runtime/","packages/platform/entity/runtime/form-detail/src/collaboration-visibility.ts","source","tracked unchanged"
"packages/platform/entity/runtime/","packages/platform/entity/runtime/form-detail/src/collection-continuation.tsx","source","tracked unchanged"
"packages/platform/entity/runtime/","packages/platform/entity/runtime/form-detail/src/collection-section.tsx","source","tracked unchanged"
"packages/platform/entity/runtime/","packages/platform/entity/runtime/form-detail/src/comments-workspace.tsx","source","M"
"packages/platform/entity/runtime/","packages/platform/entity/runtime/form-detail/src/compiled-section-content.tsx","source","tracked unchanged"
"packages/platform/entity/runtime/","packages/platform/entity/runtime/form-detail/src/data-surface.tsx","source","tracked unchanged"
"packages/platform/entity/runtime/","packages/platform/entity/runtime/form-detail/src/data-validation.tsx","source","tracked unchanged"
"packages/platform/entity/runtime/","packages/platform/entity/runtime/form-detail/src/detail-collaboration.tsx","source","??"
"packages/platform/entity/runtime/","packages/platform/entity/runtime/form-detail/src/detail-workspace.tsx","source","??"
"packages/platform/entity/runtime/","packages/platform/entity/runtime/form-detail/src/entity-edit-collaboration.tsx","source","tracked unchanged"
"packages/platform/entity/runtime/","packages/platform/entity/runtime/form-detail/src/entity-lookup.tsx","source","tracked unchanged"
"packages/platform/entity/runtime/","packages/platform/entity/runtime/form-detail/src/entity-read-runtime.tsx","source","??"
"packages/platform/entity/runtime/","packages/platform/entity/runtime/form-detail/src/entity-runtime-workspace.tsx","source","tracked unchanged"
"packages/platform/entity/runtime/","packages/platform/entity/runtime/form-detail/src/file-action.tsx","source","M"
"packages/platform/entity/runtime/","packages/platform/entity/runtime/form-detail/src/file-filter-body.ts","source","tracked unchanged"
"packages/platform/entity/runtime/","packages/platform/entity/runtime/form-detail/src/file-search.tsx","source","M"
"packages/platform/entity/runtime/","packages/platform/entity/runtime/form-detail/src/file-type.tsx","source","tracked unchanged"
"packages/platform/entity/runtime/","packages/platform/entity/runtime/form-detail/src/form-layout.tsx","source","tracked unchanged"
"packages/platform/entity/runtime/","packages/platform/entity/runtime/form-detail/src/index.tsx","source","M"
"packages/platform/entity/runtime/","packages/platform/entity/runtime/form-detail/src/intake-classification.tsx","source","tracked unchanged"
"packages/platform/entity/runtime/","packages/platform/entity/runtime/form-detail/src/intake-state.ts","source","tracked unchanged"
"packages/platform/entity/runtime/","packages/platform/entity/runtime/form-detail/src/intake-surface.tsx","source","tracked unchanged"
"packages/platform/entity/runtime/","packages/platform/entity/runtime/form-detail/src/intake-workspace.tsx","source","tracked unchanged"
"packages/platform/entity/runtime/","packages/platform/entity/runtime/form-detail/src/intake.tsx","source","tracked unchanged"
"packages/platform/entity/runtime/","packages/platform/entity/runtime/form-detail/src/protected-value.tsx","source","tracked unchanged"
"packages/platform/entity/runtime/","packages/platform/entity/runtime/form-detail/src/record-360-panel.tsx","source","tracked unchanged"
"packages/platform/entity/runtime/","packages/platform/entity/runtime/form-detail/src/record-action.tsx","source","tracked unchanged"
"packages/platform/entity/runtime/","packages/platform/entity/runtime/form-detail/src/record-header.tsx","source","M"
"packages/platform/entity/runtime/","packages/platform/entity/runtime/form-detail/src/record/browser-preferences.ts","source","tracked unchanged"
"packages/platform/entity/runtime/","packages/platform/entity/runtime/form-detail/src/record/entity-record-page.tsx","source","tracked unchanged"
"packages/platform/entity/runtime/","packages/platform/entity/runtime/form-detail/src/record/index.ts","source","tracked unchanged"
"packages/platform/entity/runtime/","packages/platform/entity/runtime/form-detail/src/record/protected-operation-registry.ts","source","tracked unchanged"
"packages/platform/entity/runtime/","packages/platform/entity/runtime/form-detail/src/record/protected-value-attempt.ts","source","tracked unchanged"
"packages/platform/entity/runtime/","packages/platform/entity/runtime/form-detail/src/record/record-body.tsx","source","M"
"packages/platform/entity/runtime/","packages/platform/entity/runtime/form-detail/src/record/record-contracts.ts","source","tracked unchanged"
"packages/platform/entity/runtime/","packages/platform/entity/runtime/form-detail/src/record/record-navigation.tsx","source","M"
"packages/platform/entity/runtime/","packages/platform/entity/runtime/form-detail/src/record/record-summary-panel.tsx","source","??"
"packages/platform/entity/runtime/","packages/platform/entity/runtime/form-detail/src/record/record-url-state.ts","source","tracked unchanged"
"packages/platform/entity/runtime/","packages/platform/entity/runtime/form-detail/src/record/record-view-preferences.ts","source","tracked unchanged"
"packages/platform/entity/runtime/","packages/platform/entity/runtime/form-detail/src/record/resolve-resource-context.ts","source","tracked unchanged"
"packages/platform/entity/runtime/","packages/platform/entity/runtime/form-detail/src/record/use-record-collaboration.ts","source","M"
"packages/platform/entity/runtime/","packages/platform/entity/runtime/form-detail/src/record/write-record-location.ts","source","tracked unchanged"
"packages/platform/entity/runtime/","packages/platform/entity/runtime/form-detail/src/reference-history-store.ts","source","tracked unchanged"
"packages/platform/entity/runtime/","packages/platform/entity/runtime/form-detail/src/reference-lookup.tsx","source","tracked unchanged"
"packages/platform/entity/runtime/","packages/platform/entity/runtime/form-detail/src/reference-select.tsx","source","tracked unchanged"
"packages/platform/entity/runtime/","packages/platform/entity/runtime/form-detail/src/registered-renderers/contact-address.tsx","source","tracked unchanged"
"packages/platform/entity/runtime/","packages/platform/entity/runtime/form-detail/src/registered-renderers/index.ts","source","tracked unchanged"
"packages/platform/entity/runtime/","packages/platform/entity/runtime/form-detail/src/related-record.tsx","source","tracked unchanged"
"packages/platform/entity/runtime/","packages/platform/entity/runtime/form-detail/src/rich-text-render.tsx","source","tracked unchanged"
"packages/platform/entity/runtime/","packages/platform/entity/runtime/form-detail/src/section-availability.ts","source","tracked unchanged"
"packages/platform/entity/runtime/","packages/platform/entity/runtime/form-detail/src/section-navigation.tsx","source","tracked unchanged"
"packages/platform/entity/runtime/","packages/platform/entity/runtime/form-detail/src/section-primitives.tsx","source","tracked unchanged"
"packages/platform/entity/runtime/","packages/platform/entity/runtime/form-detail/src/section-workspace.tsx","source","tracked unchanged"
"packages/platform/entity/runtime/","packages/platform/entity/runtime/form-detail/src/shared-section-request.ts","source","tracked unchanged"
"packages/platform/entity/runtime/","packages/platform/entity/runtime/form-detail/src/subsection-heading.tsx","source","tracked unchanged"
"packages/platform/entity/runtime/","packages/platform/entity/runtime/form-detail/src/upload-record-attachment.ts","source","tracked unchanged"
"packages/platform/entity/runtime/","packages/platform/entity/runtime/form-detail/src/use-attachment-browse.ts","source","tracked unchanged"
"packages/platform/entity/runtime/","packages/platform/entity/runtime/form-detail/src/use-attachment-status-polling.ts","source","tracked unchanged"
"packages/platform/entity/runtime/","packages/platform/entity/runtime/form-detail/src/use-section-resource.ts","source","tracked unchanged"
"packages/platform/entity/runtime/","packages/platform/entity/runtime/list-view/src/applied-filters.tsx","source","tracked unchanged"
"packages/platform/entity/runtime/","packages/platform/entity/runtime/list-view/src/bookmark-state.ts","source","tracked unchanged"
"packages/platform/entity/runtime/","packages/platform/entity/runtime/list-view/src/browser-storage.ts","source","tracked unchanged"
"packages/platform/entity/runtime/","packages/platform/entity/runtime/list-view/src/columns.ts","source","tracked unchanged"
"packages/platform/entity/runtime/","packages/platform/entity/runtime/list-view/src/data-operations.tsx","source","tracked unchanged"
"packages/platform/entity/runtime/","packages/platform/entity/runtime/list-view/src/directory-filters.tsx","source","tracked unchanged"
"packages/platform/entity/runtime/","packages/platform/entity/runtime/list-view/src/drawer-registry.tsx","source","tracked unchanged"
"packages/platform/entity/runtime/","packages/platform/entity/runtime/list-view/src/entity-location.ts","source","tracked unchanged"
"packages/platform/entity/runtime/","packages/platform/entity/runtime/list-view/src/field-catalogue.tsx","source","tracked unchanged"
"packages/platform/entity/runtime/","packages/platform/entity/runtime/list-view/src/filter-editor.tsx","source","tracked unchanged"
"packages/platform/entity/runtime/","packages/platform/entity/runtime/list-view/src/import-workspace.tsx","source","tracked unchanged"
"packages/platform/entity/runtime/","packages/platform/entity/runtime/list-view/src/index.tsx","source","tracked unchanged"
"packages/platform/entity/runtime/","packages/platform/entity/runtime/list-view/src/location.ts","source","tracked unchanged"
"packages/platform/entity/runtime/","packages/platform/entity/runtime/list-view/src/lookup-directory.ts","source","tracked unchanged"
"packages/platform/entity/runtime/","packages/platform/entity/runtime/list-view/src/navigation.tsx","source","tracked unchanged"
"packages/platform/entity/runtime/","packages/platform/entity/runtime/list-view/src/overview-favourites.tsx","source","tracked unchanged"
"packages/platform/entity/runtime/","packages/platform/entity/runtime/list-view/src/overview-messages.ts","source","tracked unchanged"
"packages/platform/entity/runtime/","packages/platform/entity/runtime/list-view/src/overview.tsx","source","tracked unchanged"
"packages/platform/entity/runtime/","packages/platform/entity/runtime/list-view/src/preferences.ts","source","tracked unchanged"
"packages/platform/entity/runtime/","packages/platform/entity/runtime/list-view/src/required-context-status.tsx","source","tracked unchanged"
"packages/platform/entity/runtime/","packages/platform/entity/runtime/list-view/src/retry-policy.ts","source","tracked unchanged"
"packages/platform/entity/runtime/","packages/platform/entity/runtime/list-view/src/scope-control.tsx","source","tracked unchanged"
"packages/platform/entity/runtime/","packages/platform/entity/runtime/list-view/src/state.ts","source","tracked unchanged"
"packages/platform/entity/runtime/","packages/platform/entity/runtime/list-view/src/sticky-table-header.ts","source","tracked unchanged"
"packages/platform/entity/runtime/","packages/platform/entity/runtime/list-view/src/sticky-table.tsx","source","tracked unchanged"
"packages/platform/entity/runtime/","packages/platform/entity/runtime/list-view/src/transfer-workspace.tsx","source","tracked unchanged"
"packages/platform/entity/runtime/","packages/platform/entity/runtime/list-view/src/view-policy.ts","source","tracked unchanged"
"packages/platform/entity/runtime/","packages/platform/entity/runtime/workflow-ui/src/index.ts","source","tracked unchanged"
"Shared layout / host composition","packages/platform/shell/shell/src/page-workspace.tsx","source","tracked unchanged"
"Shared layout / host composition","packages/platform/shell/shell/src/record-footer.tsx","source","M"
"Shared layout / host composition","packages/platform/shell/shell/src/record-information.tsx","source","??"
"Shared layout / host composition","packages/platform/shell/shell/src/workspace-side-panel.tsx","source","tracked unchanged"
"Shared layout / host composition","server/apps/platform-host/src/composition/dev-publication.test.ts","test","tracked unchanged"
"Shared layout / host composition","server/apps/platform-host/src/composition/dev-publication.ts","source","tracked unchanged"
"Shared layout / host composition","server/apps/platform-host/src/composition/entity-attachment-admission.ts","source","tracked unchanged"
"Shared layout / host composition","server/apps/platform-host/src/composition/entity-authorization-registration.ts","source","??"
"Shared layout / host composition","server/apps/platform-host/src/composition/entity-case-backend-mapping.ts","source","tracked unchanged"
"Shared layout / host composition","server/apps/platform-host/src/composition/entity-metadata-hooks.ts","source","??"
"Shared layout / host composition","server/apps/platform-host/src/composition/entity-release-review-deployment.ts","source","tracked unchanged"
"Shared layout / host composition","server/apps/platform-host/src/composition/entity-runtime-handler-registry.ts","source","??"
"Shared layout / host composition","server/apps/platform-host/src/composition/publication-plane.ts","source","tracked unchanged"
"Shared layout / host composition","server/apps/platform-host/src/composition/publication-provenance-recovery.test.ts","test","tracked unchanged"
"Shared layout / host composition","server/apps/platform-host/src/composition/publication-provenance-recovery.ts","source","tracked unchanged"
"Shared layout / host composition","server/apps/platform-host/src/composition/register-services.ts","source","M"
"server/apps/platform-host/src/composition/shared/entity-runtime/","server/apps/platform-host/src/composition/shared/entity-runtime/metadata-format-reader.ts","source","??"
"server/apps/platform-host/src/composition/shared/entity-runtime/","server/apps/platform-host/src/composition/shared/entity-runtime/metadata.ts","source","??"
"server/apps/platform-host/src/composition/shared/entity-runtime/","server/apps/platform-host/src/composition/shared/entity-runtime/parent-admission.ts","source","??"
"server/apps/platform-host/src/composition/shared/entity-runtime/","server/apps/platform-host/src/composition/shared/entity-runtime/permission-transitions.ts","source","??"
"server/apps/platform-host/src/composition/shared/entity-runtime/","server/apps/platform-host/src/composition/shared/entity-runtime/persisted-scopes.ts","source","??"
"server/apps/platform-host/src/composition/shared/entity-runtime/","server/apps/platform-host/src/composition/shared/entity-runtime/publication-qualification.ts","source","??"
"server/apps/platform-host/src/composition/shared/entity-runtime/","server/apps/platform-host/src/composition/shared/entity-runtime/published-parent-admission.ts","source","??"
"server/apps/platform-host/src/composition/shared/entity-runtime/","server/apps/platform-host/src/composition/shared/entity-runtime/published-record-header.ts","source","??"
"server/apps/platform-host/src/composition/shared/entity-runtime/","server/apps/platform-host/src/composition/shared/entity-runtime/read-registrations.ts","source","??"
"server/apps/platform-host/src/composition/shared/entity-runtime/","server/apps/platform-host/src/composition/shared/entity-runtime/read-runtime.ts","source","??"
"server/apps/platform-host/src/composition/shared/entity-runtime/","server/apps/platform-host/src/composition/shared/entity-runtime/revision-authorizer.ts","source","??"
"server/apps/platform-host/src/composition/shared/entity-runtime/","server/apps/platform-host/src/composition/shared/entity-runtime/route-admission.ts","source","??"
"server/apps/platform-host/src/composition/shared/entity-runtime/","server/apps/platform-host/src/composition/shared/entity-runtime/routes.ts","source","??"
"server/apps/platform-host/src/composition/shared/entity-runtime/","server/apps/platform-host/src/composition/shared/entity-runtime/scope-registry.ts","source","??"
"server/apps/platform-host/src/composition/shared/publication/","server/apps/platform-host/src/composition/shared/publication/capability-qualification.ts","source","??"
"server/apps/platform-host/src/composition/shared/publication/","server/apps/platform-host/src/composition/shared/publication/compilation-recovery-authority.ts","source","??"
"server/apps/platform-host/src/composition/shared/publication/","server/apps/platform-host/src/composition/shared/publication/compilation-recovery-execution.ts","source","??"
"server/apps/platform-host/src/composition/shared/publication/","server/apps/platform-host/src/composition/shared/publication/compilation-recovery-source.ts","source","??"
"server/apps/platform-host/src/composition/shared/publication/","server/apps/platform-host/src/composition/shared/publication/compiled-runtime.ts","source","??"
"server/apps/platform-host/src/composition/shared/publication/","server/apps/platform-host/src/composition/shared/publication/compiler-build.ts","source","??"
"server/apps/platform-host/src/composition/shared/publication/","server/apps/platform-host/src/composition/shared/publication/enrollment-contract.ts","source","??"
"server/apps/platform-host/src/composition/shared/publication/","server/apps/platform-host/src/composition/shared/publication/machine-policy.ts","source","??"
"server/apps/platform-host/src/composition/shared/publication/","server/apps/platform-host/src/composition/shared/publication/policy-enrollment-routes.ts","source","??"
"server/apps/platform-host/src/composition/shared/publication/","server/apps/platform-host/src/composition/shared/publication/policy-enrollment.ts","source","??"
"server/apps/platform-host/src/composition/shared/publication/","server/apps/platform-host/src/composition/shared/publication/successor-targets.ts","source","??"
"server/apps/platform-host/src/composition/shared/publication/","server/apps/platform-host/src/composition/shared/publication/target-qualification.ts","source","??"
"server/apps/platform-host/src/composition/shared/publication/","server/apps/platform-host/src/composition/shared/publication/workload-configuration.ts","source","??"
"server/apps/platform-host/src/composition/shared/publication/","server/apps/platform-host/src/composition/shared/publication/workload-routes.ts","source","??"
"server/apps/platform-host/src/composition/shared/publication/","server/apps/platform-host/src/composition/shared/publication/workload.ts","source","??"
"server/db/scripts/","server/db/scripts/operations/publication/compilation-recovery-source.test.ts","test","??"
"server/db/scripts/","server/db/scripts/operations/publication/import-dev-reference-product.ts","source","??"
"server/db/scripts/","server/db/scripts/operations/publication/inventory-dev-entity-product.ts","source","??"
"server/db/scripts/","server/db/scripts/operations/publication/operation-projection.test.ts","test","??"
"server/db/scripts/","server/db/scripts/operations/publication/prepare-compilation-recovery.ts","source","??"
"server/db/scripts/","server/db/scripts/operations/publication/prepare-dev-entity-successor.ts","source","??"
"server/db/scripts/","server/db/scripts/operations/publication/rehearse-publication-canary.ts","source","tracked unchanged"
"server/db/scripts/","server/db/scripts/operations/publication/successor-activation.test.ts","test","??"
"server/db/scripts/","server/db/scripts/operations/publication/successor-release.test.ts","test","??"
"server/db/scripts/","server/db/scripts/operations/publication/successor-source.test.ts","test","??"
"server/db/scripts/","server/db/scripts/operations/publication/system-entity-commands.test.ts","test","??"
"server/db/scripts/","server/db/scripts/provisioning/prepare-reference-runtime.ts","source","??"
"server/packages/contracts/collaboration/","server/packages/contracts/collaboration/src/collaboration.ts","source","tracked unchanged"
"server/packages/contracts/collaboration/","server/packages/contracts/collaboration/src/index.ts","source","tracked unchanged"
"server/packages/contracts/collaboration/","server/packages/contracts/collaboration/src/ports.ts","source","tracked unchanged"
"server/packages/contracts/collaboration/","server/packages/contracts/collaboration/vitest.config.ts","source","tracked unchanged"
"server/packages/contracts/meta-entity-authoring/","server/packages/contracts/meta-entity-authoring/src/index.ts","source","tracked unchanged"
"server/packages/contracts/meta-entity-authoring/","server/packages/contracts/meta-entity-authoring/src/model.ts","source","M"
"server/packages/contracts/meta-entity-authoring/","server/packages/contracts/meta-entity-authoring/src/ports.ts","source","M"
"server/packages/contracts/meta-entity-authoring/","server/packages/contracts/meta-entity-authoring/vitest.config.ts","source","tracked unchanged"
"server/packages/contracts/metadata/","server/packages/contracts/metadata/src/__tests__/api.test.ts","test","tracked unchanged"
"server/packages/contracts/metadata/","server/packages/contracts/metadata/src/__tests__/atlas-learning.test.ts","test","tracked unchanged"
"server/packages/contracts/metadata/","server/packages/contracts/metadata/src/__tests__/entity-ai.test.ts","test","tracked unchanged"
"server/packages/contracts/metadata/","server/packages/contracts/metadata/src/__tests__/entity-authorization.test.ts","test","tracked unchanged"
"server/packages/contracts/metadata/","server/packages/contracts/metadata/src/__tests__/entity-canonical-read-admission.test.ts","test","tracked unchanged"
"server/packages/contracts/metadata/","server/packages/contracts/metadata/src/atlas-learning.ts","source","tracked unchanged"
"server/packages/contracts/metadata/","server/packages/contracts/metadata/src/collection-compilation.ts","source","??"
"server/packages/contracts/metadata/","server/packages/contracts/metadata/src/collection-relationship.ts","source","tracked unchanged"
"server/packages/contracts/metadata/","server/packages/contracts/metadata/src/common-reference-permission.ts","source","??"
"server/packages/contracts/metadata/","server/packages/contracts/metadata/src/descriptors.ts","source","M"
"server/packages/contracts/metadata/","server/packages/contracts/metadata/src/directory-scope.ts","source","tracked unchanged"
"server/packages/contracts/metadata/","server/packages/contracts/metadata/src/entity-ai.ts","source","tracked unchanged"
"server/packages/contracts/metadata/","server/packages/contracts/metadata/src/entity-authorization-registry.ts","source","tracked unchanged"
"server/packages/contracts/metadata/","server/packages/contracts/metadata/src/entity-authorization-runtime.ts","source","tracked unchanged"
"server/packages/contracts/metadata/","server/packages/contracts/metadata/src/entity-authorization.ts","source","tracked unchanged"
"server/packages/contracts/metadata/","server/packages/contracts/metadata/src/entity-canonical-read-admission.ts","source","tracked unchanged"
"server/packages/contracts/metadata/","server/packages/contracts/metadata/src/index.ts","source","M"
"server/packages/contracts/metadata/","server/packages/contracts/metadata/src/ports.ts","source","tracked unchanged"
"server/packages/contracts/metadata/","server/packages/contracts/metadata/vitest.config.ts","source","tracked unchanged"
"server/packages/contracts/publication/","server/packages/contracts/publication/src/__tests__/api.test.ts","test","tracked unchanged"
"server/packages/contracts/publication/","server/packages/contracts/publication/src/__tests__/capability-authoring-mode.test.ts","test","??"
"server/packages/contracts/publication/","server/packages/contracts/publication/src/__tests__/capability-profile.test.ts","test","??"
"server/packages/contracts/publication/","server/packages/contracts/publication/src/__tests__/common-capability-permissions.test.ts","test","??"
"server/packages/contracts/publication/","server/packages/contracts/publication/src/__tests__/compiled-entity-artifact.test.ts","test","tracked unchanged"
"server/packages/contracts/publication/","server/packages/contracts/publication/src/__tests__/dev-publication-contracts.test.ts","test","??"
"server/packages/contracts/publication/","server/packages/contracts/publication/src/__tests__/entity-capabilities.test.ts","test","M"
"server/packages/contracts/publication/","server/packages/contracts/publication/src/__tests__/entity-successor-policy.test.ts","test","??"
"server/packages/contracts/publication/","server/packages/contracts/publication/src/__tests__/fixtures.test.ts","test","tracked unchanged"
"server/packages/contracts/publication/","server/packages/contracts/publication/src/__tests__/notification-policy.test.ts","test","tracked unchanged"
"server/packages/contracts/publication/","server/packages/contracts/publication/src/artifact.ts","source","M"
"server/packages/contracts/publication/","server/packages/contracts/publication/src/authority.ts","source","tracked unchanged"
"server/packages/contracts/publication/","server/packages/contracts/publication/src/capability-authoring-mode.ts","source","??"
"server/packages/contracts/publication/","server/packages/contracts/publication/src/capability-profile-binding.ts","source","??"
"server/packages/contracts/publication/","server/packages/contracts/publication/src/capability-profile.ts","source","??"
"server/packages/contracts/publication/","server/packages/contracts/publication/src/collection-configuration.ts","source","tracked unchanged"
"server/packages/contracts/publication/","server/packages/contracts/publication/src/common-capability-permissions.ts","source","??"
"server/packages/contracts/publication/","server/packages/contracts/publication/src/compiled-publication-scope.ts","source","tracked unchanged"
"server/packages/contracts/publication/","server/packages/contracts/publication/src/deployment.ts","source","tracked unchanged"
"server/packages/contracts/publication/","server/packages/contracts/publication/src/entity-capabilities.ts","source","M"
"server/packages/contracts/publication/","server/packages/contracts/publication/src/errors.ts","source","M"
"server/packages/contracts/publication/","server/packages/contracts/publication/src/evidence/dev-publication-decision.ts","source","??"
"server/packages/contracts/publication/","server/packages/contracts/publication/src/index.ts","source","M"
"server/packages/contracts/publication/","server/packages/contracts/publication/src/notification-policy.ts","source","tracked unchanged"
"server/packages/contracts/publication/","server/packages/contracts/publication/src/operations.ts","source","tracked unchanged"
"server/packages/contracts/publication/","server/packages/contracts/publication/src/orchestration.ts","source","tracked unchanged"
"server/packages/contracts/publication/","server/packages/contracts/publication/src/policy/compilation-recovery-policy.ts","source","??"
"server/packages/contracts/publication/","server/packages/contracts/publication/src/policy/dev-publication-policy.ts","source","??"
"server/packages/contracts/publication/","server/packages/contracts/publication/src/policy/entity-successor-policy.ts","source","??"
"server/packages/contracts/publication/","server/packages/contracts/publication/src/projection.ts","source","tracked unchanged"
"server/packages/contracts/publication/","server/packages/contracts/publication/src/signing.ts","source","tracked unchanged"
"server/packages/contracts/publication/","server/packages/contracts/publication/vitest.config.ts","source","tracked unchanged"
"server/packages/planes/studio/meta-entity-authoring/","server/packages/planes/studio/meta-entity-authoring/src/__tests__/amend-successor-collaboration.test.ts","test","??"
"server/packages/planes/studio/meta-entity-authoring/","server/packages/planes/studio/meta-entity-authoring/src/__tests__/authorization-successor.test.ts","test","tracked unchanged"
"server/packages/planes/studio/meta-entity-authoring/","server/packages/planes/studio/meta-entity-authoring/src/__tests__/baseline-publication.test.ts","test","tracked unchanged"
"server/packages/planes/studio/meta-entity-authoring/","server/packages/planes/studio/meta-entity-authoring/src/__tests__/canonical-v2-successor.test.ts","test","tracked unchanged"
"server/packages/planes/studio/meta-entity-authoring/","server/packages/planes/studio/meta-entity-authoring/src/__tests__/capability-profile-files.test.ts","test","??"
"server/packages/planes/studio/meta-entity-authoring/","server/packages/planes/studio/meta-entity-authoring/src/__tests__/collection-authoring-routes.test.ts","test","tracked unchanged"
"server/packages/planes/studio/meta-entity-authoring/","server/packages/planes/studio/meta-entity-authoring/src/__tests__/collection-configuration.test.ts","test","tracked unchanged"
"server/packages/planes/studio/meta-entity-authoring/","server/packages/planes/studio/meta-entity-authoring/src/__tests__/collection-publication.test.ts","test","tracked unchanged"
"server/packages/planes/studio/meta-entity-authoring/","server/packages/planes/studio/meta-entity-authoring/src/__tests__/collection-relationship.test.ts","test","M"
"server/packages/planes/studio/meta-entity-authoring/","server/packages/planes/studio/meta-entity-authoring/src/__tests__/configuration-editor-qualification.test.ts","test","tracked unchanged"
"server/packages/planes/studio/meta-entity-authoring/","server/packages/planes/studio/meta-entity-authoring/src/__tests__/deterministic.test.ts","test","M"
"server/packages/planes/studio/meta-entity-authoring/","server/packages/planes/studio/meta-entity-authoring/src/__tests__/development-publication-source.test.ts","test","M"
"server/packages/planes/studio/meta-entity-authoring/","server/packages/planes/studio/meta-entity-authoring/src/__tests__/development-publication.test.ts","test","tracked unchanged"
"server/packages/planes/studio/meta-entity-authoring/","server/packages/planes/studio/meta-entity-authoring/src/__tests__/document-collection-publication.test.ts","test","??"
"server/packages/planes/studio/meta-entity-authoring/","server/packages/planes/studio/meta-entity-authoring/src/__tests__/durable-graph-preview.test.ts","test","tracked unchanged"
"server/packages/planes/studio/meta-entity-authoring/","server/packages/planes/studio/meta-entity-authoring/src/__tests__/durable-preview-adapter.test.ts","test","tracked unchanged"
"server/packages/planes/studio/meta-entity-authoring/","server/packages/planes/studio/meta-entity-authoring/src/__tests__/entity-ai.test.ts","test","tracked unchanged"
"server/packages/planes/studio/meta-entity-authoring/","server/packages/planes/studio/meta-entity-authoring/src/__tests__/entity-authorization.test.ts","test","tracked unchanged"
"server/packages/planes/studio/meta-entity-authoring/","server/packages/planes/studio/meta-entity-authoring/src/__tests__/entity-registration.test.ts","test","tracked unchanged"
"server/packages/planes/studio/meta-entity-authoring/","server/packages/planes/studio/meta-entity-authoring/src/__tests__/execution-binding-storage.test.ts","test","??"
"server/packages/planes/studio/meta-entity-authoring/","server/packages/planes/studio/meta-entity-authoring/src/__tests__/graph-builder.test.ts","test","??"
"server/packages/planes/studio/meta-entity-authoring/","server/packages/planes/studio/meta-entity-authoring/src/__tests__/graph-editor-routes.test.ts","test","tracked unchanged"
"server/packages/planes/studio/meta-entity-authoring/","server/packages/planes/studio/meta-entity-authoring/src/__tests__/graph-preview-hook.test.ts","test","tracked unchanged"
"server/packages/planes/studio/meta-entity-authoring/","server/packages/planes/studio/meta-entity-authoring/src/__tests__/graph-preview.test.ts","test","tracked unchanged"
"server/packages/planes/studio/meta-entity-authoring/","server/packages/planes/studio/meta-entity-authoring/src/__tests__/independent-review.test.ts","test","tracked unchanged"
"server/packages/planes/studio/meta-entity-authoring/","server/packages/planes/studio/meta-entity-authoring/src/__tests__/intake-presentation.test.ts","test","??"
"server/packages/planes/studio/meta-entity-authoring/","server/packages/planes/studio/meta-entity-authoring/src/__tests__/learning-inbox.test.ts","test","tracked unchanged"
"server/packages/planes/studio/meta-entity-authoring/","server/packages/planes/studio/meta-entity-authoring/src/__tests__/learning-route-scope.test.ts","test","tracked unchanged"
"server/packages/planes/studio/meta-entity-authoring/","server/packages/planes/studio/meta-entity-authoring/src/__tests__/list-experience.test.ts","test","tracked unchanged"
"server/packages/planes/studio/meta-entity-authoring/","server/packages/planes/studio/meta-entity-authoring/src/__tests__/notification-authoring-routes.test.ts","test","tracked unchanged"
"server/packages/planes/studio/meta-entity-authoring/","server/packages/planes/studio/meta-entity-authoring/src/__tests__/notification-inspection-routes.test.ts","test","tracked unchanged"
"server/packages/planes/studio/meta-entity-authoring/","server/packages/planes/studio/meta-entity-authoring/src/__tests__/notification-publication.test.ts","test","tracked unchanged"
"server/packages/planes/studio/meta-entity-authoring/","server/packages/planes/studio/meta-entity-authoring/src/__tests__/prepare-release.test.ts","test","??"
"server/packages/planes/studio/meta-entity-authoring/","server/packages/planes/studio/meta-entity-authoring/src/__tests__/prepare-successor.test.ts","test","??"
"server/packages/planes/studio/meta-entity-authoring/","server/packages/planes/studio/meta-entity-authoring/src/__tests__/product.test.ts","test","??"
"server/packages/planes/studio/meta-entity-authoring/","server/packages/planes/studio/meta-entity-authoring/src/__tests__/publication-adapter.test.ts","test","tracked unchanged"
"server/packages/planes/studio/meta-entity-authoring/","server/packages/planes/studio/meta-entity-authoring/src/__tests__/publication-workflow.test.ts","test","??"
"server/packages/planes/studio/meta-entity-authoring/","server/packages/planes/studio/meta-entity-authoring/src/__tests__/release-inspection-repository.test.ts","test","tracked unchanged"
"server/packages/planes/studio/meta-entity-authoring/","server/packages/planes/studio/meta-entity-authoring/src/__tests__/release-inspection-routes.test.ts","test","tracked unchanged"
"server/packages/planes/studio/meta-entity-authoring/","server/packages/planes/studio/meta-entity-authoring/src/__tests__/restoration-publication-conflict.test.ts","test","tracked unchanged"
"server/packages/planes/studio/meta-entity-authoring/","server/packages/planes/studio/meta-entity-authoring/src/__tests__/reviewer-read-routes.test.ts","test","tracked unchanged"
"server/packages/planes/studio/meta-entity-authoring/","server/packages/planes/studio/meta-entity-authoring/src/__tests__/runtime-restoration.test.ts","test","tracked unchanged"
"server/packages/planes/studio/meta-entity-authoring/","server/packages/planes/studio/meta-entity-authoring/src/__tests__/structural-editor-qualification.test.ts","test","tracked unchanged"
"server/packages/planes/studio/meta-entity-authoring/","server/packages/planes/studio/meta-entity-authoring/src/__tests__/successor-source.test.ts","test","??"
"server/packages/planes/studio/meta-entity-authoring/","server/packages/planes/studio/meta-entity-authoring/src/__tests__/system-reference-authoring.test.ts","test","??"
"server/packages/planes/studio/meta-entity-authoring/","server/packages/planes/studio/meta-entity-authoring/src/__tests__/target-compiler.test.ts","test","??"
"server/packages/planes/studio/meta-entity-authoring/","server/packages/planes/studio/meta-entity-authoring/src/authoring-service.ts","source","M"
"server/packages/planes/studio/meta-entity-authoring/","server/packages/planes/studio/meta-entity-authoring/src/authoring/adopt-capability-profiles.ts","source","??"
"server/packages/planes/studio/meta-entity-authoring/","server/packages/planes/studio/meta-entity-authoring/src/authoring/capability-profile-files.ts","source","??"
"server/packages/planes/studio/meta-entity-authoring/","server/packages/planes/studio/meta-entity-authoring/src/authoring/graph-builder.ts","source","??"
"server/packages/planes/studio/meta-entity-authoring/","server/packages/planes/studio/meta-entity-authoring/src/authoring/product.ts","source","??"
"server/packages/planes/studio/meta-entity-authoring/","server/packages/planes/studio/meta-entity-authoring/src/authorization-successor-publication.ts","source","tracked unchanged"
"server/packages/planes/studio/meta-entity-authoring/","server/packages/planes/studio/meta-entity-authoring/src/authorization-successor.ts","source","tracked unchanged"
"server/packages/planes/studio/meta-entity-authoring/","server/packages/planes/studio/meta-entity-authoring/src/baseline-publication.ts","source","tracked unchanged"
"server/packages/planes/studio/meta-entity-authoring/","server/packages/planes/studio/meta-entity-authoring/src/collection-authoring-routes.ts","source","tracked unchanged"
"server/packages/planes/studio/meta-entity-authoring/","server/packages/planes/studio/meta-entity-authoring/src/collection-publication.ts","source","tracked unchanged"
"server/packages/planes/studio/meta-entity-authoring/","server/packages/planes/studio/meta-entity-authoring/src/collection-relationship.ts","source","M"
"server/packages/planes/studio/meta-entity-authoring/","server/packages/planes/studio/meta-entity-authoring/src/compilation/target-compiler.ts","source","??"
"server/packages/planes/studio/meta-entity-authoring/","server/packages/planes/studio/meta-entity-authoring/src/deterministic.ts","source","M"
"server/packages/planes/studio/meta-entity-authoring/","server/packages/planes/studio/meta-entity-authoring/src/development-publication.ts","source","tracked unchanged"
"server/packages/planes/studio/meta-entity-authoring/","server/packages/planes/studio/meta-entity-authoring/src/document-collection-publication.ts","source","M"
"server/packages/planes/studio/meta-entity-authoring/","server/packages/planes/studio/meta-entity-authoring/src/durable-graph-preview-adapter.ts","source","tracked unchanged"
"server/packages/planes/studio/meta-entity-authoring/","server/packages/planes/studio/meta-entity-authoring/src/durable-graph-preview.ts","source","tracked unchanged"
"server/packages/planes/studio/meta-entity-authoring/","server/packages/planes/studio/meta-entity-authoring/src/entity-ai.ts","source","tracked unchanged"
"server/packages/planes/studio/meta-entity-authoring/","server/packages/planes/studio/meta-entity-authoring/src/entity-authorization.ts","source","tracked unchanged"
"server/packages/planes/studio/meta-entity-authoring/","server/packages/planes/studio/meta-entity-authoring/src/entity-registration.ts","source","tracked unchanged"
"server/packages/planes/studio/meta-entity-authoring/","server/packages/planes/studio/meta-entity-authoring/src/graph-dependencies.ts","source","M"
"server/packages/planes/studio/meta-entity-authoring/","server/packages/planes/studio/meta-entity-authoring/src/graph-identity.ts","source","tracked unchanged"
"server/packages/planes/studio/meta-entity-authoring/","server/packages/planes/studio/meta-entity-authoring/src/graph-preview.ts","source","tracked unchanged"
"server/packages/planes/studio/meta-entity-authoring/","server/packages/planes/studio/meta-entity-authoring/src/graph-storage-order.ts","source","tracked unchanged"
"server/packages/planes/studio/meta-entity-authoring/","server/packages/planes/studio/meta-entity-authoring/src/index.ts","source","M"
"server/packages/planes/studio/meta-entity-authoring/","server/packages/planes/studio/meta-entity-authoring/src/intake-presentation.ts","source","??"
"server/packages/planes/studio/meta-entity-authoring/","server/packages/planes/studio/meta-entity-authoring/src/kysely-authoring-repository.ts","source","M"
"server/packages/planes/studio/meta-entity-authoring/","server/packages/planes/studio/meta-entity-authoring/src/learning-inbox.ts","source","tracked unchanged"
"server/packages/planes/studio/meta-entity-authoring/","server/packages/planes/studio/meta-entity-authoring/src/learning-publication.ts","source","tracked unchanged"
"server/packages/planes/studio/meta-entity-authoring/","server/packages/planes/studio/meta-entity-authoring/src/learning-routes.ts","source","tracked unchanged"
"server/packages/planes/studio/meta-entity-authoring/","server/packages/planes/studio/meta-entity-authoring/src/list-experience.ts","source","tracked unchanged"
"server/packages/planes/studio/meta-entity-authoring/","server/packages/planes/studio/meta-entity-authoring/src/notification-authoring-routes.ts","source","tracked unchanged"
"server/packages/planes/studio/meta-entity-authoring/","server/packages/planes/studio/meta-entity-authoring/src/notification-publication.ts","source","tracked unchanged"
"server/packages/planes/studio/meta-entity-authoring/","server/packages/planes/studio/meta-entity-authoring/src/publication-adapter.ts","source","tracked unchanged"
"server/packages/planes/studio/meta-entity-authoring/","server/packages/planes/studio/meta-entity-authoring/src/publication/amend-successor-collaboration.ts","source","??"
"server/packages/planes/studio/meta-entity-authoring/","server/packages/planes/studio/meta-entity-authoring/src/publication/prepare-release.ts","source","??"
"server/packages/planes/studio/meta-entity-authoring/","server/packages/planes/studio/meta-entity-authoring/src/publication/prepare-successor.ts","source","??"
"server/packages/planes/studio/meta-entity-authoring/","server/packages/planes/studio/meta-entity-authoring/src/publication/publication-workflow.ts","source","??"
"server/packages/planes/studio/meta-entity-authoring/","server/packages/planes/studio/meta-entity-authoring/src/publication/successor-source.ts","source","??"
"server/packages/planes/studio/meta-entity-authoring/","server/packages/planes/studio/meta-entity-authoring/src/routes.ts","source","tracked unchanged"
"server/packages/planes/studio/meta-entity-authoring/","server/packages/planes/studio/meta-entity-authoring/src/runtime-restoration-publication.ts","source","tracked unchanged"
"server/packages/planes/studio/meta-entity-authoring/","server/packages/planes/studio/meta-entity-authoring/src/runtime-restoration.ts","source","tracked unchanged"
"server/packages/planes/studio/meta-entity-authoring/","server/packages/planes/studio/meta-entity-authoring/src/system-reference-authoring.ts","source","??"
"server/packages/planes/studio/meta-entity-authoring/","server/packages/planes/studio/meta-entity-authoring/vitest.config.ts","source","tracked unchanged"
"server/packages/platform/collaboration/","server/packages/platform/collaboration/src/__tests__/attachment-file-rich-text.test.ts","test","tracked unchanged"
"server/packages/platform/collaboration/","server/packages/platform/collaboration/src/__tests__/collaboration-repository.test.ts","test","tracked unchanged"
"server/packages/platform/collaboration/","server/packages/platform/collaboration/src/__tests__/collaboration-routes.test.ts","test","tracked unchanged"
"server/packages/platform/collaboration/","server/packages/platform/collaboration/src/__tests__/collaboration-service.test.ts","test","tracked unchanged"
"server/packages/platform/collaboration/","server/packages/platform/collaboration/src/__tests__/entity-coordinate.test.ts","test","tracked unchanged"
"server/packages/platform/collaboration/","server/packages/platform/collaboration/src/__tests__/history-admission.test.ts","test","tracked unchanged"
"server/packages/platform/collaboration/","server/packages/platform/collaboration/src/collaboration-routes.ts","source","tracked unchanged"
"server/packages/platform/collaboration/","server/packages/platform/collaboration/src/collaboration-service.ts","source","tracked unchanged"
"server/packages/platform/collaboration/","server/packages/platform/collaboration/src/draft-maintenance.ts","source","tracked unchanged"
"server/packages/platform/collaboration/","server/packages/platform/collaboration/src/entity-coordinate.ts","source","tracked unchanged"
"server/packages/platform/collaboration/","server/packages/platform/collaboration/src/errors.ts","source","tracked unchanged"
"server/packages/platform/collaboration/","server/packages/platform/collaboration/src/in-memory-collaboration-repository.ts","source","tracked unchanged"
"server/packages/platform/collaboration/","server/packages/platform/collaboration/src/index.ts","source","tracked unchanged"
"server/packages/platform/collaboration/","server/packages/platform/collaboration/src/kysely-collaboration-repository.ts","source","tracked unchanged"
"server/packages/platform/collaboration/","server/packages/platform/collaboration/src/rich-text.ts","source","tracked unchanged"
"server/packages/platform/collaboration/","server/packages/platform/collaboration/vitest.config.ts","source","tracked unchanged"
"server/packages/platform/experience/","server/packages/platform/experience/src/contracts.ts","source","M"
"server/packages/platform/experience/","server/packages/platform/experience/src/effective-collaboration-controls.test.ts","test","??"
"server/packages/platform/experience/","server/packages/platform/experience/src/effective-collaboration-controls.ts","source","??"
"server/packages/platform/experience/","server/packages/platform/experience/src/entity-capability-policy.test.ts","test","tracked unchanged"
"server/packages/platform/experience/","server/packages/platform/experience/src/entity-capability-policy.ts","source","M"
"server/packages/platform/experience/","server/packages/platform/experience/src/entity-collaboration-service.test.ts","test","??"
"server/packages/platform/experience/","server/packages/platform/experience/src/entity-collaboration-service.ts","source","??"
"server/packages/platform/experience/","server/packages/platform/experience/src/entity-intake-operation-routes.test.ts","test","tracked unchanged"
"server/packages/platform/experience/","server/packages/platform/experience/src/entity-intake-operation-routes.ts","source","tracked unchanged"
"server/packages/platform/experience/","server/packages/platform/experience/src/entity-operation-admission.test.ts","test","tracked unchanged"
"server/packages/platform/experience/","server/packages/platform/experience/src/entity-operation-dispatcher.test.ts","test","tracked unchanged"
"server/packages/platform/experience/","server/packages/platform/experience/src/entity-operation-dispatcher.ts","source","tracked unchanged"
"server/packages/platform/experience/","server/packages/platform/experience/src/entity-page-planner.test.ts","test","tracked unchanged"
"server/packages/platform/experience/","server/packages/platform/experience/src/entity-page-planner.ts","source","tracked unchanged"
"server/packages/platform/experience/","server/packages/platform/experience/src/entity-route-admission.test.ts","test","??"
"server/packages/platform/experience/","server/packages/platform/experience/src/entity-route-admission.ts","source","??"
"server/packages/platform/experience/","server/packages/platform/experience/src/entity-runtime-collection.ts","source","??"
"server/packages/platform/experience/","server/packages/platform/experience/src/entity-runtime-contracts.ts","source","tracked unchanged"
"server/packages/platform/experience/","server/packages/platform/experience/src/entity-runtime-pagination.test.ts","test","tracked unchanged"
"server/packages/platform/experience/","server/packages/platform/experience/src/entity-runtime-routes.ts","source","M"
"server/packages/platform/experience/","server/packages/platform/experience/src/entity-section-service.test.ts","test","M"
"server/packages/platform/experience/","server/packages/platform/experience/src/entity-section-service.ts","source","M"
"server/packages/platform/experience/","server/packages/platform/experience/src/index.ts","source","M"
"server/packages/platform/experience/","server/packages/platform/experience/src/neon-action-policy-registry.ts","source","tracked unchanged"
"server/packages/platform/experience/","server/packages/platform/experience/src/ports.ts","source","tracked unchanged"
"server/packages/platform/experience/","server/packages/platform/experience/src/published-summary-service.test.ts","test","??"
"server/packages/platform/experience/","server/packages/platform/experience/src/published-summary-service.ts","source","??"
"server/packages/platform/experience/","server/packages/platform/experience/src/record-participants.test.ts","test","tracked unchanged"
"server/packages/platform/experience/","server/packages/platform/experience/src/record-participants.ts","source","tracked unchanged"
"server/packages/platform/experience/","server/packages/platform/experience/src/routes.test.ts","test","tracked unchanged"
"server/packages/platform/experience/","server/packages/platform/experience/src/routes.ts","source","tracked unchanged"
"server/packages/platform/experience/","server/packages/platform/experience/src/service.test.ts","test","M"
"server/packages/platform/experience/","server/packages/platform/experience/src/service.ts","source","M"
"server/packages/platform/experience/","server/packages/platform/experience/vitest.config.ts","source","tracked unchanged"
"server/packages/platform/metadata/","server/packages/platform/metadata/src/__tests__/authorized-browser-projection.test.ts","test","tracked unchanged"
"server/packages/platform/metadata/","server/packages/platform/metadata/src/__tests__/capability-profile-reader.test.ts","test","??"
"server/packages/platform/metadata/","server/packages/platform/metadata/src/__tests__/collection-relationship.test.ts","test","tracked unchanged"
"server/packages/platform/metadata/","server/packages/platform/metadata/src/__tests__/compiled-entity-flow-reader.test.ts","test","tracked unchanged"
"server/packages/platform/metadata/","server/packages/platform/metadata/src/__tests__/compiled-entity-reader.test.ts","test","tracked unchanged"
"server/packages/platform/metadata/","server/packages/platform/metadata/src/__tests__/compiled-runtime-contract.test.ts","test","tracked unchanged"
"server/packages/platform/metadata/","server/packages/platform/metadata/src/__tests__/compiled-source-tenant.test.ts","test","M"
"server/packages/platform/metadata/","server/packages/platform/metadata/src/__tests__/dev-publication-resolution.test.ts","test","??"
"server/packages/platform/metadata/","server/packages/platform/metadata/src/__tests__/directory-scope.test.ts","test","tracked unchanged"
"server/packages/platform/metadata/","server/packages/platform/metadata/src/__tests__/entity-ai.test.ts","test","tracked unchanged"
"server/packages/platform/metadata/","server/packages/platform/metadata/src/__tests__/entity-authorization.test.ts","test","tracked unchanged"
"server/packages/platform/metadata/","server/packages/platform/metadata/src/__tests__/intake-projection.test.ts","test","tracked unchanged"
"server/packages/platform/metadata/","server/packages/platform/metadata/src/__tests__/intake-surface-projection.test.ts","test","tracked unchanged"
"server/packages/platform/metadata/","server/packages/platform/metadata/src/__tests__/invalidation.test.ts","test","tracked unchanged"
"server/packages/platform/metadata/","server/packages/platform/metadata/src/__tests__/metadata-service.test.ts","test","tracked unchanged"
"server/packages/platform/metadata/","server/packages/platform/metadata/src/__tests__/native-list-application.test.ts","test","tracked unchanged"
"server/packages/platform/metadata/","server/packages/platform/metadata/src/artifact-resolution.ts","source","tracked unchanged"
"server/packages/platform/metadata/","server/packages/platform/metadata/src/authorized-browser-projection.ts","source","tracked unchanged"
"server/packages/platform/metadata/","server/packages/platform/metadata/src/compiled-entity-flow-reader.ts","source","tracked unchanged"
"server/packages/platform/metadata/","server/packages/platform/metadata/src/compiled-entity-reader.ts","source","M"
"server/packages/platform/metadata/","server/packages/platform/metadata/src/compiled-runtime-contract.ts","source","tracked unchanged"
"server/packages/platform/metadata/","server/packages/platform/metadata/src/descriptor-parser.ts","source","M"
"server/packages/platform/metadata/","server/packages/platform/metadata/src/distributed-descriptor-cache.test.ts","test","tracked unchanged"
"server/packages/platform/metadata/","server/packages/platform/metadata/src/distributed-descriptor-cache.ts","source","tracked unchanged"
"server/packages/platform/metadata/","server/packages/platform/metadata/src/index.ts","source","tracked unchanged"
"server/packages/platform/metadata/","server/packages/platform/metadata/src/intake-projection.ts","source","tracked unchanged"
"server/packages/platform/metadata/","server/packages/platform/metadata/src/intake-surface-projection.ts","source","tracked unchanged"
"server/packages/platform/metadata/","server/packages/platform/metadata/src/invalidation.ts","source","tracked unchanged"
"server/packages/platform/metadata/","server/packages/platform/metadata/src/metadata-service.ts","source","tracked unchanged"
"server/packages/platform/metadata/","server/packages/platform/metadata/src/native-runtime-projection.ts","source","M"
"server/packages/platform/metadata/","server/packages/platform/metadata/src/runtime-descriptor-repository.ts","source","M"
"server/packages/platform/metadata/","server/packages/platform/metadata/vitest.config.ts","source","tracked unchanged"
"server/packages/services/attachments/","server/packages/services/attachments/src/attachment-discovery-routes.ts","source","M"
"server/packages/services/attachments/","server/packages/services/attachments/src/attachment-discovery.test.ts","test","M"
"server/packages/services/attachments/","server/packages/services/attachments/src/attachment-lifecycle.test.ts","test","tracked unchanged"
"server/packages/services/attachments/","server/packages/services/attachments/src/attachment-lifecycle.ts","source","tracked unchanged"
"server/packages/services/attachments/","server/packages/services/attachments/src/attachment-routes.test.ts","test","tracked unchanged"
"server/packages/services/attachments/","server/packages/services/attachments/src/attachment-routes.ts","source","tracked unchanged"
"server/packages/services/attachments/","server/packages/services/attachments/src/attachment-security.test.ts","test","tracked unchanged"
"server/packages/services/attachments/","server/packages/services/attachments/src/folder-scope.test.ts","test","tracked unchanged"
"server/packages/services/attachments/","server/packages/services/attachments/src/index.ts","source","tracked unchanged"
"server/packages/services/attachments/","server/packages/services/attachments/src/kysely-attachment-quota-ledger.ts","source","tracked unchanged"
"server/packages/services/attachments/","server/packages/services/attachments/src/kysely-attachment-repository.ts","source","tracked unchanged"
"server/packages/services/attachments/","server/packages/services/attachments/src/quota-concurrency.test.ts","test","tracked unchanged"
"server/packages/services/attachments/","server/packages/services/attachments/src/quota-recovery.test.ts","test","tracked unchanged"
"server/packages/services/attachments/","server/packages/services/attachments/src/quota-recovery.ts","source","tracked unchanged"
"server/packages/services/attachments/","server/packages/services/attachments/src/quota.ts","source","tracked unchanged"
"server/packages/services/attachments/","server/packages/services/attachments/src/retrieval-admission.test.ts","test","tracked unchanged"
"server/packages/services/attachments/","server/packages/services/attachments/src/retrieval-admission.ts","source","tracked unchanged"
"server/packages/services/attachments/","server/packages/services/attachments/vitest.config.ts","source","tracked unchanged"
"server/packages/services/publication/","server/packages/services/publication/src/__tests__/authenticated-entity-release-review.test.ts","test","tracked unchanged"
"server/packages/services/publication/","server/packages/services/publication/src/__tests__/authority-api.test.ts","test","tracked unchanged"
"server/packages/services/publication/","server/packages/services/publication/src/__tests__/authorization-activation-hold.test.ts","test","M"
"server/packages/services/publication/","server/packages/services/publication/src/__tests__/baseline-artifact.test.ts","test","tracked unchanged"
"server/packages/services/publication/","server/packages/services/publication/src/__tests__/bp2-source-admission.test.ts","test","tracked unchanged"
"server/packages/services/publication/","server/packages/services/publication/src/__tests__/canonical-read-catalog.test.ts","test","tracked unchanged"
"server/packages/services/publication/","server/packages/services/publication/src/__tests__/capability-profile-compilation.test.ts","test","??"
"server/packages/services/publication/","server/packages/services/publication/src/__tests__/characterization/publication-characterization.test.ts","test","tracked unchanged"
"server/packages/services/publication/","server/packages/services/publication/src/__tests__/characterization/temporary-interfaces.ts","test","tracked unchanged"
"server/packages/services/publication/","server/packages/services/publication/src/__tests__/collection-artifact.test.ts","test","tracked unchanged"
"server/packages/services/publication/","server/packages/services/publication/src/__tests__/compiled-entity-artifact-compiler.test.ts","test","tracked unchanged"
"server/packages/services/publication/","server/packages/services/publication/src/__tests__/compiled-entity-collection-compiler.test.ts","test","M"
"server/packages/services/publication/","server/packages/services/publication/src/__tests__/compiled-publication-scope.test.ts","test","tracked unchanged"
"server/packages/services/publication/","server/packages/services/publication/src/__tests__/compiled-runtime-publication.test.ts","test","M"
"server/packages/services/publication/","server/packages/services/publication/src/__tests__/compiled-runtime-worker.test.ts","test","??"
"server/packages/services/publication/","server/packages/services/publication/src/__tests__/coordinated-entity-adoption.test.ts","test","tracked unchanged"
"server/packages/services/publication/","server/packages/services/publication/src/__tests__/dev-publication-boundaries.test.ts","test","??"
"server/packages/services/publication/","server/packages/services/publication/src/__tests__/dev-publication-classifier.test.ts","test","??"
"server/packages/services/publication/","server/packages/services/publication/src/__tests__/entity-adoption-plan.test.ts","test","tracked unchanged"
"server/packages/services/publication/","server/packages/services/publication/src/__tests__/entity-authorization-compiler.test.ts","test","tracked unchanged"
"server/packages/services/publication/","server/packages/services/publication/src/__tests__/entity-authorization-publication-review.test.ts","test","tracked unchanged"
"server/packages/services/publication/","server/packages/services/publication/src/__tests__/entity-case-contract-routes.test.ts","test","??"
"server/packages/services/publication/","server/packages/services/publication/src/__tests__/entity-case-contract.test.ts","test","??"
"server/packages/services/publication/","server/packages/services/publication/src/__tests__/entity-definition-routes.test.ts","test","??"
"server/packages/services/publication/","server/packages/services/publication/src/__tests__/entity-definition.test.ts","test","??"
"server/packages/services/publication/","server/packages/services/publication/src/__tests__/entity-operation-binding-compiler.test.ts","test","??"
"server/packages/services/publication/","server/packages/services/publication/src/__tests__/file-entity-release-review-store.test.ts","test","tracked unchanged"
"server/packages/services/publication/","server/packages/services/publication/src/__tests__/integration/entity-case-contract-publication.ts","test","??"
"server/packages/services/publication/","server/packages/services/publication/src/__tests__/local-definition-preview.test.ts","test","M"
"server/packages/services/publication/","server/packages/services/publication/src/__tests__/notification-artifact.test.ts","test","tracked unchanged"
"server/packages/services/publication/","server/packages/services/publication/src/__tests__/operation-projection.test.ts","test","??"
"server/packages/services/publication/","server/packages/services/publication/src/__tests__/publication-artifact-store.test.ts","test","tracked unchanged"
"server/packages/services/publication/","server/packages/services/publication/src/__tests__/publication-jobs.test.ts","test","tracked unchanged"
"server/packages/services/publication/","server/packages/services/publication/src/__tests__/publication-operations.test.ts","test","tracked unchanged"
"server/packages/services/publication/","server/packages/services/publication/src/__tests__/publication-orchestrator.test.ts","test","tracked unchanged"
"server/packages/services/publication/","server/packages/services/publication/src/__tests__/publication-runtime-review.test.ts","test","tracked unchanged"
"server/packages/services/publication/","server/packages/services/publication/src/__tests__/release-promotion.test.ts","test","tracked unchanged"
"server/packages/services/publication/","server/packages/services/publication/src/__tests__/shared-publication-boundaries.test.ts","test","??"
"server/packages/services/publication/","server/packages/services/publication/src/__tests__/studio-authority-ddl.test.ts","test","tracked unchanged"
"server/packages/services/publication/","server/packages/services/publication/src/__tests__/target-projection-ddl.test.ts","test","tracked unchanged"
"server/packages/services/publication/","server/packages/services/publication/src/authenticated-entity-release-review.ts","source","tracked unchanged"
"server/packages/services/publication/","server/packages/services/publication/src/canonical-read-catalog.ts","source","tracked unchanged"
"server/packages/services/publication/","server/packages/services/publication/src/collection-configuration-source.ts","source","tracked unchanged"
"server/packages/services/publication/","server/packages/services/publication/src/compilation/compiled-runtime.ts","source","??"
"server/packages/services/publication/","server/packages/services/publication/src/compilation/native-runtime.ts","source","??"
"server/packages/services/publication/","server/packages/services/publication/src/compiled-entity-artifact-compiler.ts","source","M"
"server/packages/services/publication/","server/packages/services/publication/src/compiled-entity-collection-compiler.ts","source","M"
"server/packages/services/publication/","server/packages/services/publication/src/coordinated-entity-adoption.ts","source","tracked unchanged"
"server/packages/services/publication/","server/packages/services/publication/src/entity-adoption-plan.ts","source","tracked unchanged"
"server/packages/services/publication/","server/packages/services/publication/src/entity-authorization-compiler.ts","source","M"
"server/packages/services/publication/","server/packages/services/publication/src/entity-authorization-publication-review.ts","source","tracked unchanged"
"server/packages/services/publication/","server/packages/services/publication/src/entity-case-contract-routes.ts","source","??"
"server/packages/services/publication/","server/packages/services/publication/src/entity-case-contract-service.ts","source","??"
"server/packages/services/publication/","server/packages/services/publication/src/entity-definition-compiler.ts","source","??"
"server/packages/services/publication/","server/packages/services/publication/src/entity-definition-consumer.ts","source","??"
"server/packages/services/publication/","server/packages/services/publication/src/entity-definition-routes.ts","source","??"
"server/packages/services/publication/","server/packages/services/publication/src/entity-definition-service.ts","source","??"
"server/packages/services/publication/","server/packages/services/publication/src/entity-definition-source.ts","source","tracked unchanged"
"server/packages/services/publication/","server/packages/services/publication/src/entity-foundation-definition.ts","source","??"
"server/packages/services/publication/","server/packages/services/publication/src/entity-initial-case-schema.ts","source","??"
"server/packages/services/publication/","server/packages/services/publication/src/entity-operation-binding-compiler.ts","source","??"
"server/packages/services/publication/","server/packages/services/publication/src/file-entity-release-review-store.ts","source","tracked unchanged"
"server/packages/services/publication/","server/packages/services/publication/src/index.ts","source","M"
"server/packages/services/publication/","server/packages/services/publication/src/kysely-authority-repository.ts","source","tracked unchanged"
"server/packages/services/publication/","server/packages/services/publication/src/kysely-local-projection-repository.ts","source","M"
"server/packages/services/publication/","server/packages/services/publication/src/kysely-publication-authority-work.ts","source","M"
"server/packages/services/publication/","server/packages/services/publication/src/kysely-publication-operations-repository.ts","source","tracked unchanged"
"server/packages/services/publication/","server/packages/services/publication/src/local-definition-preview-policy.ts","source","tracked unchanged"
"server/packages/services/publication/","server/packages/services/publication/src/local-definition-preview.ts","source","M"
"server/packages/services/publication/","server/packages/services/publication/src/notification-configuration-source.ts","source","tracked unchanged"
"server/packages/services/publication/","server/packages/services/publication/src/publication-artifact-loader.ts","source","M"
"server/packages/services/publication/","server/packages/services/publication/src/publication-artifact-store.ts","source","tracked unchanged"
"server/packages/services/publication/","server/packages/services/publication/src/publication-jobs.ts","source","tracked unchanged"
"server/packages/services/publication/","server/packages/services/publication/src/publication-operations.ts","source","tracked unchanged"
"server/packages/services/publication/","server/packages/services/publication/src/publication-orchestrator.ts","source","tracked unchanged"
"server/packages/services/publication/","server/packages/services/publication/src/publication-routes.ts","source","tracked unchanged"
"server/packages/services/publication/","server/packages/services/publication/src/release-promotion.ts","source","tracked unchanged"
"server/packages/services/publication/","server/packages/services/publication/src/shared/authorization/operation-projection.ts","source","??"
"server/packages/services/publication/","server/packages/services/publication/src/shared/case-contract/model.ts","source","??"
"server/packages/services/publication/","server/packages/services/publication/src/shared/collections/compiler.ts","source","??"
"server/packages/services/publication/","server/packages/services/publication/src/shared/policy/classify-change.ts","source","??"
"server/packages/services/publication/","server/packages/services/publication/src/shared/preview/environment.ts","source","??"
"server/packages/services/publication/","server/packages/services/publication/vitest.config.ts","source","tracked unchanged"
"server/packages/services/records/","server/packages/services/records/src/__tests__/advanced-records.test.ts","test","tracked unchanged"
"server/packages/services/records/","server/packages/services/records/src/__tests__/authorized-aggregate.test.ts","test","tracked unchanged"
"server/packages/services/records/","server/packages/services/records/src/__tests__/canonical-read-backend.test.ts","test","tracked unchanged"
"server/packages/services/records/","server/packages/services/records/src/__tests__/canonical-read-diagnostics.test.ts","test","tracked unchanged"
"server/packages/services/records/","server/packages/services/records/src/__tests__/collection-scope-sql.test.ts","test","tracked unchanged"
"server/packages/services/records/","server/packages/services/records/src/__tests__/document-collection-read.test.ts","test","tracked unchanged"
"server/packages/services/records/","server/packages/services/records/src/__tests__/entity-application-unavailable.test.ts","test","tracked unchanged"
"server/packages/services/records/","server/packages/services/records/src/__tests__/entity-authorization.test.ts","test","tracked unchanged"
"server/packages/services/records/","server/packages/services/records/src/__tests__/entity-backend-authorizer.test.ts","test","tracked unchanged"
"server/packages/services/records/","server/packages/services/records/src/__tests__/entity-backend-isolated-execution.test.ts","test","tracked unchanged"
"server/packages/services/records/","server/packages/services/records/src/__tests__/entity-list-service.test.ts","test","M"
"server/packages/services/records/","server/packages/services/records/src/__tests__/entity-scope-adapter.test.ts","test","tracked unchanged"
"server/packages/services/records/","server/packages/services/records/src/__tests__/intake-form-choices.test.ts","test","tracked unchanged"
"server/packages/services/records/","server/packages/services/records/src/__tests__/list-context-discovery.test.ts","test","tracked unchanged"
"server/packages/services/records/","server/packages/services/records/src/__tests__/list-experience.test.ts","test","tracked unchanged"
"server/packages/services/records/","server/packages/services/records/src/__tests__/multi-scope-query.test.ts","test","tracked unchanged"
"server/packages/services/records/","server/packages/services/records/src/__tests__/navigation-context-discovery.test.ts","test","tracked unchanged"
"server/packages/services/records/","server/packages/services/records/src/__tests__/record-bookmark-routes.test.ts","test","tracked unchanged"
"server/packages/services/records/","server/packages/services/records/src/__tests__/record-bookmark-service.test.ts","test","tracked unchanged"
"server/packages/services/records/","server/packages/services/records/src/__tests__/record-read-access.test.ts","test","tracked unchanged"
"server/packages/services/records/","server/packages/services/records/src/__tests__/records-query-contract.test.ts","test","tracked unchanged"
"server/packages/services/records/","server/packages/services/records/src/__tests__/records-response-review.test.ts","test","tracked unchanged"
"server/packages/services/records/","server/packages/services/records/src/__tests__/records-vertical.test.ts","test","tracked unchanged"
"server/packages/services/records/","server/packages/services/records/src/__tests__/shared-reference-directory-routes.test.ts","test","tracked unchanged"
"server/packages/services/records/","server/packages/services/records/src/__tests__/shared-reference-directory.test.ts","test","tracked unchanged"
"server/packages/services/records/","server/packages/services/records/src/__tests__/snapshot-concurrency.postgres.test.ts","test","tracked unchanged"
"server/packages/services/records/","server/packages/services/records/src/__tests__/snapshot-repository.test.ts","test","tracked unchanged"
"server/packages/services/records/","server/packages/services/records/src/__tests__/snapshot-routes.test.ts","test","tracked unchanged"
"server/packages/services/records/","server/packages/services/records/src/__tests__/snapshot-service.test.ts","test","tracked unchanged"
"server/packages/services/records/","server/packages/services/records/src/__tests__/standard-views.postgres.test.ts","test","tracked unchanged"
"server/packages/services/records/","server/packages/services/records/src/__tests__/standard-views.test.ts","test","tracked unchanged"
"server/packages/services/records/","server/packages/services/records/src/__tests__/transfer-ddl.test.ts","test","tracked unchanged"
"server/packages/services/records/","server/packages/services/records/src/__tests__/transfer-jobs.test.ts","test","tracked unchanged"
"server/packages/services/records/","server/packages/services/records/src/actions/action-service.ts","source","tracked unchanged"
"server/packages/services/records/","server/packages/services/records/src/address-form-choices.ts","source","tracked unchanged"
"server/packages/services/records/","server/packages/services/records/src/authorized-aggregate.ts","source","tracked unchanged"
"server/packages/services/records/","server/packages/services/records/src/bank-form-choices.ts","source","tracked unchanged"
"server/packages/services/records/","server/packages/services/records/src/bookmarks/record-bookmark-routes.ts","source","tracked unchanged"
"server/packages/services/records/","server/packages/services/records/src/bookmarks/record-bookmark-service.ts","source","tracked unchanged"
"server/packages/services/records/","server/packages/services/records/src/bulk/bulk-service.ts","source","tracked unchanged"
"server/packages/services/records/","server/packages/services/records/src/core/index.ts","source","tracked unchanged"
"server/packages/services/records/","server/packages/services/records/src/entity-authorization-rollout.ts","source","tracked unchanged"
"server/packages/services/records/","server/packages/services/records/src/entity-authorization.ts","source","tracked unchanged"
"server/packages/services/records/","server/packages/services/records/src/entity-backend-authorizer.ts","source","tracked unchanged"
"server/packages/services/records/","server/packages/services/records/src/entity-list-routes.ts","source","tracked unchanged"
"server/packages/services/records/","server/packages/services/records/src/entity-list-service.ts","source","M"
"server/packages/services/records/","server/packages/services/records/src/entity-scope-adapter.ts","source","tracked unchanged"
"server/packages/services/records/","server/packages/services/records/src/errors.ts","source","tracked unchanged"
"server/packages/services/records/","server/packages/services/records/src/field-validation.ts","source","tracked unchanged"
"server/packages/services/records/","server/packages/services/records/src/in-memory-command-execution-store.ts","source","tracked unchanged"
"server/packages/services/records/","server/packages/services/records/src/in-memory-record-repository.ts","source","tracked unchanged"
"server/packages/services/records/","server/packages/services/records/src/index.ts","source","tracked unchanged"
"server/packages/services/records/","server/packages/services/records/src/intake-form-choices.ts","source","tracked unchanged"
"server/packages/services/records/","server/packages/services/records/src/kysely-command-execution-store.ts","source","tracked unchanged"
"server/packages/services/records/","server/packages/services/records/src/kysely-record-repository.ts","source","tracked unchanged"
"server/packages/services/records/","server/packages/services/records/src/lifecycle-service.ts","source","tracked unchanged"
"server/packages/services/records/","server/packages/services/records/src/list-context-discovery.ts","source","tracked unchanged"
"server/packages/services/records/","server/packages/services/records/src/list-experience.ts","source","tracked unchanged"
"server/packages/services/records/","server/packages/services/records/src/list-limits.ts","source","tracked unchanged"
"server/packages/services/records/","server/packages/services/records/src/list-query-policy.ts","source","tracked unchanged"
"server/packages/services/records/","server/packages/services/records/src/locking/lock-service.ts","source","tracked unchanged"
"server/packages/services/records/","server/packages/services/records/src/mutation-service.ts","source","tracked unchanged"
"server/packages/services/records/","server/packages/services/records/src/navigation-context-discovery.ts","source","tracked unchanged"
"server/packages/services/records/","server/packages/services/records/src/query-service.ts","source","tracked unchanged"
"server/packages/services/records/","server/packages/services/records/src/record-cursor.ts","source","tracked unchanged"
"server/packages/services/records/","server/packages/services/records/src/record-execution.ts","source","tracked unchanged"
"server/packages/services/records/","server/packages/services/records/src/record-read-access.ts","source","tracked unchanged"
"server/packages/services/records/","server/packages/services/records/src/records-routes.ts","source","tracked unchanged"
"server/packages/services/records/","server/packages/services/records/src/shared-reference-directory-routes.ts","source","tracked unchanged"
"server/packages/services/records/","server/packages/services/records/src/shared-reference-directory.ts","source","tracked unchanged"
"server/packages/services/records/","server/packages/services/records/src/snapshots/kysely-snapshot-repository.ts","source","tracked unchanged"
"server/packages/services/records/","server/packages/services/records/src/snapshots/snapshot-routes.ts","source","tracked unchanged"
"server/packages/services/records/","server/packages/services/records/src/snapshots/snapshot-service.ts","source","tracked unchanged"
"server/packages/services/records/","server/packages/services/records/src/standard-view-relationship-sql.ts","source","tracked unchanged"
"server/packages/services/records/","server/packages/services/records/src/standard-views.ts","source","tracked unchanged"
"server/packages/services/records/","server/packages/services/records/src/transfer/export-preflight.test.ts","test","tracked unchanged"
"server/packages/services/records/","server/packages/services/records/src/transfer/import-adapter-registry.ts","source","tracked unchanged"
"server/packages/services/records/","server/packages/services/records/src/transfer/in-memory-transfer-store.ts","source","tracked unchanged"
"server/packages/services/records/","server/packages/services/records/src/transfer/kysely-transfer-store.ts","source","tracked unchanged"
"server/packages/services/records/","server/packages/services/records/src/transfer/structured-import-file-codec.test.ts","test","tracked unchanged"
"server/packages/services/records/","server/packages/services/records/src/transfer/structured-import-file-codec.ts","source","tracked unchanged"
"server/packages/services/records/","server/packages/services/records/src/transfer/transfer-adapters.test.ts","test","tracked unchanged"
"server/packages/services/records/","server/packages/services/records/src/transfer/transfer-adapters.ts","source","tracked unchanged"
"server/packages/services/records/","server/packages/services/records/src/transfer/transfer-jobs.ts","source","tracked unchanged"
"server/packages/services/records/","server/packages/services/records/src/transfer/transfer-maintenance.ts","source","tracked unchanged"
"server/packages/services/records/","server/packages/services/records/src/transfer/transfer-routes.test.ts","test","tracked unchanged"
"server/packages/services/records/","server/packages/services/records/src/transfer/transfer-routes.ts","source","tracked unchanged"
"server/packages/services/records/","server/packages/services/records/src/transfer/transfer-runtime-review.test.ts","test","tracked unchanged"
"server/packages/services/records/","server/packages/services/records/src/transfer/transfer-service.ts","source","tracked unchanged"
"server/packages/services/records/","server/packages/services/records/src/transfer/xlsx-workbook-codec.test.ts","test","tracked unchanged"
"server/packages/services/records/","server/packages/services/records/src/transfer/xlsx-workbook-codec.ts","source","tracked unchanged"
"server/packages/services/records/","server/packages/services/records/vitest.config.ts","source","tracked unchanged"
"tests/","tests/contracts/detail-navigation.test.ts","test","??"
"tests/","tests/contracts/entity-list-contract.test.ts","test","tracked unchanged"
"tests/","tests/foundation-browser/collaboration-entity-wiring.spec.ts","test","tracked unchanged"
"tests/","tests/foundation-browser/collaboration-pagination.spec.ts","test","tracked unchanged"
"tests/","tests/foundation-browser/collaboration-panel.spec.ts","test","tracked unchanged"
"tests/","tests/foundation-browser/detail-collaboration.spec.ts","test","??"
"tests/","tests/foundation-browser/entity-edit-collaboration.spec.ts","test","tracked unchanged"
"tests/","tests/foundation-browser/entity-list-plane-parity.spec.ts","test","??"
"tests/","tests/foundation-browser/entity-list-sticky-heading.spec.ts","test","tracked unchanged"
"tests/","tests/foundation-browser/file-search-feedback.spec.ts","test","??"
"tests/","tests/foundation-browser/metadata-detail-navigation.spec.ts","test","??"
"tests/","tests/foundation-browser/tooltip-behavior.spec.ts","test","??"
