screen_section,screen_field,current_ddl_mapping,coverage,recommendation
1. Overview and company details,First name,person.first_name text NOT NULL,Existing,Canonical personal field; avoid independently editing employee.first_name.
1. Overview and company details,Middle name,person.middle_name text,Existing,Preserve entered name components; do not infer family relationships from a name particle.
1. Overview and company details,Last name,person.last_name text NOT NULL,Existing,Review mandatory last-name constraint for people with a single legal name.
1. Overview and company details,Full name,person.name; display_name; preferred_name,Existing,Define legal/display/preferred name semantics. A display formatter may assist but must allow culturally appropriate ordering and a manual legal name.
1. Overview and company details,Gender,person_sensitive_profile.gender text,Existing,Controlled optional values and restricted access; screenshot-required fields need not become globally mandatory DDL.
1. Overview and company details,Salutation,No dedicated person field,New,Add nullable salutation_code referencing a governed lookup. Do not infer gender from salutation.
1. Overview and company details,Nationality,person_sensitive_profile.nationality_country_code char(2),Existing / partial,Single nationality exists; multiple citizenships need a child model. person.country_code is not a safe substitute.
1. Overview and company details,Date of birth,person_sensitive_profile.date_of_birth date,Existing,Optional protected field with existing future-date check; expose only to permitted purposes.
1. Overview and company details,Age,No stored age,Derived,Calculate completed years at explicit as_of_date from DOB. Do not persist a number that becomes stale.
1. Overview and company details,Date of joining,employment.hire_date date NOT NULL,Existing,Use selected employment. Original hire/service date is a separate concept for rehires and multiple employment.
1. Overview and company details,Status,person.status; employee.status; employment.status/employment_status; principal.status,Partial,Show separately named employment and access status; define which status drives the header. Do not update all statuses together.
1. Overview and company details,User Details (collapsed),employee.principal_id → principal/profile/identity_binding,Existing foundation,User link is optional. No additional hidden screen fields can be assessed from the collapsed panel.
1. Overview and company details,Company,employment.company_code_id and legal_entity_id,Existing,"Display employer/company names through references, not employee.company_code_id compatibility values."
1. Overview and company details,Department,work_assignment.org_unit_id,Existing,Confirm org unit represents the selected department and is valid for the employment/company.
1. Overview and company details,Employment type,employment.employment_type,Existing,"Existing allowed values include full_time, part_time, contract, casual, intern, volunteer. Keep assignment/classification dimensions separate."
1. Overview and company details,Employee number,"employee.employee_number text, unique per tenant",Existing,"Distinct from employment.employment_number, which is unique per tenant/company. Do not require numbers to be numeric."
1. Overview and company details,Designation,work_assignment.job_id → job.designation_id → master.designation,Existing,Use designation name or job/position title according to explicit display precedence.
1. Overview and company details,Reports to,work_assignment.manager_employee_id,Existing,As-of manager relation; additional HR/matrix managers need typed relationship rows.
1. Overview and company details,Branch,work_assignment.site_id; company/org references,Partial,"If branch means physical office, use site. If it means a business/legal organizational branch, use the appropriate organization hierarchy; do not equate them silently."
1. Overview and company details,Grade,job.pay_grade_id → master.pay_grade,Existing / partial,Job default grade exists. A personal grade different from the job default needs an effective assignment/compensation override with defined ownership.
2. Joining,Job applicant,No internal job-application link on employment,New,"Link to the eventual internal application/accepted offer; external_candidate_submission is supplier recruitment, not internal applicant history."
2. Joining,Offer date,No dedicated employment/offer field,New,Store issued_on on an employment-offer document; retain offer acceptance separately.
2. Joining,Confirmation date,employment.probation_end_date only,Partial,Add confirmed_on. Planned probation end does not prove actual confirmation.
2. Joining,Contract end date,employment.termination_date only,Partial,Add contract_end_date for planned fixed-term expiry. Actual employment termination is a separate field/event.
2. Joining,Notice (days),No dedicated employment term,New,Add notice_period_days integer nullable with nonnegative check and policy/term version. Null means unknown; zero means an explicit zero-day term.
2. Joining,Date of retirement,No dedicated field,New,Optional planned_retirement_date plus policy-version/source or authorized override. Do not infer a statutory retirement age from the screenshot.
"3. Address, contacts and emergency contact",Mobile,person.primary_phone; contact_link/contact_phone,Existing foundation,Reuse registered person-owned contact_link with phone/mobile purpose; primary_phone is a summary.
"3. Address, contacts and emergency contact",Personal email,contact_link.value/channel_type/purpose,Existing foundation,Use personal purpose and HR privacy; qualify person owner registration and allowed lookups.
"3. Address, contacts and emergency contact",Company email,Same shared contact model; person.primary_email summary,Existing foundation,"Work purpose, employment association where concurrent employment needs separate company emails."
"3. Address, contacts and emergency contact",Preferred contact email choice,contact_link.is_primary is available,Partial,Define preference across personal/work email purpose; add a typed selected contact reference where per-purpose primary does not encode this choice.
"3. Address, contacts and emergency contact",Preferred email displayed value,Selected current authorized email,Derived,Resolve selected contact; do not store another editable email copy.
"3. Address, contacts and emergency contact",Unsubscribed,"governance.channel_consent supports subject_type=person, channel_code, destination_hash, is_consented, effective/expiry; principal_notification_preference supports event/channel settings",Existing foundation / partial,Reuse consent/notification semantics; explicitly decide which communications the screen switch controls. A global boolean on employee would lose channel/destination/event context.
"3. Address, contacts and emergency contact",Address (collapsed),"master.address + address_link(owner_type_id,owner_id,purpose,effective dates)",Existing foundation,"Home/current/permanent/mailing uses can be linked; exact hidden fields were not visible. Verify person ownership, HR access and any employment-specific host address."
"3. Address, contacts and emergency contact",Emergency contact name,sensitive_profile.emergency_contact JSON,Partial,Typed contact child with protected contact name and relationship instead of one unrestricted JSON object.
"3. Address, contacts and emergency contact",Emergency phone,Same JSON; shared contact model reusable,Partial,Link verified/normalized phone where useful; support more than one contact and priority.
"3. Address, contacts and emergency contact",Relation,Same JSON,Partial,Controlled relationship code plus optional explanation; maintain current/expired contact rows.
4. Attendance and leave setup,Attendance device / RF tag identifier,time_punch.device_ref describes a punch source; external_reference can map upstream records,Partial,"Add an effective employee/device-system identifier binding, or qualify external_reference for the same semantics. Device identifier is not the same as employee identifier inside a device. No raw biometric templates in HR profile."
4. Attendance and leave setup,Holiday list,holiday_calendar/day exist,Partial,Employee/employment-to-calendar effective assignment is needed; a calendar master alone does not identify the employee's applicable calendar.
4. Attendance and leave setup,Default shift,"shift_type, work_pattern/day, dated shift_assignment exist",Partial,Add effective employee work-schedule assignment with work pattern/calendar/timezone and default shift where required. A dated roster row is not a permanent default.
4. Attendance and leave setup,Expense approver,Generic workflow/authorization foundation,Partial,Resolve policy-based approvers; add effective per-employment override only when needed.
4. Attendance and leave setup,Shift request approver,Same foundation,Partial,Route by request type/scope; validate approver eligibility and delegation.
4. Attendance and leave setup,Leave approver,Same foundation; direct manager available,Partial,Derive manager where policy says so. Do not add three unvalidated employee UUID columns that bypass workflow authorization.
5. Salary and banking,Cost to company (CTC),compensation_assignment.base_amount/annualized_amount; pay components/employer cost; payroll results,Partial,"CTC is not automatically base or annualized salary. Define period, currency and included employer costs/benefits; derive from versioned terms, or store an approved contractual CTC with its calculation basis."
5. Salary and banking,Salary currency,compensation_assignment.currency_code; pay_group/pay_structure.currency_code,Existing,Display selected effective compensation currency and validate consistency.
5. Salary and banking,Salary mode,"Bank relationship exists, no dedicated employee payment instruction",Partial,Add effective employment payment_method_code and instruction/distribution; bank/cash/other modes need defined allowed values and ownership.
5. Salary and banking,Payroll cost center,work_assignment.cost_center_id; payroll_result_line.cost_center_id,Existing / partial,Default from applicable assignment. Split costing or a payroll-only override requires typed effective allocation rules.
5. Salary and banking,Bank name,bank_account.bank_institution_id → shared.bank_institution.name; bank_name_override,Existing foundation,Reuse shared bank directory/provisional references; verify employee bank link ownership.
5. Salary and banking,Bank account number,bank_account.account_id_type/account_id_value/account_last4; metadata protectedValueToken path,Existing foundation,"Use protected-value service and masked default display. DDL also permits a non-token branch, so column existence alone is not an encryption guarantee."
5. Salary and banking,SWIFT/BIC,bank_account.bic_override,Existing foundation,Validate using the shared banking contract and applicable bank reference data.
5. Salary and banking,IBAN,"bank_account typed account identifier, rather than a dedicated iban column",Partial / typed representation,"Confirm allowed ID types. If both local account number and IBAN must be retained for one account, design alternate identifiers instead of assuming one account_id_value stores both."
6. Personal details and identity documents,Marital status,person_sensitive_profile.marital_status text,Existing,Controlled optional value; history when benefits/payroll needs an effective change.
6. Personal details and identity documents,Blood group,No dedicated field,New,"Optional restricted health profile, governed values including unknown; not ordinary directory data."
6. Personal details and identity documents,Health details / allergies / concerns,protected_attributes JSON could hold arbitrary data,Partial,A versioned protected health-note content reference with purpose-specific access; ordinary person metadata is unsuitable.
6. Personal details and identity documents,Health insurance (collapsed),"Statutory schemes/enrollment exist, but no dedicated insurance coverage model identified",New,"Insurer/plan, coverage dates, protected member/policy number and dependant links through benefits coverage. Exact hidden screen fields are unknown."
6. Personal details and identity documents,Passport number,person_sensitive_profile.passport_number_token,Existing / partial,One protected value is available; a multi-document identity model is needed for renewals/multiple passports.
6. Personal details and identity documents,Passport issue date,No dedicated field,New,issued_on date on identity document.
6. Personal details and identity documents,Valid from,No passport-specific validity field,New,valid_from date on identity document.
6. Personal details and identity documents,Valid up to,No passport-specific expiry field,New,expires_on date; define inclusive document expiry separately from exclusive assignment range semantics.
6. Personal details and identity documents,Place of issue,No dedicated field,New,issue_place text; avoid forcing every issuer to match a city lookup.
6. Personal details and identity documents,Place of issue country,No passport-specific field,New,issuing_country_code char(2) with country reference; nationality is not an equivalent.
6. Personal details and identity documents,Passport front page,Generic attachment/content infrastructure,Partial,Protected attachment bound to the identity-document row with front-page purpose and pinned version where evidence requires it.
6. Personal details and identity documents,Passport back page,Same infrastructure,Partial,Separate purpose from front page; flexible evidence slots for document types that have different layouts.
"7. Profile, education and career history",Bio / cover letter,No dedicated person profile narrative link,New / shared content reusable,Separate public/internal biography from restricted application cover letter; use versioned content and sanitized rich text.
"7. Profile, education and career history",Education school/university,No dedicated education record,New,institution_name text and optional verified institution reference.
"7. Profile, education and career history",Qualification,"Shared certification is related, not a complete education history",New,qualification_code/name on education child; evidence attachment and verification status.
"7. Profile, education and career history",Education level,No dedicated education field,New,Governed qualification_level_code with country-specific mapping where needed.
"7. Profile, education and career history",Year of passing,No dedicated field,New,"completion_year smallint nullable, optional completion_date; allow in-progress status and unknown dates without inventing a day/month."
"7. Profile, education and career history",Previous employer company,No prior-employment profile table,New,"Employer name, optional organization reference; do not require every historic employer to be a Business Partner."
"7. Profile, education and career history",Previous designation,No prior-employment profile field,New,role_title text with actual dates/precision and verification where available.
"7. Profile, education and career history",Previous salary,No historical external-job salary field,New,Optional restricted amount/currency/frequency; collect only if required. Not current compensation authority.
"7. Profile, education and career history",Previous employer address,Shared address infrastructure only,Partial,Optional linked address or protected historical snapshot attached to previous-employment record.
"7. Profile, education and career history",Internal history: branch,work_assignment.site_id with effective range,Existing foundation,Derive from assignment history; define branch meaning as above.
"7. Profile, education and career history",Internal history: department,work_assignment.org_unit_id,Existing foundation,Preserve historical labels/reference revisions rather than showing renamed departments as if always named that way.
"7. Profile, education and career history",Internal history: designation,work_assignment.job_id → designation,Existing foundation,Historical job/designation reference or snapshot needed when masters change.
"7. Profile, education and career history",Internal history: from/to dates,work_assignment.effective_from/effective_until,Existing foundation,Build correct as-of/history query; current compatibility view is not the full history. No second manually maintained internal-history grid authority.
"8. Exit, collaboration and connections",Resignation letter date,No dedicated field,New,document.offboarding_case.resignation_received_on date plus protected letter attachment; distinguish letter date from received date if both are needed.
"8. Exit, collaboration and connections",Relieving date,employment.termination_date; offboarding_case.target_exit_date,Partial,Define actual last working date versus employment end versus planned exit; add last_working_date/relieved_on only for distinct facts.
"8. Exit, collaboration and connections",Exit interview held on,No dedicated exit interview record,New,"exit_interview.conducted_at timestamptz or conducted_on date, matching capture precision."
"8. Exit, collaboration and connections",New workplace,No dedicated field,New,Optional restricted self-reported destination_employer_name on exit interview; never mandatory for exit completion.
"8. Exit, collaboration and connections",Leave encashed?,Leave ledger and payroll components/results,Partial,Derive from approved encashment/settlement lines; store quantity/unit/rate/amount/currency and source references rather than only a boolean.
"8. Exit, collaboration and connections",Reason for leaving,employment.termination_reason text; offboarding_case.reason_code,Existing / partial,Controlled reason and restricted narrative with clear canonical ownership.
"8. Exit, collaboration and connections",Feedback,No dedicated exit-feedback field,New,"Protected exit-interview response content, with template version and interviewer."
"8. Exit, collaboration and connections",Comments,document.comment shared model,Existing foundation,Bind to employee/HR case with appropriate visibility; do not put health/identity details in a general comment stream.
"8. Exit, collaboration and connections",Activity,Shared audit/workflow/event infrastructure,Existing foundation,Show authorized event summaries and actor/time; do not expose raw sensitive payloads.
"8. Exit, collaboration and connections",New Email / New Event,"Communication/calendar integration capability, not employee master columns",Separate capability,Capture associations through existing integration/document model when implemented; do not imply sending/invitation is available merely because the button exists.
"8. Exit, collaboration and connections",Connections tab,Panel content not supplied,Not assessed,Build related-record links from authoritative relationships; exact coverage cannot be determined from the tab label alone.
