"root","file","inclusion","incoming_edge_kinds","example_importer","import_line"
"apps","apps/neon/app/(shell)/error.tsx","entry/service seed","","",""
"apps","apps/neon/app/(shell)/layout.tsx","entry/service seed","","",""
"apps","apps/neon/app/(shell)/loading.tsx","entry/service seed","","",""
"apps","apps/neon/app/(shell)/mdg/business-partner/[recordId]/page.tsx","entry/service seed","","",""
"apps","apps/neon/app/(shell)/mdg/business-partner/layout.tsx","entry/service seed","","",""
"apps","apps/neon/app/(shell)/not-found.tsx","entry/service seed","","",""
"apps","apps/neon/app/api/auth/contexts/route.ts","entry/service seed","","",""
"apps","apps/neon/app/api/auth/login/route.ts","entry/service seed","","",""
"apps","apps/neon/app/api/auth/logout/route.ts","entry/service seed","","",""
"apps","apps/neon/app/api/auth/session/context/route.ts","entry/service seed","","",""
"apps","apps/neon/app/api/auth/touch/route.ts","entry/service seed","","",""
"apps","apps/neon/app/api/relay/[...path]/route.ts","entry/service seed","","",""
"apps","apps/neon/app/error.tsx","entry/service seed","","",""
"apps","apps/neon/app/global-error.tsx","entry/service seed","","",""
"apps","apps/neon/app/layout.tsx","entry/service seed","","",""
"apps","apps/neon/app/loading.tsx","entry/service seed","","",""
"apps","apps/neon/app/not-found.tsx","entry/service seed","","",""
"apps","apps/neon/app/providers.tsx","transitive dependency","import","apps/neon/app/(shell)/layout.tsx","5"
"apps","apps/neon/lib/auth.ts","transitive dependency","import","apps/neon/lib/bootstrap.ts","3"
"apps","apps/neon/lib/bootstrap.ts","transitive dependency","import","apps/neon/app/(shell)/layout.tsx","4"
"apps","apps/neon/lib/catalog-routes.ts","transitive dependency","import","apps/neon/proxy.ts","3"
"apps","apps/neon/lib/entity-application-layout.tsx","transitive dependency","import","apps/neon/app/(shell)/mdg/business-partner/layout.tsx","1"
"apps","apps/neon/lib/environment.ts","transitive dependency","import","apps/neon/lib/auth.ts","1"
"apps","apps/neon/lib/relay.ts","transitive dependency","import","apps/neon/lib/bootstrap.ts","4"
"apps","apps/neon/lib/route-params.ts","transitive dependency","import","apps/neon/app/(shell)/mdg/business-partner/[recordId]/page.tsx","4"
"apps","apps/neon/proxy.ts","entry/service seed","","",""
"packages","packages/contracts/platform/ai/src/answer.ts","transitive dependency","import; re-export","packages/platform/ai/agent-runtime/src/index.ts","10"
"packages","packages/contracts/platform/ai/src/business-context.ts","transitive dependency","import; re-export","packages/platform/ai/agent-runtime/src/index.ts","22"
"packages","packages/contracts/platform/ai/src/feedback.ts","transitive dependency","import; type-only","packages/platform/ai/agent-runtime/src/index.ts","5"
"packages","packages/contracts/platform/ai/src/insights.ts","transitive dependency","import; re-export","packages/contracts/platform/ai/src/answer.ts","1"
"packages","packages/contracts/platform/ai/src/intent.ts","transitive dependency","import","packages/platform/ai/agent-runtime/src/index.ts","1"
"packages","packages/contracts/platform/api/src/index.ts","transitive dependency","import; re-export; type-only","packages/platform/foundation/api-client/src/index.ts","1"
"packages","packages/contracts/platform/auth-session/src/index.ts","transitive dependency","import; re-export; type-only","packages/platform/foundation/api-client/src/bootstrap.ts","1"
"packages","packages/contracts/platform/authorization/src/index.ts","transitive dependency","import","packages/platform/foundation/api-client/src/bootstrap.ts","2"
"packages","packages/contracts/platform/dashboard/src/generated-defaults.ts","transitive dependency","import","server/packages/platform/experience/src/service.ts","13"
"packages","packages/contracts/platform/dashboard/src/index.ts","transitive dependency","import; type-only","server/packages/platform/experience/src/service.ts","3"
"packages","packages/contracts/platform/entity-list/src/experience.ts","transitive dependency","import; re-export; type-only","packages/contracts/platform/entity-list/src/types.ts","1"
"packages","packages/contracts/platform/entity-list/src/index.ts","transitive dependency","import; type-only","packages/platform/foundation/api-client/src/entity-list.ts","1"
"packages","packages/contracts/platform/entity-list/src/parsers.ts","transitive dependency","import; re-export","packages/contracts/platform/entity-list/src/index.ts","3"
"packages","packages/contracts/platform/entity-list/src/scope-filters.ts","transitive dependency","import; re-export; type-only","packages/contracts/platform/entity-list/src/types.ts","248"
"packages","packages/contracts/platform/entity-list/src/standard-views.ts","transitive dependency","import; re-export; type-only","packages/contracts/platform/entity-list/src/experience.ts","1"
"packages","packages/contracts/platform/entity-list/src/types.ts","transitive dependency","import; re-export; type-only","packages/contracts/platform/entity-list/src/index.ts","1"
"packages","packages/contracts/platform/entity-list/src/url-state.ts","transitive dependency","re-export","packages/contracts/platform/entity-list/src/index.ts","4"
"packages","packages/contracts/platform/entity-runtime/src/access-decision.ts","transitive dependency","re-export; type-only","packages/contracts/platform/entity-runtime/src/record-presentation.ts","1"
"packages","packages/contracts/platform/entity-runtime/src/entity-lookup.ts","transitive dependency","import; re-export","packages/contracts/platform/entity-runtime/src/intake-surface.ts","7"
"packages","packages/contracts/platform/entity-runtime/src/governed-workflow.ts","transitive dependency","re-export","packages/contracts/platform/entity-runtime/src/index.ts","3"
"packages","packages/contracts/platform/entity-runtime/src/index.ts","transitive dependency","import; re-export; type-only","packages/contracts/platform/entity-list/src/types.ts","313"
"packages","packages/contracts/platform/entity-runtime/src/intake-data-values.ts","transitive dependency","re-export","packages/contracts/platform/entity-runtime/src/index.ts","42"
"packages","packages/contracts/platform/entity-runtime/src/intake-data.ts","transitive dependency","import; re-export; type-only","packages/contracts/platform/entity-runtime/src/intake-surface.ts","5"
"packages","packages/contracts/platform/entity-runtime/src/intake-flow-authoring.ts","transitive dependency","re-export","packages/contracts/platform/entity-runtime/src/index.ts","48"
"packages","packages/contracts/platform/entity-runtime/src/intake-surface-authoring.ts","transitive dependency","re-export","packages/contracts/platform/entity-runtime/src/index.ts","36"
"packages","packages/contracts/platform/entity-runtime/src/intake-surface.ts","transitive dependency","import; re-export; type-only","packages/contracts/platform/entity-runtime/src/index.ts","34"
"packages","packages/contracts/platform/entity-runtime/src/intake.ts","transitive dependency","import; re-export","packages/contracts/platform/entity-runtime/src/index.ts","33"
"packages","packages/contracts/platform/entity-runtime/src/lookup-options.ts","transitive dependency","import; re-export","packages/contracts/platform/entity-runtime/src/entity-lookup.ts","1"
"packages","packages/contracts/platform/entity-runtime/src/recent-choice.ts","transitive dependency","import; re-export","packages/contracts/platform/entity-runtime/src/intake-data.ts","19"
"packages","packages/contracts/platform/entity-runtime/src/record-360-panel.ts","transitive dependency","import; re-export","packages/contracts/platform/entity-runtime/src/record-presentation.ts","3"
"packages","packages/contracts/platform/entity-runtime/src/record-presentation.ts","transitive dependency","import; re-export","packages/contracts/platform/entity-runtime/src/index.ts","1"
"packages","packages/contracts/platform/entity-runtime/src/related-presentation.ts","transitive dependency","import; re-export","packages/contracts/platform/entity-runtime/src/record-presentation.ts","2"
"packages","packages/contracts/platform/entity-runtime/src/runtime-resource.ts","transitive dependency","re-export","packages/contracts/platform/entity-runtime/src/index.ts","50"
"packages","packages/contracts/platform/entity-runtime/src/validation-messages.ts","transitive dependency","import; re-export","packages/contracts/platform/entity-runtime/src/intake-surface.ts","1"
"packages","packages/contracts/platform/navigation/src/generated-catalog.ts","transitive dependency","import","packages/planes/neon/navigation/src/index.ts","1"
"packages","packages/contracts/platform/navigation/src/index.ts","transitive dependency","import; type-only","packages/platform/foundation/api-client/src/bootstrap.ts","3"
"packages","packages/planes/neon/business-partner/src/360/business-partner-360-client.ts","transitive dependency","re-export; type-only","packages/planes/neon/business-partner/src/index.tsx","104"
"packages","packages/planes/neon/business-partner/src/360/business-partner-360-commercial-client.ts","transitive dependency","import","packages/planes/neon/business-partner/src/360/components/commercial-controls.tsx","11"
"packages","packages/planes/neon/business-partner/src/360/business-partner-360-context.tsx","transitive dependency","import","packages/planes/neon/business-partner/src/360/components/commercial-controls.tsx","17"
"packages","packages/planes/neon/business-partner/src/360/business-partner-360-role-client.ts","transitive dependency","re-export","packages/planes/neon/business-partner/src/index.tsx","106"
"packages","packages/planes/neon/business-partner/src/360/business-partner-360-section-client.ts","transitive dependency","re-export","packages/planes/neon/business-partner/src/index.tsx","105"
"packages","packages/planes/neon/business-partner/src/360/components/commercial-controls.tsx","transitive dependency","import","packages/planes/neon/business-partner/src/banking-workspace.tsx","7"
"packages","packages/planes/neon/business-partner/src/360/display-values.ts","transitive dependency","import","packages/planes/neon/business-partner/src/index.tsx","2"
"packages","packages/planes/neon/business-partner/src/360/panel-definition.ts","transitive dependency","import","packages/planes/neon/business-partner/src/record-runtime.tsx","8"
"packages","packages/planes/neon/business-partner/src/360/section-providers.ts","transitive dependency","import","packages/planes/neon/business-partner/src/360/panel-definition.ts","2"
"packages","packages/planes/neon/business-partner/src/360/use-audited-reveal.ts","transitive dependency","import","packages/planes/neon/business-partner/src/360/components/commercial-controls.tsx","1"
"packages","packages/planes/neon/business-partner/src/applicant-client.ts","transitive dependency","import; type-only","packages/planes/neon/business-partner/src/applicant-experience.tsx","5"
"packages","packages/planes/neon/business-partner/src/applicant-experience.tsx","transitive dependency","re-export","packages/planes/neon/business-partner/src/index.tsx","108"
"packages","packages/planes/neon/business-partner/src/bank-verification-controls.tsx","transitive dependency","import","packages/planes/neon/business-partner/src/supplier-controls.tsx","3"
"packages","packages/planes/neon/business-partner/src/banking-workspace.tsx","transitive dependency","re-export","packages/planes/neon/business-partner/src/index.tsx","2227"
"packages","packages/planes/neon/business-partner/src/case-experience.tsx","transitive dependency","import","packages/planes/neon/business-partner/src/index.tsx","83"
"packages","packages/planes/neon/business-partner/src/client.ts","transitive dependency","import; re-export; type-only","packages/planes/neon/business-partner/src/supplier-process-correction.tsx","12"
"packages","packages/planes/neon/business-partner/src/command-feedback.ts","transitive dependency","import","packages/planes/neon/business-partner/src/index.tsx","3"
"packages","packages/planes/neon/business-partner/src/customer-controls.tsx","transitive dependency","re-export","packages/planes/neon/business-partner/src/index.tsx","101"
"packages","packages/planes/neon/business-partner/src/customer-request.tsx","transitive dependency","import; re-export","packages/planes/neon/business-partner/src/request-entry.tsx","30"
"packages","packages/planes/neon/business-partner/src/index.tsx","transitive dependency","import","apps/neon/app/(shell)/mdg/business-partner/[recordId]/page.tsx","3"
"packages","packages/planes/neon/business-partner/src/intake-submit.ts","transitive dependency","import","packages/planes/neon/business-partner/src/index.tsx","19"
"packages","packages/planes/neon/business-partner/src/mesh-proposal-experience.tsx","transitive dependency","re-export","packages/planes/neon/business-partner/src/index.tsx","109"
"packages","packages/planes/neon/business-partner/src/meta-request-form.ts","transitive dependency","import","packages/planes/neon/business-partner/src/index.tsx","18"
"packages","packages/planes/neon/business-partner/src/page-frame.tsx","transitive dependency","import","packages/planes/neon/business-partner/src/index.tsx","8"
"packages","packages/planes/neon/business-partner/src/partner-reference-field.tsx","transitive dependency","import","packages/planes/neon/business-partner/src/request-workspace.tsx","11"
"packages","packages/planes/neon/business-partner/src/record-runtime.tsx","transitive dependency","import","packages/planes/neon/business-partner/src/index.tsx","82"
"packages","packages/planes/neon/business-partner/src/request-attachment-field.tsx","transitive dependency","import","packages/planes/neon/business-partner/src/request-workspace.tsx","10"
"packages","packages/planes/neon/business-partner/src/request-entry.tsx","transitive dependency","import; re-export","packages/planes/neon/business-partner/src/index.tsx","95"
"packages","packages/planes/neon/business-partner/src/request-form-descriptor.ts","transitive dependency","import; re-export; type-only","packages/planes/neon/business-partner/src/client.ts","10"
"packages","packages/planes/neon/business-partner/src/request-relationships.ts","transitive dependency","import; type-only","packages/planes/neon/business-partner/src/client.ts","11"
"packages","packages/planes/neon/business-partner/src/request-workspace.tsx","transitive dependency","import","packages/planes/neon/business-partner/src/index.tsx","9"
"packages","packages/planes/neon/business-partner/src/result-experience.tsx","transitive dependency","import; re-export","packages/planes/neon/business-partner/src/index.tsx","94"
"packages","packages/planes/neon/business-partner/src/role-extension-experience.tsx","transitive dependency","import; re-export","packages/planes/neon/business-partner/src/request-entry.tsx","31"
"packages","packages/planes/neon/business-partner/src/supplier-controls.tsx","transitive dependency","re-export","packages/planes/neon/business-partner/src/index.tsx","102"
"packages","packages/planes/neon/business-partner/src/supplier-process-correction.tsx","transitive dependency","import","packages/planes/neon/business-partner/src/index.tsx","6"
"packages","packages/planes/neon/business-partner/src/supplier-process-documents.tsx","transitive dependency","import","packages/planes/neon/business-partner/src/supplier-process-correction.tsx","11"
"packages","packages/planes/neon/business-partner/src/supplier-process-preview.tsx","transitive dependency","import","packages/planes/neon/business-partner/src/index.tsx","5"
"packages","packages/planes/neon/business-partner/src/supplier-process-readiness.tsx","transitive dependency","import","packages/planes/neon/business-partner/src/supplier-process-correction.tsx","10"
"packages","packages/planes/neon/business-partner/src/task-information.tsx","transitive dependency","import","packages/planes/neon/business-partner/src/supplier-process-correction.tsx","13"
"packages","packages/planes/neon/business-partner/src/transaction-selector.tsx","transitive dependency","re-export","packages/planes/neon/business-partner/src/index.tsx","2225"
"packages","packages/planes/neon/business-partner/src/use-organization-selection.ts","transitive dependency","import","packages/planes/neon/business-partner/src/index.tsx","4"
"packages","packages/planes/neon/business-partner/src/validation-experience.tsx","transitive dependency","import","packages/planes/neon/business-partner/src/index.tsx","93"
"packages","packages/planes/neon/business-partner/src/validation-messages.ts","transitive dependency","import","packages/planes/neon/business-partner/src/validation-experience.tsx","4"
"packages","packages/planes/neon/business-partner/src/workflow.ts","transitive dependency","import; re-export; type-only","packages/planes/neon/business-partner/src/index.tsx","62"
"packages","packages/planes/neon/list-view/src/index.tsx","transitive dependency","import","apps/neon/lib/entity-application-layout.tsx","4"
"packages","packages/planes/neon/list-view/src/scope-adapters.tsx","transitive dependency","import","packages/planes/neon/list-view/src/index.tsx","28"
"packages","packages/planes/neon/navigation/src/index.ts","transitive dependency","import","packages/planes/neon/shell/src/index.tsx","56"
"packages","packages/planes/neon/shell/src/dismissable-picker.ts","transitive dependency","import","packages/planes/neon/shell/src/index.tsx","15"
"packages","packages/planes/neon/shell/src/index.tsx","transitive dependency","import","packages/planes/neon/business-partner/src/use-organization-selection.ts","2"
"packages","packages/planes/neon/shell/src/work-context-state.ts","transitive dependency","import","packages/planes/neon/shell/src/index.tsx","8"
"packages","packages/planes/neon/shell/src/workspace-context-control.tsx","transitive dependency","re-export","packages/planes/neon/shell/src/index.tsx","27"
"packages","packages/planes/neon/shell/src/workspace-context-status.tsx","transitive dependency","re-export","packages/planes/neon/shell/src/index.tsx","34"
"packages","packages/planes/neon/shell/src/workspace-scope.ts","transitive dependency","re-export","packages/planes/neon/shell/src/index.tsx","16"
"packages","packages/platform/ai/agent-runtime/src/index.ts","transitive dependency","import; re-export; type-only","packages/platform/ai/agent-ui/src/index.ts","2"
"packages","packages/platform/ai/agent-ui/src/automatic-brief.ts","transitive dependency","import","packages/platform/ai/agent-ui/src/index.ts","24"
"packages","packages/platform/ai/agent-ui/src/business-context.ts","transitive dependency","import; re-export","packages/platform/ai/agent-ui/src/index.ts","25"
"packages","packages/platform/ai/agent-ui/src/index.ts","transitive dependency","import; re-export; type-only","packages/platform/shell/shell/src/client.tsx","2"
"packages","packages/platform/communications/collaboration-ui/src/attachment-client.ts","transitive dependency","import; re-export","packages/platform/communications/collaboration-ui/src/index.ts","3"
"packages","packages/platform/communications/collaboration-ui/src/clipboard-converter.ts","transitive dependency","import; re-export; type-only","packages/platform/communications/collaboration-ui/src/index.ts","2"
"packages","packages/platform/communications/collaboration-ui/src/index.ts","transitive dependency","import","packages/platform/shell/shell/src/home.tsx","10"
"packages","packages/platform/communications/collaboration-ui/src/rich-comment-composer.tsx","transitive dependency","re-export","packages/platform/communications/collaboration-ui/src/index.ts","4"
"packages","packages/platform/communications/collaboration-ui/src/rich-text-types.ts","transitive dependency","import; re-export","packages/platform/communications/collaboration-ui/src/index.ts","1"
"packages","packages/platform/communications/notifications-client/src/index.ts","transitive dependency","import","packages/platform/shell/activity-center-data/src/index.ts","4"
"packages","packages/platform/entity/runtime/descriptor-client/src/index.ts","transitive dependency","import; type-only","packages/platform/entity/runtime/form-detail/src/index.tsx","6"
"packages","packages/platform/entity/runtime/descriptor-client/src/runtime-client.ts","transitive dependency","re-export","packages/platform/entity/runtime/descriptor-client/src/index.ts","20"
"packages","packages/platform/entity/runtime/form-detail/src/collection-section.tsx","transitive dependency","import; re-export","packages/platform/entity/runtime/form-detail/src/data-surface.tsx","13"
"packages","packages/platform/entity/runtime/form-detail/src/compiled-section-content.tsx","transitive dependency","import; re-export","packages/platform/entity/runtime/form-detail/src/entity-runtime-workspace.tsx","8"
"packages","packages/platform/entity/runtime/form-detail/src/data-surface.tsx","transitive dependency","re-export","packages/platform/entity/runtime/form-detail/src/index.tsx","72"
"packages","packages/platform/entity/runtime/form-detail/src/data-validation.tsx","transitive dependency","import; re-export","packages/platform/entity/runtime/form-detail/src/intake.tsx","2"
"packages","packages/platform/entity/runtime/form-detail/src/entity-lookup.tsx","transitive dependency","import; re-export","packages/platform/entity/runtime/form-detail/src/intake-surface.tsx","2"
"packages","packages/platform/entity/runtime/form-detail/src/entity-runtime-workspace.tsx","transitive dependency","re-export","packages/platform/entity/runtime/form-detail/src/index.tsx","86"
"packages","packages/platform/entity/runtime/form-detail/src/form-layout.tsx","transitive dependency","import; re-export","packages/platform/entity/runtime/form-detail/src/data-surface.tsx","2"
"packages","packages/platform/entity/runtime/form-detail/src/index.tsx","transitive dependency","import; type-only","packages/planes/neon/business-partner/src/request-workspace.tsx","7"
"packages","packages/platform/entity/runtime/form-detail/src/intake-classification.tsx","transitive dependency","re-export","packages/platform/entity/runtime/form-detail/src/index.tsx","68"
"packages","packages/platform/entity/runtime/form-detail/src/intake-state.ts","transitive dependency","import; re-export; type-only","packages/platform/entity/runtime/form-detail/src/intake.tsx","20"
"packages","packages/platform/entity/runtime/form-detail/src/intake-surface.tsx","transitive dependency","import; re-export","packages/platform/entity/runtime/form-detail/src/index.tsx","67"
"packages","packages/platform/entity/runtime/form-detail/src/intake.tsx","transitive dependency","import; re-export","packages/platform/entity/runtime/form-detail/src/index.tsx","66"
"packages","packages/platform/entity/runtime/form-detail/src/record-360-panel.tsx","transitive dependency","re-export","packages/platform/entity/runtime/form-detail/src/index.tsx","60"
"packages","packages/platform/entity/runtime/form-detail/src/record-action.tsx","transitive dependency","import; re-export","packages/platform/entity/runtime/form-detail/src/record-header.tsx","6"
"packages","packages/platform/entity/runtime/form-detail/src/record-header.tsx","transitive dependency","import; re-export","packages/platform/entity/runtime/form-detail/src/index.tsx","3"
"packages","packages/platform/entity/runtime/form-detail/src/reference-history-store.ts","transitive dependency","import","packages/platform/entity/runtime/form-detail/src/reference-select.tsx","13"
"packages","packages/platform/entity/runtime/form-detail/src/reference-lookup.tsx","transitive dependency","re-export","packages/platform/entity/runtime/form-detail/src/index.tsx","71"
"packages","packages/platform/entity/runtime/form-detail/src/reference-select.tsx","transitive dependency","import","packages/platform/entity/runtime/form-detail/src/data-surface.tsx","16"
"packages","packages/platform/entity/runtime/form-detail/src/registered-renderers/contact-address.tsx","transitive dependency","import; re-export","packages/platform/entity/runtime/form-detail/src/registered-renderers/index.ts","1"
"packages","packages/platform/entity/runtime/form-detail/src/registered-renderers/index.ts","transitive dependency","re-export","packages/platform/entity/runtime/form-detail/src/index.tsx","89"
"packages","packages/platform/entity/runtime/form-detail/src/related-record.tsx","transitive dependency","import; re-export","packages/platform/entity/runtime/form-detail/src/index.tsx","62"
"packages","packages/platform/entity/runtime/form-detail/src/section-navigation.tsx","transitive dependency","import; re-export","packages/platform/entity/runtime/form-detail/src/record-360-panel.tsx","2"
"packages","packages/platform/entity/runtime/form-detail/src/section-workspace.tsx","transitive dependency","import; re-export","packages/platform/entity/runtime/form-detail/src/index.tsx","79"
"packages","packages/platform/entity/runtime/form-detail/src/subsection-heading.tsx","transitive dependency","import","packages/platform/entity/runtime/form-detail/src/data-surface.tsx","3"
"packages","packages/platform/entity/runtime/form-detail/src/use-section-resource.ts","transitive dependency","import; re-export","packages/platform/entity/runtime/form-detail/src/index.tsx","80"
"packages","packages/platform/entity/runtime/list-view/src/applied-filters.tsx","transitive dependency","import","packages/platform/entity/runtime/list-view/src/index.tsx","8"
"packages","packages/platform/entity/runtime/list-view/src/columns.ts","transitive dependency","import","packages/platform/entity/runtime/list-view/src/index.tsx","164"
"packages","packages/platform/entity/runtime/list-view/src/data-operations.tsx","transitive dependency","import","packages/platform/entity/runtime/list-view/src/index.tsx","159"
"packages","packages/platform/entity/runtime/list-view/src/directory-filters.tsx","transitive dependency","import; re-export","packages/platform/entity/runtime/list-view/src/index.tsx","10"
"packages","packages/platform/entity/runtime/list-view/src/drawer-registry.tsx","transitive dependency","import","packages/platform/entity/runtime/list-view/src/index.tsx","30"
"packages","packages/platform/entity/runtime/list-view/src/field-catalogue.tsx","transitive dependency","import","packages/platform/entity/runtime/list-view/src/index.tsx","170"
"packages","packages/platform/entity/runtime/list-view/src/filter-editor.tsx","transitive dependency","import","packages/platform/entity/runtime/list-view/src/index.tsx","23"
"packages","packages/platform/entity/runtime/list-view/src/import-workspace.tsx","transitive dependency","re-export","packages/platform/entity/runtime/list-view/src/index.tsx","5282"
"packages","packages/platform/entity/runtime/list-view/src/index.tsx","transitive dependency","dynamic/require; import; type-only","packages/platform/entity/runtime/form-detail/src/entity-lookup.tsx","36"
"packages","packages/platform/entity/runtime/list-view/src/location.ts","transitive dependency","import","packages/platform/entity/runtime/list-view/src/lookup-directory.ts","14"
"packages","packages/platform/entity/runtime/list-view/src/lookup-directory.ts","transitive dependency","import; re-export","packages/platform/entity/runtime/form-detail/src/entity-lookup.tsx","23"
"packages","packages/platform/entity/runtime/list-view/src/navigation.tsx","transitive dependency","import","packages/platform/entity/runtime/list-view/src/index.tsx","37"
"packages","packages/platform/entity/runtime/list-view/src/overview-favourites.tsx","transitive dependency","import","packages/platform/entity/runtime/list-view/src/overview.tsx","2"
"packages","packages/platform/entity/runtime/list-view/src/overview-messages.ts","transitive dependency","import","packages/platform/entity/runtime/list-view/src/overview-favourites.tsx","2"
"packages","packages/platform/entity/runtime/list-view/src/overview.tsx","transitive dependency","import; re-export","packages/platform/entity/runtime/list-view/src/index.tsx","38"
"packages","packages/platform/entity/runtime/list-view/src/preferences.ts","transitive dependency","dynamic/require; import","packages/platform/entity/runtime/list-view/src/location.ts","2"
"packages","packages/platform/entity/runtime/list-view/src/required-context-status.tsx","transitive dependency","import","packages/platform/entity/runtime/list-view/src/index.tsx","9"
"packages","packages/platform/entity/runtime/list-view/src/scope-control.tsx","transitive dependency","re-export","packages/platform/entity/runtime/list-view/src/index.tsx","5276"
"packages","packages/platform/entity/runtime/list-view/src/state.ts","transitive dependency","import; re-export","packages/platform/entity/runtime/list-view/src/filter-editor.tsx","26"
"packages","packages/platform/entity/runtime/list-view/src/sticky-table-header.ts","transitive dependency","import","packages/platform/entity/runtime/list-view/src/sticky-table.tsx","3"
"packages","packages/platform/entity/runtime/list-view/src/sticky-table.tsx","transitive dependency","import; re-export","packages/platform/entity/runtime/list-view/src/index.tsx","36"
"packages","packages/platform/entity/runtime/list-view/src/transfer-workspace.tsx","transitive dependency","re-export","packages/platform/entity/runtime/list-view/src/index.tsx","5281"
"packages","packages/platform/entity/runtime/list-view/src/view-policy.ts","transitive dependency","import","packages/platform/entity/runtime/list-view/src/lookup-directory.ts","13"
"packages","packages/platform/foundation/api-client/src/bootstrap.ts","transitive dependency","import; re-export","packages/platform/foundation/api-client/src/index.ts","4"
"packages","packages/platform/foundation/api-client/src/entity-list.ts","transitive dependency","re-export","packages/platform/foundation/api-client/src/index.ts","9"
"packages","packages/platform/foundation/api-client/src/index.ts","transitive dependency","import; type-only","packages/planes/neon/business-partner/src/command-feedback.ts","1"
"packages","packages/platform/foundation/api-client/src/localization.ts","transitive dependency","re-export","packages/platform/foundation/api-client/src/index.ts","8"
"packages","packages/platform/foundation/api-client/src/network-account.ts","transitive dependency","re-export","packages/platform/foundation/api-client/src/index.ts","7"
"packages","packages/platform/foundation/api-client/src/operating-organization.ts","transitive dependency","import; re-export","packages/platform/foundation/api-client/src/work-context.ts","2"
"packages","packages/platform/foundation/api-client/src/reference-history.ts","transitive dependency","re-export","packages/platform/foundation/api-client/src/index.ts","210"
"packages","packages/platform/foundation/api-client/src/signed-upload.ts","transitive dependency","re-export","packages/platform/foundation/api-client/src/index.ts","208"
"packages","packages/platform/foundation/api-client/src/work-context.ts","transitive dependency","re-export","packages/platform/foundation/api-client/src/index.ts","5"
"packages","packages/platform/foundation/brand/src/atlas-modern.ts","transitive dependency","import; re-export","packages/platform/foundation/brand/src/index.ts","1"
"packages","packages/platform/foundation/brand/src/index.ts","transitive dependency","import; re-export; type-only","packages/platform/shell/app-foundation/src/application-fallbacks.tsx","4"
"packages","packages/platform/foundation/i18n/src/entity-messages.ts","transitive dependency","import","packages/platform/shell/shell/src/messages.ts","1"
"packages","packages/platform/foundation/i18n/src/index.ts","transitive dependency","import; type-only","packages/platform/foundation/api-client/src/bootstrap.ts","4"
"packages","packages/platform/foundation/i18n/src/react.tsx","transitive dependency","import","packages/platform/shell/shell/src/index.tsx","3"
"packages","packages/platform/foundation/icons/src/atlas-brand.tsx","transitive dependency","re-export","packages/platform/foundation/icons/src/index.tsx","343"
"packages","packages/platform/foundation/icons/src/catalog-icons.tsx","transitive dependency","import; re-export","packages/platform/foundation/icons/src/index.tsx","25"
"packages","packages/platform/foundation/icons/src/check.tsx","transitive dependency","import; re-export","packages/platform/foundation/icons/src/index.tsx","2"
"packages","packages/platform/foundation/icons/src/chevron-down.tsx","transitive dependency","import; re-export","packages/platform/foundation/icons/src/index.tsx","3"
"packages","packages/platform/foundation/icons/src/close.tsx","transitive dependency","import; re-export","packages/platform/foundation/icons/src/index.tsx","4"
"packages","packages/platform/foundation/icons/src/home.tsx","transitive dependency","import; re-export","packages/platform/foundation/icons/src/index.tsx","5"
"packages","packages/platform/foundation/icons/src/icon.tsx","transitive dependency","import; type-only","packages/platform/foundation/icons/src/check.tsx","2"
"packages","packages/platform/foundation/icons/src/index.tsx","transitive dependency","import","packages/platform/foundation/ui/src/date-picker-calendar.tsx","5"
"packages","packages/platform/foundation/icons/src/info.tsx","transitive dependency","import; re-export","packages/platform/foundation/icons/src/index.tsx","6"
"packages","packages/platform/foundation/icons/src/list-controls.tsx","transitive dependency","import; re-export","packages/platform/foundation/icons/src/index.tsx","59"
"packages","packages/platform/foundation/icons/src/menu.tsx","transitive dependency","import; re-export","packages/platform/foundation/icons/src/index.tsx","8"
"packages","packages/platform/foundation/icons/src/shell-icons.tsx","transitive dependency","import; re-export","packages/platform/foundation/icons/src/index.tsx","11"
"packages","packages/platform/foundation/icons/src/user.tsx","transitive dependency","import; re-export","packages/platform/foundation/icons/src/index.tsx","9"
"packages","packages/platform/foundation/icons/src/warning.tsx","transitive dependency","import; re-export","packages/platform/foundation/icons/src/index.tsx","10"
"packages","packages/platform/foundation/query/src/core.ts","transitive dependency","import; re-export; type-only","packages/platform/foundation/query/src/index.tsx","6"
"packages","packages/platform/foundation/query/src/index.tsx","transitive dependency","import; type-only","packages/platform/shell/app-foundation/src/boundaries.tsx","3"
"packages","packages/platform/foundation/surface-kit/src/index.tsx","transitive dependency","import","packages/platform/shell/app-foundation/src/index.tsx","16"
"packages","packages/platform/foundation/surface-kit/src/public-identity-surface.tsx","transitive dependency","import","packages/platform/iam/identity-gate/src/index.tsx","5"
"packages","packages/platform/foundation/surface-kit/src/stack-rules.ts","transitive dependency","re-export","packages/platform/foundation/surface-kit/src/index.tsx","7"
"packages","packages/platform/foundation/temporal/src/index.ts","transitive dependency","import","packages/platform/foundation/api-client/src/operating-organization.ts","1"
"packages","packages/platform/foundation/theme/src/index.tsx","transitive dependency","import","apps/neon/app/layout.tsx","9"
"packages","packages/platform/foundation/theme/src/tokens.ts","transitive dependency","import; re-export","packages/platform/shell/app-foundation/src/index.tsx","17"
"packages","packages/platform/foundation/ui/src/applied-filters.tsx","transitive dependency","re-export","packages/platform/foundation/ui/src/index.tsx","244"
"packages","packages/platform/foundation/ui/src/choice-presentation.ts","transitive dependency","re-export","packages/platform/foundation/ui/src/index.tsx","18"
"packages","packages/platform/foundation/ui/src/company-groups.tsx","transitive dependency","re-export","packages/platform/foundation/ui/src/index.tsx","235"
"packages","packages/platform/foundation/ui/src/context-selection-drawer.tsx","transitive dependency","re-export","packages/platform/foundation/ui/src/index.tsx","246"
"packages","packages/platform/foundation/ui/src/date-picker-calendar.tsx","transitive dependency","dynamic/require","packages/platform/foundation/ui/src/date-picker.tsx","14"
"packages","packages/platform/foundation/ui/src/date-picker.tsx","transitive dependency","import; re-export","packages/platform/foundation/ui/src/index.tsx","6"
"packages","packages/platform/foundation/ui/src/index.tsx","transitive dependency","import","packages/platform/shell/app-foundation/src/boundaries.tsx","4"
"packages","packages/platform/foundation/ui/src/modal-isolation.ts","transitive dependency","import; re-export","packages/platform/foundation/ui/src/index.tsx","2"
"packages","packages/platform/foundation/ui/src/presentation.tsx","transitive dependency","import; re-export","packages/platform/foundation/ui/src/index.tsx","234"
"packages","packages/platform/foundation/ui/src/preview-frame.tsx","transitive dependency","re-export","packages/platform/foundation/ui/src/index.tsx","245"
"packages","packages/platform/foundation/ui/src/searchable-select.tsx","transitive dependency","re-export","packages/platform/foundation/ui/src/index.tsx","237"
"packages","packages/platform/gateway/bff-relay/src/index.ts","transitive dependency","import","apps/neon/lib/relay.ts","2"
"packages","packages/platform/iam/auth-bff/src/environment.ts","transitive dependency","import","apps/neon/lib/auth.ts","2"
"packages","packages/platform/iam/auth-bff/src/index.ts","transitive dependency","import","packages/platform/iam/auth-bff/src/environment.ts","17"
"packages","packages/platform/iam/auth-bff/src/runtime-environment.ts","transitive dependency","import; re-export; type-only","apps/neon/lib/environment.ts","1"
"packages","packages/platform/iam/identity-gate/src/context-picker.tsx","transitive dependency","import; type-only","packages/platform/iam/identity-gate/src/index.tsx","7"
"packages","packages/platform/iam/identity-gate/src/index.tsx","transitive dependency","import","apps/neon/app/layout.tsx","8"
"packages","packages/platform/iam/identity-gate/src/workspace-map-data.ts","transitive dependency","import","packages/platform/iam/identity-gate/src/workspace-showcase.tsx","11"
"packages","packages/platform/iam/identity-gate/src/workspace-showcase-data.ts","transitive dependency","import","packages/platform/iam/identity-gate/src/workspace-showcase.tsx","10"
"packages","packages/platform/iam/identity-gate/src/workspace-showcase.tsx","transitive dependency","import","packages/platform/iam/identity-gate/src/index.tsx","8"
"packages","packages/platform/iam/session-store/src/index.ts","transitive dependency","import","packages/platform/iam/auth-bff/src/environment.ts","10"
"packages","packages/platform/iam/session/src/index.ts","transitive dependency","import; type-only","packages/platform/shell/app-foundation/src/server.ts","1"
"packages","packages/platform/shell/activity-center-data/src/index.ts","transitive dependency","import","packages/planes/neon/shell/src/index.tsx","52"
"packages","packages/platform/shell/app-foundation/src/application-fallbacks.tsx","transitive dependency","re-export","packages/platform/shell/app-foundation/src/index.tsx","8"
"packages","packages/platform/shell/app-foundation/src/boundaries.tsx","transitive dependency","import; re-export","packages/platform/shell/app-foundation/src/index.tsx","7"
"packages","packages/platform/shell/app-foundation/src/browser-csrf.ts","transitive dependency","import; re-export","packages/platform/shell/app-foundation/src/index.tsx","3"
"packages","packages/platform/shell/app-foundation/src/error-taxonomy.ts","transitive dependency","import; re-export","packages/platform/shell/app-foundation/src/boundaries.tsx","7"
"packages","packages/platform/shell/app-foundation/src/index.tsx","transitive dependency","import","packages/planes/neon/business-partner/src/command-feedback.ts","2"
"packages","packages/platform/shell/app-foundation/src/request-destination.ts","transitive dependency","import","packages/platform/shell/app-foundation/src/server.ts","2"
"packages","packages/platform/shell/app-foundation/src/server.ts","transitive dependency","import","apps/neon/lib/bootstrap.ts","2"
"packages","packages/platform/shell/shell-runtime/src/core.ts","transitive dependency","import; re-export","packages/platform/shell/shell-runtime/src/index.tsx","4"
"packages","packages/platform/shell/shell-runtime/src/index.tsx","transitive dependency","import; re-export","packages/platform/shell/app-foundation/src/index.tsx","10"
"packages","packages/platform/shell/shell/src/activity-center.tsx","transitive dependency","import; type-only","packages/platform/shell/shell/src/shell-surfaces.ts","1"
"packages","packages/platform/shell/shell/src/activity-counts.ts","transitive dependency","import","packages/platform/shell/shell/src/activity-center.tsx","4"
"packages","packages/platform/shell/shell/src/atlas-action-history.tsx","transitive dependency","import","packages/platform/shell/shell/src/atlas-workspace.tsx","2"
"packages","packages/platform/shell/shell/src/atlas-answer.tsx","transitive dependency","import","packages/platform/shell/shell/src/atlas-workspace.tsx","33"
"packages","packages/platform/shell/shell/src/atlas-context-inspector.tsx","transitive dependency","import","packages/platform/shell/shell/src/atlas-workspace.tsx","5"
"packages","packages/platform/shell/shell/src/atlas-surface.tsx","transitive dependency","import","packages/platform/shell/shell/src/client.tsx","61"
"packages","packages/platform/shell/shell/src/atlas-workspace.tsx","transitive dependency","import; re-export","packages/platform/shell/shell/src/shell-overlay-host.tsx","5"
"packages","packages/platform/shell/shell/src/client.tsx","transitive dependency","import; type-only","packages/platform/shell/shell/src/index.tsx","4"
"packages","packages/platform/shell/shell/src/content-header.tsx","transitive dependency","re-export","packages/platform/shell/shell/src/index.tsx","12"
"packages","packages/platform/shell/shell/src/context-departure.ts","transitive dependency","re-export","packages/platform/shell/shell/src/index.tsx","11"
"packages","packages/platform/shell/shell/src/core.ts","transitive dependency","import; re-export; type-only","packages/platform/shell/shell/src/quick-access.tsx","8"
"packages","packages/platform/shell/shell/src/entity-page-layout.tsx","transitive dependency","import; re-export","packages/platform/shell/shell/src/index.tsx","27"
"packages","packages/platform/shell/shell/src/home-personalization.ts","transitive dependency","import","packages/platform/shell/shell/src/home.tsx","45"
"packages","packages/platform/shell/shell/src/home.tsx","transitive dependency","import; re-export","packages/platform/shell/shell/src/atlas-workspace.tsx","28"
"packages","packages/platform/shell/shell/src/index.tsx","transitive dependency","import; type-only","packages/planes/neon/business-partner/src/command-feedback.ts","4"
"packages","packages/platform/shell/shell/src/management-workspace.tsx","transitive dependency","re-export","packages/platform/shell/shell/src/index.tsx","35"
"packages","packages/platform/shell/shell/src/messages.ts","transitive dependency","import","packages/platform/shell/shell/src/shell-i18n.ts","7"
"packages","packages/platform/shell/shell/src/page-foundation.tsx","transitive dependency","import; re-export","packages/platform/shell/shell/src/index.tsx","13"
"packages","packages/platform/shell/shell/src/page-navigation.tsx","transitive dependency","re-export","packages/platform/shell/shell/src/index.tsx","40"
"packages","packages/platform/shell/shell/src/page-resource-boundary.tsx","transitive dependency","re-export","packages/platform/shell/shell/src/index.tsx","41"
"packages","packages/platform/shell/shell/src/page-workspace.tsx","transitive dependency","import; re-export","packages/platform/shell/shell/src/management-workspace.tsx","5"
"packages","packages/platform/shell/shell/src/personalization-scope.tsx","transitive dependency","import","packages/platform/shell/shell/src/home.tsx","57"
"packages","packages/platform/shell/shell/src/quick-access.tsx","transitive dependency","import; type-only","packages/platform/shell/shell/src/shell-surfaces.ts","2"
"packages","packages/platform/shell/shell/src/record-footer.tsx","transitive dependency","import; re-export","packages/platform/shell/shell/src/shell-chrome.tsx","3"
"packages","packages/platform/shell/shell/src/route-state.tsx","transitive dependency","import; re-export; type-only","packages/platform/shell/shell/src/quick-access.tsx","9"
"packages","packages/platform/shell/shell/src/shell-chrome.tsx","transitive dependency","import","packages/platform/shell/shell/src/client.tsx","3"
"packages","packages/platform/shell/shell/src/shell-header-actions.tsx","transitive dependency","import","packages/platform/shell/shell/src/client.tsx","16"
"packages","packages/platform/shell/shell/src/shell-i18n.ts","transitive dependency","import","packages/platform/shell/shell/src/shell-header-actions.tsx","18"
"packages","packages/platform/shell/shell/src/shell-navigation.tsx","transitive dependency","import","packages/platform/shell/shell/src/client.tsx","17"
"packages","packages/platform/shell/shell/src/shell-overlay-host.tsx","transitive dependency","import","packages/platform/shell/shell/src/client.tsx","62"
"packages","packages/platform/shell/shell/src/shell-overlay-state.ts","transitive dependency","import","packages/platform/shell/shell/src/use-shell-surfaces.ts","6"
"packages","packages/platform/shell/shell/src/shell-preferences.ts","transitive dependency","import","packages/platform/shell/shell/src/client.tsx","14"
"packages","packages/platform/shell/shell/src/shell-surface-boundary.tsx","transitive dependency","import","packages/platform/shell/shell/src/client.tsx","9"
"packages","packages/platform/shell/shell/src/shell-surface-context.ts","transitive dependency","import","packages/platform/shell/shell/src/client.tsx","10"
"packages","packages/platform/shell/shell/src/shell-surfaces.ts","transitive dependency","import; type-only","packages/platform/shell/shell/src/shell-surface-context.ts","3"
"packages","packages/platform/shell/shell/src/shell-utilities-menu.tsx","transitive dependency","import","packages/platform/shell/shell/src/shell-header-actions.tsx","25"
"packages","packages/platform/shell/shell/src/task-header.tsx","transitive dependency","re-export","packages/platform/shell/shell/src/index.tsx","37"
"packages","packages/platform/shell/shell/src/use-shell-surfaces.ts","transitive dependency","import","packages/platform/shell/shell/src/client.tsx","15"
"packages","packages/platform/shell/work-inbox/src/index.ts","transitive dependency","import","packages/platform/shell/activity-center-data/src/index.ts","6"
"server/packages","server/packages/contracts/audit/src/events.ts","transitive dependency","type-only","server/packages/contracts/audit/src/index.ts","1"
"server/packages","server/packages/contracts/audit/src/governance.ts","transitive dependency","type-only","server/packages/contracts/audit/src/index.ts","2"
"server/packages","server/packages/contracts/audit/src/index.ts","transitive dependency","type-only","server/packages/services/master-data/src/business-partner-360-service.ts","38"
"server/packages","server/packages/contracts/audit/src/ports.ts","transitive dependency","type-only","server/packages/contracts/audit/src/index.ts","3"
"server/packages","server/packages/contracts/auth/src/authorization.ts","transitive dependency","type-only","server/packages/contracts/auth/src/index.ts","1"
"server/packages","server/packages/contracts/auth/src/identity.ts","transitive dependency","type-only","server/packages/contracts/auth/src/authorization.ts","2"
"server/packages","server/packages/contracts/auth/src/index.ts","transitive dependency","type-only","server/packages/platform/experience/src/entity-runtime-routes.ts","1"
"server/packages","server/packages/contracts/auth/src/management.ts","transitive dependency","re-export","server/packages/contracts/auth/src/index.ts","3"
"server/packages","server/packages/contracts/auth/src/ports.ts","transitive dependency","type-only","server/packages/contracts/auth/src/index.ts","4"
"server/packages","server/packages/contracts/events/src/event-key.ts","transitive dependency","re-export","server/packages/contracts/events/src/index.ts","1"
"server/packages","server/packages/contracts/events/src/events.ts","transitive dependency","type-only","server/packages/contracts/events/src/index.ts","3"
"server/packages","server/packages/contracts/events/src/idempotency.ts","transitive dependency","re-export","server/packages/contracts/events/src/index.ts","2"
"server/packages","server/packages/contracts/events/src/index.ts","transitive dependency","import; type-only","server/packages/services/master-data/src/business-partner-request-service.ts","12"
"server/packages","server/packages/contracts/events/src/ports.ts","transitive dependency","type-only","server/packages/contracts/events/src/index.ts","4"
"server/packages","server/packages/contracts/experience/src/errors.ts","transitive dependency","re-export","server/packages/contracts/experience/src/index.ts","2"
"server/packages","server/packages/contracts/experience/src/index.ts","transitive dependency","import; re-export; type-only","server/packages/platform/experience/src/ports.ts","1"
"server/packages","server/packages/contracts/experience/src/neon-action-policy.ts","transitive dependency","re-export","server/packages/contracts/experience/src/index.ts","3"
"server/packages","server/packages/contracts/experience/src/ports.ts","transitive dependency","re-export","server/packages/contracts/experience/src/index.ts","1"
"server/packages","server/packages/contracts/finance/src/budget.ts","transitive dependency","re-export","server/packages/contracts/finance/src/index.ts","2"
"server/packages","server/packages/contracts/finance/src/closing.ts","transitive dependency","re-export","server/packages/contracts/finance/src/index.ts","4"
"server/packages","server/packages/contracts/finance/src/commands.ts","transitive dependency","re-export; type-only","server/packages/contracts/finance/src/index.ts","1"
"server/packages","server/packages/contracts/finance/src/errors.ts","transitive dependency","re-export","server/packages/contracts/finance/src/index.ts","7"
"server/packages","server/packages/contracts/finance/src/foundation.ts","transitive dependency","re-export; type-only","server/packages/contracts/finance/src/budget.ts","7"
"server/packages","server/packages/contracts/finance/src/index.ts","transitive dependency","import; type-only","server/packages/services/finance/src/ledger/business-partner-journal-activity.ts","1"
"server/packages","server/packages/contracts/finance/src/inventory.ts","transitive dependency","re-export","server/packages/contracts/finance/src/index.ts","5"
"server/packages","server/packages/contracts/finance/src/ledger.ts","transitive dependency","re-export","server/packages/contracts/finance/src/index.ts","3"
"server/packages","server/packages/contracts/finance/src/numbering.ts","transitive dependency","re-export","server/packages/contracts/finance/src/index.ts","12"
"server/packages","server/packages/contracts/finance/src/permissions.ts","transitive dependency","re-export","server/packages/contracts/finance/src/index.ts","9"
"server/packages","server/packages/contracts/finance/src/ports.ts","transitive dependency","re-export","server/packages/contracts/finance/src/index.ts","10"
"server/packages","server/packages/contracts/finance/src/results.ts","transitive dependency","re-export; type-only","server/packages/contracts/finance/src/budget.ts","8"
"server/packages","server/packages/contracts/finance/src/tax.ts","transitive dependency","re-export","server/packages/contracts/finance/src/index.ts","6"
"server/packages","server/packages/contracts/jobs/src/administration.ts","transitive dependency","type-only","server/packages/contracts/jobs/src/index.ts","1"
"server/packages","server/packages/contracts/jobs/src/errors.ts","transitive dependency","re-export","server/packages/contracts/jobs/src/index.ts","7"
"server/packages","server/packages/contracts/jobs/src/governance.ts","transitive dependency","type-only","server/packages/contracts/jobs/src/index.ts","3"
"server/packages","server/packages/contracts/jobs/src/index.ts","transitive dependency","type-only","server/packages/platform/workflow/src/workflow-jobs.ts","2"
"server/packages","server/packages/contracts/jobs/src/jobs.ts","transitive dependency","type-only","server/packages/contracts/jobs/src/administration.ts","1"
"server/packages","server/packages/contracts/jobs/src/operations.ts","transitive dependency","type-only","server/packages/contracts/jobs/src/index.ts","6"
"server/packages","server/packages/contracts/jobs/src/ports.ts","transitive dependency","type-only","server/packages/contracts/jobs/src/index.ts","4"
"server/packages","server/packages/contracts/jobs/src/scheduling.ts","transitive dependency","type-only","server/packages/contracts/jobs/src/governance.ts","12"
"server/packages","server/packages/contracts/master-data/src/bank-account-identifiers.ts","transitive dependency","re-export","server/packages/contracts/master-data/src/index.ts","21"
"server/packages","server/packages/contracts/master-data/src/business-partner-360-commercial-controls.ts","transitive dependency","re-export; type-only","server/packages/contracts/master-data/src/business-partner-360.ts","380"
"server/packages","server/packages/contracts/master-data/src/business-partner-360-explainability.ts","transitive dependency","re-export","server/packages/contracts/master-data/src/index.ts","12"
"server/packages","server/packages/contracts/master-data/src/business-partner-360-network.ts","transitive dependency","re-export","server/packages/contracts/master-data/src/index.ts","13"
"server/packages","server/packages/contracts/master-data/src/business-partner-360-role-sections.ts","transitive dependency","re-export","server/packages/contracts/master-data/src/index.ts","10"
"server/packages","server/packages/contracts/master-data/src/business-partner-360-sections.ts","transitive dependency","re-export; type-only","server/packages/contracts/master-data/src/business-partner-360.ts","375"
"server/packages","server/packages/contracts/master-data/src/business-partner-360.ts","transitive dependency","re-export; type-only","server/packages/contracts/master-data/src/index.ts","8"
"server/packages","server/packages/contracts/master-data/src/business-partner-eligibility-ports.ts","transitive dependency","type-only","server/packages/contracts/master-data/src/index.ts","7"
"server/packages","server/packages/contracts/master-data/src/business-partner-eligibility.ts","transitive dependency","re-export; type-only","server/packages/contracts/master-data/src/index.ts","6"
"server/packages","server/packages/contracts/master-data/src/business-partner-invitation-ports.ts","transitive dependency","type-only","server/packages/contracts/master-data/src/index.ts","15"
"server/packages","server/packages/contracts/master-data/src/business-partner-invitations.ts","transitive dependency","re-export; type-only","server/packages/contracts/master-data/src/index.ts","14"
"server/packages","server/packages/contracts/master-data/src/business-partner-request-ports.ts","transitive dependency","type-only","server/packages/contracts/master-data/src/index.ts","4"
"server/packages","server/packages/contracts/master-data/src/business-partner-requests.ts","transitive dependency","re-export; type-only","server/packages/contracts/master-data/src/index.ts","3"
"server/packages","server/packages/contracts/master-data/src/governed-internal-business-partner.ts","transitive dependency","type-only","server/packages/contracts/master-data/src/index.ts","5"
"server/packages","server/packages/contracts/master-data/src/index.ts","transitive dependency","import; type-only","server/packages/services/master-data/src/business-partner-provider-projection.ts","2"
"server/packages","server/packages/contracts/master-data/src/models.ts","transitive dependency","type-only","server/packages/contracts/master-data/src/index.ts","1"
"server/packages","server/packages/contracts/master-data/src/ports.ts","transitive dependency","type-only","server/packages/contracts/master-data/src/index.ts","2"
"server/packages","server/packages/contracts/master-data/src/supplier-onboarding-requirement.ts","transitive dependency","re-export","server/packages/contracts/master-data/src/index.ts","23"
"server/packages","server/packages/contracts/master-data/src/supplier-workforce.ts","transitive dependency","re-export","server/packages/contracts/master-data/src/index.ts","18"
"server/packages","server/packages/contracts/master-data/src/workforce-ports.ts","transitive dependency","type-only","server/packages/contracts/master-data/src/index.ts","17"
"server/packages","server/packages/contracts/master-data/src/workforce.ts","transitive dependency","re-export; type-only","server/packages/contracts/master-data/src/index.ts","16"
"server/packages","server/packages/contracts/metadata/src/atlas-learning.ts","transitive dependency","re-export","server/packages/contracts/metadata/src/index.ts","15"
"server/packages","server/packages/contracts/metadata/src/collection-relationship.ts","transitive dependency","re-export; type-only","server/packages/contracts/metadata/src/descriptors.ts","304"
"server/packages","server/packages/contracts/metadata/src/descriptors.ts","transitive dependency","re-export; type-only","server/packages/contracts/metadata/src/index.ts","1"
"server/packages","server/packages/contracts/metadata/src/directory-scope.ts","transitive dependency","re-export; type-only","server/packages/contracts/metadata/src/descriptors.ts","301"
"server/packages","server/packages/contracts/metadata/src/entity-ai.ts","transitive dependency","import; re-export; type-only","server/packages/contracts/metadata/src/descriptors.ts","299"
"server/packages","server/packages/contracts/metadata/src/entity-authorization-registry.ts","transitive dependency","re-export","server/packages/contracts/metadata/src/index.ts","14"
"server/packages","server/packages/contracts/metadata/src/entity-authorization-runtime.ts","transitive dependency","import; re-export; type-only","server/packages/contracts/metadata/src/descriptors.ts","1"
"server/packages","server/packages/contracts/metadata/src/entity-authorization.ts","transitive dependency","import; re-export; type-only","server/packages/contracts/metadata/src/entity-canonical-read-admission.ts","1"
"server/packages","server/packages/contracts/metadata/src/entity-canonical-read-admission.ts","transitive dependency","import; re-export","server/packages/contracts/metadata/src/entity-authorization-runtime.ts","2"
"server/packages","server/packages/contracts/metadata/src/index.ts","transitive dependency","import; type-only","server/packages/platform/metadata/src/metadata-service.ts","1"
"server/packages","server/packages/contracts/metadata/src/ports.ts","transitive dependency","type-only","server/packages/contracts/metadata/src/index.ts","3"
"server/packages","server/packages/contracts/policy/src/index.ts","transitive dependency","type-only","server/packages/platform/workflow/src/workflow-service.ts","8"
"server/packages","server/packages/contracts/policy/src/policy.ts","transitive dependency","type-only","server/packages/contracts/policy/src/index.ts","1"
"server/packages","server/packages/contracts/policy/src/ports.ts","transitive dependency","type-only","server/packages/contracts/policy/src/index.ts","2"
"server/packages","server/packages/contracts/publication/src/artifact.ts","transitive dependency","re-export; type-only","server/packages/contracts/publication/src/index.ts","1"
"server/packages","server/packages/contracts/publication/src/authority.ts","transitive dependency","type-only","server/packages/contracts/publication/src/index.ts","3"
"server/packages","server/packages/contracts/publication/src/deployment.ts","transitive dependency","type-only","server/packages/contracts/publication/src/projection.ts","154"
"server/packages","server/packages/contracts/publication/src/errors.ts","transitive dependency","import; re-export","server/packages/contracts/publication/src/artifact.ts","1"
"server/packages","server/packages/contracts/publication/src/index.ts","transitive dependency","import; type-only","server/packages/platform/experience/src/entity-section-service.ts","2"
"server/packages","server/packages/contracts/publication/src/operations.ts","transitive dependency","type-only","server/packages/contracts/publication/src/index.ts","9"
"server/packages","server/packages/contracts/publication/src/orchestration.ts","transitive dependency","type-only","server/packages/contracts/publication/src/index.ts","5"
"server/packages","server/packages/contracts/publication/src/projection.ts","transitive dependency","re-export; type-only","server/packages/contracts/publication/src/artifact.ts","2"
"server/packages","server/packages/contracts/publication/src/signing.ts","transitive dependency","type-only","server/packages/contracts/publication/src/index.ts","8"
"server/packages","server/packages/contracts/records/src/advanced.ts","transitive dependency","type-only","server/packages/contracts/records/src/ports.ts","15"
"server/packages","server/packages/contracts/records/src/index.ts","transitive dependency","type-only","server/packages/services/records/src/authorized-aggregate.ts","1"
"server/packages","server/packages/contracts/records/src/mutation.ts","transitive dependency","type-only","server/packages/contracts/records/src/index.ts","1"
"server/packages","server/packages/contracts/records/src/ports.ts","transitive dependency","type-only","server/packages/contracts/records/src/index.ts","2"
"server/packages","server/packages/contracts/records/src/query.ts","transitive dependency","type-only","server/packages/contracts/records/src/ports.ts","9"
"server/packages","server/packages/contracts/secrets/src/index.ts","transitive dependency","type-only","server/packages/services/master-data/src/business-partner-360-mesh-http-transport.ts","1"
"server/packages","server/packages/contracts/workflow/src/authoring.ts","transitive dependency","type-only","server/packages/contracts/workflow/src/index.ts","3"
"server/packages","server/packages/contracts/workflow/src/index.ts","transitive dependency","type-only","server/packages/platform/workflow/src/workflow-service.ts","9"
"server/packages","server/packages/contracts/workflow/src/ports.ts","transitive dependency","type-only","server/packages/contracts/workflow/src/index.ts","2"
"server/packages","server/packages/contracts/workflow/src/task-governance.ts","transitive dependency","type-only","server/packages/contracts/workflow/src/work-items.ts","74"
"server/packages","server/packages/contracts/workflow/src/work-items.ts","transitive dependency","type-only","server/packages/contracts/workflow/src/index.ts","1"
"server/packages","server/packages/foundation/src/context/context-store.ts","transitive dependency","import; re-export","server/packages/foundation/src/context/index.ts","1"
"server/packages","server/packages/foundation/src/context/execution-context.ts","transitive dependency","re-export; type-only","server/packages/foundation/src/context/index.ts","2"
"server/packages","server/packages/foundation/src/context/index.ts","transitive dependency","import; re-export; type-only","server/packages/contracts/auth/src/authorization.ts","1"
"server/packages","server/packages/foundation/src/context/request-context.ts","transitive dependency","re-export","server/packages/foundation/src/context/index.ts","3"
"server/packages","server/packages/foundation/src/decimal-rounding.ts","transitive dependency","re-export","server/packages/foundation/src/index.ts","13"
"server/packages","server/packages/foundation/src/dependencies/index.ts","transitive dependency","import; re-export","server/packages/foundation/src/index.ts","4"
"server/packages","server/packages/foundation/src/dependencies/runtime-dependencies.ts","transitive dependency","re-export","server/packages/foundation/src/dependencies/index.ts","1"
"server/packages","server/packages/foundation/src/errors/index.ts","transitive dependency","re-export","server/packages/foundation/src/index.ts","5"
"server/packages","server/packages/foundation/src/index.ts","transitive dependency","import; type-only","server/packages/platform/metadata/src/metadata-service.ts","10"
"server/packages","server/packages/foundation/src/lifecycle/index.ts","transitive dependency","re-export","server/packages/foundation/src/index.ts","6"
"server/packages","server/packages/foundation/src/local-graph-preview.ts","transitive dependency","re-export","server/packages/foundation/src/index.ts","14"
"server/packages","server/packages/foundation/src/observability/health.ts","transitive dependency","re-export","server/packages/foundation/src/observability/index.ts","1"
"server/packages","server/packages/foundation/src/observability/index.ts","transitive dependency","re-export; type-only","server/packages/runtime/http/src/http-runtime.ts","10"
"server/packages","server/packages/foundation/src/observability/logger.ts","transitive dependency","re-export","server/packages/foundation/src/observability/index.ts","2"
"server/packages","server/packages/foundation/src/observability/metrics.ts","transitive dependency","re-export","server/packages/foundation/src/observability/index.ts","3"
"server/packages","server/packages/foundation/src/observability/tracing.ts","transitive dependency","re-export","server/packages/foundation/src/observability/index.ts","4"
"server/packages","server/packages/foundation/src/resilience/circuit-breaker.ts","transitive dependency","re-export","server/packages/foundation/src/resilience/index.ts","1"
"server/packages","server/packages/foundation/src/resilience/index.ts","transitive dependency","re-export","server/packages/foundation/src/index.ts","8"
"server/packages","server/packages/foundation/src/resilience/retry.ts","transitive dependency","re-export","server/packages/foundation/src/resilience/index.ts","2"
"server/packages","server/packages/foundation/src/stable-cohort.ts","transitive dependency","re-export","server/packages/foundation/src/index.ts","12"
"server/packages","server/packages/foundation/src/tenancy/index.ts","transitive dependency","re-export","server/packages/foundation/src/index.ts","9"
"server/packages","server/packages/foundation/src/tenancy/tenant-id.ts","transitive dependency","re-export; type-only","server/packages/foundation/src/tenancy/index.ts","1"
"server/packages","server/packages/foundation/src/tenancy/tenant-provider.ts","transitive dependency","re-export","server/packages/foundation/src/tenancy/index.ts","2"
"server/packages","server/packages/foundation/src/tenancy/tenant-scope.ts","transitive dependency","re-export","server/packages/foundation/src/tenancy/index.ts","3"
"server/packages","server/packages/foundation/src/transaction/exact-plane-repository-provider.ts","transitive dependency","re-export","server/packages/foundation/src/transaction/index.ts","5"
"server/packages","server/packages/foundation/src/transaction/exact-plane.ts","transitive dependency","re-export","server/packages/foundation/src/transaction/index.ts","4"
"server/packages","server/packages/foundation/src/transaction/index.ts","transitive dependency","re-export; type-only","server/packages/foundation/src/index.ts","10"
"server/packages","server/packages/foundation/src/transaction/transaction-context.ts","transitive dependency","re-export; type-only","server/packages/foundation/src/transaction/index.ts","1"
"server/packages","server/packages/foundation/src/transaction/transaction-runner.ts","transitive dependency","re-export; type-only","server/packages/foundation/src/transaction/index.ts","2"
"server/packages","server/packages/foundation/src/transaction/unit-of-work.ts","transitive dependency","re-export; type-only","server/packages/foundation/src/transaction/index.ts","3"
"server/packages","server/packages/foundation/src/validation/index.ts","transitive dependency","re-export","server/packages/foundation/src/index.ts","11"
"server/packages","server/packages/platform/experience/src/contracts.ts","transitive dependency","import; type-only","server/packages/platform/experience/src/routes.ts","4"
"server/packages","server/packages/platform/experience/src/entity-operation-dispatcher.ts","transitive dependency","import","server/packages/platform/experience/src/entity-runtime-routes.ts","6"
"server/packages","server/packages/platform/experience/src/entity-page-planner.ts","transitive dependency","import","server/packages/platform/experience/src/entity-section-service.ts","8"
"server/packages","server/packages/platform/experience/src/entity-runtime-contracts.ts","transitive dependency","import","server/packages/platform/experience/src/entity-runtime-routes.ts","4"
"server/packages","server/packages/platform/experience/src/entity-runtime-routes.ts","entry/service seed","","",""
"server/packages","server/packages/platform/experience/src/entity-section-service.ts","transitive dependency","import","server/packages/platform/experience/src/entity-runtime-routes.ts","5"
"server/packages","server/packages/platform/experience/src/neon-action-policy-registry.ts","transitive dependency","import","server/packages/platform/experience/src/service.ts","56"
"server/packages","server/packages/platform/experience/src/ports.ts","transitive dependency","type-only","server/packages/platform/experience/src/service.ts","40"
"server/packages","server/packages/platform/experience/src/routes.ts","entry/service seed","","",""
"server/packages","server/packages/platform/experience/src/service.ts","entry/service seed","import","server/packages/platform/experience/src/routes.ts","5"
"server/packages","server/packages/platform/iam/src/customer-portal-delivery.ts","transitive dependency","re-export","server/packages/platform/iam/src/index.ts","27"
"server/packages","server/packages/platform/iam/src/external-worker-identity-delivery.ts","transitive dependency","re-export","server/packages/platform/iam/src/index.ts","24"
"server/packages","server/packages/platform/iam/src/external-worker-identity-intent.ts","transitive dependency","re-export; type-only","server/packages/platform/iam/src/index.ts","23"
"server/packages","server/packages/platform/iam/src/gateway-envelope.ts","transitive dependency","re-export","server/packages/platform/iam/src/index.ts","11"
"server/packages","server/packages/platform/iam/src/iam-config.ts","transitive dependency","re-export; type-only","server/packages/platform/iam/src/iam-service.ts","16"
"server/packages","server/packages/platform/iam/src/iam-contracts.ts","transitive dependency","import; re-export","server/packages/platform/iam/src/provisioning.ts","3"
"server/packages","server/packages/platform/iam/src/iam-routes.ts","entry/service seed","import; re-export","server/packages/platform/iam/src/index.ts","3"
"server/packages","server/packages/platform/iam/src/iam-service.ts","entry/service seed","re-export; type-only","server/packages/platform/iam/src/index.ts","2"
"server/packages","server/packages/platform/iam/src/identity-provisioning-service.ts","transitive dependency","re-export; type-only","server/packages/platform/iam/src/index.ts","16"
"server/packages","server/packages/platform/iam/src/identity-replay-approval.ts","transitive dependency","import; re-export","server/packages/platform/iam/src/index.ts","29"
"server/packages","server/packages/platform/iam/src/identity-replay-routes.ts","transitive dependency","re-export","server/packages/platform/iam/src/index.ts","31"
"server/packages","server/packages/platform/iam/src/identity-saga.ts","transitive dependency","re-export; type-only","server/packages/platform/iam/src/index.ts","21"
"server/packages","server/packages/platform/iam/src/index.ts","transitive dependency","import","server/apps/platform-host/src/composition/business-partner-definition-authorizer.ts","1"
"server/packages","server/packages/platform/iam/src/keycloak-identity-provider.ts","transitive dependency","re-export","server/packages/platform/iam/src/index.ts","25"
"server/packages","server/packages/platform/iam/src/kysely-context-refresh.ts","transitive dependency","re-export","server/packages/platform/iam/src/index.ts","34"
"server/packages","server/packages/platform/iam/src/kysely-identity-context-resolver.ts","transitive dependency","re-export","server/packages/platform/iam/src/index.ts","6"
"server/packages","server/packages/platform/iam/src/kysely-identity-provisioning-attempt-repository.ts","transitive dependency","re-export","server/packages/platform/iam/src/index.ts","17"
"server/packages","server/packages/platform/iam/src/kysely-identity-replay-approval.ts","transitive dependency","re-export","server/packages/platform/iam/src/index.ts","30"
"server/packages","server/packages/platform/iam/src/kysely-identity-saga.ts","transitive dependency","re-export","server/packages/platform/iam/src/index.ts","22"
"server/packages","server/packages/platform/iam/src/kysely-permission-resolver.ts","transitive dependency","import; re-export","server/packages/platform/iam/src/index.ts","5"
"server/packages","server/packages/platform/iam/src/kysely-projection-reconciliation.ts","transitive dependency","re-export","server/packages/platform/iam/src/index.ts","20"
"server/packages","server/packages/platform/iam/src/kysely-provisioning-repository.ts","transitive dependency","re-export","server/packages/platform/iam/src/index.ts","13"
"server/packages","server/packages/platform/iam/src/kysely-trustiam-authority-repository.ts","transitive dependency","re-export","server/packages/platform/iam/src/index.ts","15"
"server/packages","server/packages/platform/iam/src/legacy-compatibility.ts","transitive dependency","re-export","server/packages/platform/iam/src/index.ts","18"
"server/packages","server/packages/platform/iam/src/local-graph-bindings.ts","transitive dependency","import","server/packages/platform/iam/src/kysely-permission-resolver.ts","3"
"server/packages","server/packages/platform/iam/src/organization-reconciliation.ts","transitive dependency","re-export","server/packages/platform/iam/src/index.ts","10"
"server/packages","server/packages/platform/iam/src/permission-authorizer.ts","transitive dependency","import; re-export","server/packages/platform/iam/src/index.ts","4"
"server/packages","server/packages/platform/iam/src/projection-reconciliation.ts","transitive dependency","import; re-export","server/packages/platform/iam/src/index.ts","19"
"server/packages","server/packages/platform/iam/src/provisioning-vertical.ts","transitive dependency","re-export; type-only","server/packages/platform/iam/src/iam-routes.ts","6"
"server/packages","server/packages/platform/iam/src/provisioning.ts","transitive dependency","import; re-export; type-only","server/packages/platform/iam/src/iam-routes.ts","5"
"server/packages","server/packages/platform/iam/src/required-actions.ts","transitive dependency","import; re-export","server/packages/platform/iam/src/iam-service.ts","17"
"server/packages","server/packages/platform/iam/src/shadow-authorizer.ts","transitive dependency","re-export","server/packages/platform/iam/src/index.ts","32"
"server/packages","server/packages/platform/iam/src/trustiam-authority.ts","transitive dependency","re-export; type-only","server/packages/platform/iam/src/index.ts","14"
"server/packages","server/packages/platform/metadata/src/artifact-resolution.ts","transitive dependency","import; re-export; type-only","server/packages/platform/metadata/src/index.ts","2"
"server/packages","server/packages/platform/metadata/src/authorized-browser-projection.ts","transitive dependency","re-export","server/packages/platform/metadata/src/index.ts","5"
"server/packages","server/packages/platform/metadata/src/compiled-entity-flow-reader.ts","transitive dependency","re-export","server/packages/platform/metadata/src/index.ts","4"
"server/packages","server/packages/platform/metadata/src/compiled-entity-reader.ts","entry/service seed","re-export; type-only","server/packages/platform/metadata/src/index.ts","3"
"server/packages","server/packages/platform/metadata/src/descriptor-parser.ts","transitive dependency","import; re-export","server/packages/platform/metadata/src/metadata-service.ts","11"
"server/packages","server/packages/platform/metadata/src/distributed-descriptor-cache.ts","entry/service seed","re-export","server/packages/platform/metadata/src/index.ts","7"
"server/packages","server/packages/platform/metadata/src/index.ts","transitive dependency","import","server/packages/platform/experience/src/entity-section-service.ts","3"
"server/packages","server/packages/platform/metadata/src/intake-projection.ts","transitive dependency","import","server/packages/platform/metadata/src/native-runtime-projection.ts","2"
"server/packages","server/packages/platform/metadata/src/intake-surface-projection.ts","transitive dependency","import","server/packages/platform/metadata/src/native-runtime-projection.ts","1"
"server/packages","server/packages/platform/metadata/src/invalidation.ts","transitive dependency","re-export","server/packages/platform/metadata/src/index.ts","10"
"server/packages","server/packages/platform/metadata/src/metadata-service.ts","entry/service seed","re-export","server/packages/platform/metadata/src/index.ts","1"
"server/packages","server/packages/platform/metadata/src/native-runtime-projection.ts","transitive dependency","re-export","server/packages/platform/metadata/src/index.ts","6"
"server/packages","server/packages/platform/metadata/src/runtime-descriptor-repository.ts","entry/service seed","re-export","server/packages/platform/metadata/src/index.ts","8"
"server/packages","server/packages/platform/workflow/src/approvals.ts","transitive dependency","import; re-export","server/packages/platform/workflow/src/index.ts","9"
"server/packages","server/packages/platform/workflow/src/approver-resolution.ts","transitive dependency","re-export","server/packages/platform/workflow/src/index.ts","8"
"server/packages","server/packages/platform/workflow/src/authoring.ts","transitive dependency","re-export","server/packages/platform/workflow/src/index.ts","7"
"server/packages","server/packages/platform/workflow/src/domain-commands.ts","transitive dependency","re-export","server/packages/platform/workflow/src/index.ts","10"
"server/packages","server/packages/platform/workflow/src/errors.ts","transitive dependency","import; re-export","server/packages/platform/workflow/src/inbox-cursor.ts","2"
"server/packages","server/packages/platform/workflow/src/in-memory-workflow-repository.ts","transitive dependency","re-export","server/packages/platform/workflow/src/index.ts","3"
"server/packages","server/packages/platform/workflow/src/inbox-cursor.ts","transitive dependency","import","server/packages/platform/workflow/src/workflow-service.ts","2"
"server/packages","server/packages/platform/workflow/src/index.ts","transitive dependency","import","server/packages/services/records/src/standard-view-relationship-sql.ts","4"
"server/packages","server/packages/platform/workflow/src/kysely-workflow-repository.ts","transitive dependency","re-export","server/packages/platform/workflow/src/index.ts","4"
"server/packages","server/packages/platform/workflow/src/recovery.ts","transitive dependency","re-export","server/packages/platform/workflow/src/index.ts","14"
"server/packages","server/packages/platform/workflow/src/sla-automation.ts","transitive dependency","re-export; type-only","server/packages/platform/workflow/src/index.ts","12"
"server/packages","server/packages/platform/workflow/src/sla.ts","transitive dependency","re-export","server/packages/platform/workflow/src/index.ts","11"
"server/packages","server/packages/platform/workflow/src/task-approval-runner.ts","transitive dependency","re-export","server/packages/platform/workflow/src/index.ts","17"
"server/packages","server/packages/platform/workflow/src/task-edit-rules.ts","transitive dependency","re-export","server/packages/platform/workflow/src/index.ts","19"
"server/packages","server/packages/platform/workflow/src/task-governance.ts","transitive dependency","import; re-export","server/packages/platform/workflow/src/approvals.ts","1"
"server/packages","server/packages/platform/workflow/src/work-item-eligibility-sql.ts","transitive dependency","import; re-export","server/packages/platform/workflow/src/kysely-workflow-repository.ts","1"
"server/packages","server/packages/platform/workflow/src/workflow-jobs.ts","transitive dependency","re-export","server/packages/platform/workflow/src/index.ts","13"
"server/packages","server/packages/platform/workflow/src/workflow-routes.ts","transitive dependency","re-export","server/packages/platform/workflow/src/index.ts","5"
"server/packages","server/packages/platform/workflow/src/workflow-service.ts","transitive dependency","re-export","server/packages/platform/workflow/src/index.ts","2"
"server/packages","server/packages/runtime/http/src/http-error.ts","transitive dependency","import; re-export","server/packages/runtime/http/src/index.ts","1"
"server/packages","server/packages/runtime/http/src/http-runtime.ts","transitive dependency","re-export","server/packages/runtime/http/src/index.ts","2"
"server/packages","server/packages/runtime/http/src/index.ts","transitive dependency","import","server/packages/platform/experience/src/entity-runtime-routes.ts","2"
"server/packages","server/packages/runtime/http/src/problem-details.ts","transitive dependency","import; re-export","server/packages/runtime/http/src/http-runtime.ts","13"
"server/packages","server/packages/runtime/http/src/route-contract.ts","transitive dependency","import; re-export; type-only","server/packages/runtime/http/src/http-runtime.ts","14"
"server/packages","server/packages/services/finance/src/ledger/business-partner-journal-activity.ts","entry/service seed","","",""
"server/packages","server/packages/services/finance/src/shared/kysely-finance-foundation.ts","transitive dependency","type-only","server/packages/services/finance/src/ledger/business-partner-journal-activity.ts","6"
"server/packages","server/packages/services/master-data/src/business-partner-360-activity-mapper.ts","transitive dependency","import","server/packages/services/master-data/src/kysely-business-partner-360-explainability.ts","12"
"server/packages","server/packages/services/master-data/src/business-partner-360-completeness.ts","transitive dependency","import; type-only","server/packages/services/master-data/src/business-partner-360-service.ts","45"
"server/packages","server/packages/services/master-data/src/business-partner-360-definition-resolver.ts","entry/service seed","","",""
"server/packages","server/packages/services/master-data/src/business-partner-360-mesh-http-transport.ts","entry/service seed","","",""
"server/packages","server/packages/services/master-data/src/business-partner-360-mesh-network-adapter.ts","transitive dependency","import; type-only","server/packages/services/master-data/src/business-partner-360-service.ts","41"
"server/packages","server/packages/services/master-data/src/business-partner-360-policy.ts","transitive dependency","import","server/packages/services/master-data/src/business-partner-360-service.ts","40"
"server/packages","server/packages/services/master-data/src/business-partner-360-service.ts","entry/service seed","type-only","server/packages/services/master-data/src/kysely-business-partner-360-explainability.ts","8"
"server/packages","server/packages/services/master-data/src/business-partner-bank-disclosure-card.ts","transitive dependency","import","server/packages/services/master-data/src/kysely-business-partner-360-commercial-controls.ts","1"
"server/packages","server/packages/services/master-data/src/business-partner-case-explanation.ts","transitive dependency","import","server/packages/services/master-data/src/business-partner-request-service.ts","4"
"server/packages","server/packages/services/master-data/src/business-partner-display-references.ts","transitive dependency","import","server/packages/services/master-data/src/kysely-business-partner-360-role-sections.ts","1"
"server/packages","server/packages/services/master-data/src/business-partner-notifications.ts","transitive dependency","import","server/packages/services/master-data/src/business-partner-request-service.ts","35"
"server/packages","server/packages/services/master-data/src/business-partner-onboarding-cycle.ts","transitive dependency","type-only","server/packages/services/master-data/src/business-partner-request-service.ts","36"
"server/packages","server/packages/services/master-data/src/business-partner-profile-validation.ts","transitive dependency","import","server/packages/services/master-data/src/business-partner-request-service.ts","3"
"server/packages","server/packages/services/master-data/src/business-partner-provider-projection.ts","transitive dependency","import","server/packages/services/master-data/src/business-partner-360-service.ts","1"
"server/packages","server/packages/services/master-data/src/business-partner-record-header.ts","transitive dependency","import","server/packages/services/master-data/src/business-partner-360-service.ts","5"
"server/packages","server/packages/services/master-data/src/business-partner-request-capture.ts","transitive dependency","import","server/packages/services/master-data/src/kysely-business-partner-case-repository.ts","2"
"server/packages","server/packages/services/master-data/src/business-partner-request-service.ts","entry/service seed","","",""
"server/packages","server/packages/services/master-data/src/errors.ts","transitive dependency","import","server/packages/services/master-data/src/business-partner-provider-projection.ts","4"
"server/packages","server/packages/services/master-data/src/kysely-business-partner-360-bank-reveal.ts","transitive dependency","import","server/packages/services/master-data/src/kysely-business-partner-360-repository.ts","29"
"server/packages","server/packages/services/master-data/src/kysely-business-partner-360-commercial-controls.ts","transitive dependency","import","server/packages/services/master-data/src/kysely-business-partner-360-repository.ts","28"
"server/packages","server/packages/services/master-data/src/kysely-business-partner-360-explainability.ts","transitive dependency","import","server/packages/services/master-data/src/kysely-business-partner-360-repository.ts","3"
"server/packages","server/packages/services/master-data/src/kysely-business-partner-360-network.ts","transitive dependency","import","server/packages/services/master-data/src/kysely-business-partner-360-repository.ts","31"
"server/packages","server/packages/services/master-data/src/kysely-business-partner-360-repository.ts","entry/service seed","","",""
"server/packages","server/packages/services/master-data/src/kysely-business-partner-360-role-sections.ts","transitive dependency","import","server/packages/services/master-data/src/kysely-business-partner-360-repository.ts","27"
"server/packages","server/packages/services/master-data/src/kysely-business-partner-360-sections.ts","transitive dependency","import","server/packages/services/master-data/src/kysely-business-partner-360-repository.ts","23"
"server/packages","server/packages/services/master-data/src/kysely-business-partner-case-repository.ts","transitive dependency","import","server/packages/services/master-data/src/kysely-business-partner-360-repository.ts","22"
"server/packages","server/packages/services/master-data/src/kysely-business-partner-eligibility-repository.ts","transitive dependency","import","server/packages/services/master-data/src/supplier-activation-readiness.ts","4"
"server/packages","server/packages/services/master-data/src/secret-store-protected-value-resolver.ts","entry/service seed","","",""
"server/packages","server/packages/services/master-data/src/supplier-activation-readiness.ts","transitive dependency","import","server/packages/services/master-data/src/kysely-business-partner-case-repository.ts","1"
"server/packages","server/packages/services/master-data/src/supplier-onboarding-completion.ts","transitive dependency","import","server/packages/services/master-data/src/supplier-activation-readiness.ts","5"
"server/packages","server/packages/services/master-data/src/supplier-onboarding-requirement.ts","transitive dependency","import","server/packages/services/master-data/src/business-partner-request-service.ts","1"
"server/packages","server/packages/services/records/src/authorized-aggregate.ts","transitive dependency","import","server/packages/services/records/src/query-service.ts","1"
"server/packages","server/packages/services/records/src/entity-authorization-rollout.ts","transitive dependency","import","server/packages/services/records/src/entity-backend-authorizer.ts","18"
"server/packages","server/packages/services/records/src/entity-authorization.ts","transitive dependency","import; type-only","server/packages/services/records/src/entity-backend-authorizer.ts","13"
"server/packages","server/packages/services/records/src/entity-backend-authorizer.ts","transitive dependency","import","server/packages/services/records/src/query-service.ts","2"
"server/packages","server/packages/services/records/src/errors.ts","transitive dependency","import","server/packages/services/records/src/authorized-aggregate.ts","5"
"server/packages","server/packages/services/records/src/kysely-record-repository.ts","entry/service seed","","",""
"server/packages","server/packages/services/records/src/list-query-policy.ts","transitive dependency","import","server/packages/services/records/src/query-service.ts","23"
"server/packages","server/packages/services/records/src/query-service.ts","entry/service seed","","",""
"server/packages","server/packages/services/records/src/record-cursor.ts","transitive dependency","import","server/packages/services/records/src/kysely-record-repository.ts","7"
"server/packages","server/packages/services/records/src/record-read-access.ts","transitive dependency","import","server/packages/services/records/src/query-service.ts","24"
"server/packages","server/packages/services/records/src/standard-view-relationship-sql.ts","transitive dependency","import","server/packages/services/records/src/kysely-record-repository.ts","1"
