artifact,publication,comparison,active_hash
address/core,metadata.compiled_entity.business_partner,same_semantic_content,sha256:a6ab0917ba5bba396c81645bd0adc5fc4feaa115310eb12d208f6adfbedc455d
address/operation,metadata.compiled_entity.business_partner,same_semantic_content,sha256:98090fd79b4625bcb7dd7be74383e151c226a963ee06d7949d25628138ab7460
address/presentation.section,metadata.compiled_entity.business_partner,same_semantic_content,sha256:6b2c135359522a5ace3c6ba6d877a1ae4419a1008bfc78b44d53c0535a2ce41b
address_link/core,metadata.compiled_entity.business_partner,same_semantic_content,sha256:a3e8144ef22849aac24c820ef13b07ef3c87332082ee7ff2e8bc23e50fcb1ab8
address_link/operation,metadata.compiled_entity.business_partner,same_semantic_content,sha256:22725449d360505ab177f88c0e919de689c4e176c77507dca00e6be1385f9542
business_partner/core,metadata.compiled_entity.business_partner,same_semantic_content,sha256:7322639038060c4f853cf246bff5b2720c6358d1fadb9ffacdf2d3cc56890e8f
business_partner/flow.intake,metadata.compiled_entity.business_partner,same_semantic_content,sha256:30add3302a858818cf9cd78f39e29296c98fd66ab941b12403df8ab1218c567e
business_partner/operation,metadata.compiled_entity.business_partner,same_semantic_content,sha256:b72641122ee83c475155e5b739426d58db637c99bdc733aded974ea44edd244a
business_partner/presentation.detail,metadata.compiled_entity.business_partner,draft_changed_or_absent,sha256:e75768d868ac18a639d450e302a484090f304b1db1fbb3b564c91bd7e8985e20
business_partner/presentation.list,metadata.compiled_entity.business_partner,same_semantic_content,sha256:7672a822926140b79336392028454180a22dd106887087fb87034dd177b44db0
business_partner/presentation.section.activity,metadata.compiled_entity.business_partner,same_semantic_content,sha256:710fbb19a9e87b671a0f2456a3a1d919c4ed0d9d65c2fdc4a77f79e49357c01f
business_partner/presentation.section.addresses,metadata.compiled_entity.business_partner,same_semantic_content,sha256:873aa64cd392e09a8844d0510f91762113460c9784d9a77fa1f31bfb3980d537
business_partner/presentation.section.attachments,metadata.compiled_entity.business_partner,same_semantic_content,sha256:ef5b0013222fa72255f141d78a13c5ce999a1f9bde9d770161011446269dfff9
business_partner/presentation.section.banking,metadata.compiled_entity.business_partner,draft_changed_or_absent,sha256:10cecfb8a94f884a4f532eb1983fe7a93116dbdfe7c892fc91702ab9820748f4
business_partner/presentation.section.business-activity,metadata.compiled_entity.business_partner,draft_changed_or_absent,sha256:ca53a292d371681c7c6bb4e611186848553f6b54df957368ac2e773a50545e39
business_partner/presentation.section.comments,metadata.compiled_entity.business_partner,same_semantic_content,sha256:e477dc45e9410ef7a6d7b142cae073d032de7e3f1caf91d07238aceaceb2071a
business_partner/presentation.section.contacts,metadata.compiled_entity.business_partner,same_semantic_content,sha256:e1005d61834e160d2077dda4c43b04388f2891b5c04f56b6a2b5fd55f2409064
business_partner/presentation.section.credit,metadata.compiled_entity.business_partner,same_semantic_content,sha256:a94cd20e5986dd258af8cdbd4971a7826596b2cffafe55c0a51702fdc4665d34
business_partner/presentation.section.customer-company,metadata.compiled_entity.business_partner,same_semantic_content,sha256:596b3ff15d8fb8f52bc04866dd3d6d35fe40a6d10c12d42b65460eb4b545755a
business_partner/presentation.section.identifiers-tax,metadata.compiled_entity.business_partner,same_semantic_content,sha256:07b22ef733c8196fdd161a49211ab11b52dad2ef219721b2f50cb440fa068e3e
business_partner/presentation.section.identity,metadata.compiled_entity.business_partner,same_semantic_content,sha256:8db0463c0d7f4fd234335eb363f0e42c89c5c42cb5fad80c0ade12c514e5b09d
business_partner/presentation.section.network,metadata.compiled_entity.business_partner,same_semantic_content,sha256:230ac3d5eaeb263fe25a0049c304111cb1fd21b5b3c1e27ff93285ac84467590
business_partner/presentation.section.overview,metadata.compiled_entity.business_partner,same_semantic_content,sha256:7651e1ea9a0a7b77a2c183016478337c4ad45780609c0626beabc0d9b6cbbe42
business_partner/presentation.section.qualifications-certificates,metadata.compiled_entity.business_partner,draft_changed_or_absent,sha256:d79861d347de88c7c5a48ff8ca4eb23a3e0b6f2e52d8366b3df46a234e3ec879
business_partner/presentation.section.requests,metadata.compiled_entity.business_partner,same_semantic_content,sha256:0d827c758bde45119ed9d5f568bed4c31cdb73885b3d44bc3144fc3d4889c895
business_partner/presentation.section.roles-scope,metadata.compiled_entity.business_partner,draft_changed_or_absent,sha256:b1fc336f6374c30feb47085422edb4825b08ab24527875043c92b62283129b5c
business_partner/presentation.section.supplier-company,metadata.compiled_entity.business_partner,same_semantic_content,sha256:665e8fdaabf2c0b54e6645731110f8cde782462f261a8bd041e98188f8efba4d
business_partner/presentation.section.workforce,metadata.compiled_entity.business_partner,same_semantic_content,sha256:06f52d4362defff6c9291866d29bfdfd3c7d1a8f257c3b2e8714113cf925c050
business_partner_alias/core,metadata.compiled_entity.business_partner,same_semantic_content,sha256:f629769a0c3c763bbaeb78db3470a30b6fedabca2dfb5e9a2b0db5f183b3689e
business_partner_alias/operation,metadata.compiled_entity.business_partner,same_semantic_content,sha256:44db14134cc7865cb4e6c4c0d8db26a482acea151388f56c0513218c1193c970
business_partner_banking/core,metadata.compiled_entity.business_partner,same_semantic_content,sha256:26c6a345fda051cb12c7cc02919928ddaa1722e958291ae8cba0d254a1a4ab0a
business_partner_banking/operation,metadata.compiled_entity.business_partner,same_semantic_content,sha256:eb2b7491d1d80b466e01103d1d86b83f928aba9f07bdf8c4e4504beabe32ef42
business_partner_commodity_capability/core,metadata.compiled_entity.business_partner,same_semantic_content,sha256:6c51d763b37d7ca877cd694531bf1c6d873e122f0d72aa11db008ab688fb2e9c
business_partner_commodity_capability/operation,metadata.compiled_entity.business_partner,same_semantic_content,sha256:446378752c8416f3dca62ce49ee479ec03e6665be46c7b8b38df02e5da53558b
business_partner_governance_relation/core,metadata.compiled_entity.business_partner,same_semantic_content,sha256:6e5df65c3afca168045b3db951fb8827e1e95222ad0cd34cfbf0bfce6b4ae69d
business_partner_governance_relation/operation,metadata.compiled_entity.business_partner,same_semantic_content,sha256:b617392510ae374bed71919297de9aa41ec0b14f29445075bccf701434cb391b
business_partner_identifier/core,metadata.compiled_entity.business_partner,same_semantic_content,sha256:af04c28aa03f207075fa3d5ea4c7ccf355cd9092549f4e39ab79c5f23a1ec089
business_partner_identifier/operation,metadata.compiled_entity.business_partner,same_semantic_content,sha256:eb8e5709679c5517c9ce5640720ac57934802f4aacadc9b35d37195efa2ad08c
business_partner_industry_classification/core,metadata.compiled_entity.business_partner,draft_changed_or_absent,sha256:054b3d2cde314e72b8b38914853fd5a5ac2b9d776fb889e08265a9af987e8924
business_partner_industry_classification/operation,metadata.compiled_entity.business_partner,same_semantic_content,sha256:9df2ca21f41b1fdfbf7127cb5e32a4ed27cad93aebb18ff96673a94f1e4178ea
business_partner_operating_organization_assignment/core,metadata.compiled_entity.business_partner,same_semantic_content,sha256:da742365f250f697308af317a1ed5f4f2cce4b270c355b12329bcd46b0570110
business_partner_operating_organization_assignment/operation,metadata.compiled_entity.business_partner,same_semantic_content,sha256:9ed45a2b5ccfd0d6cbf0cb48201c99475fc2089ae6ddc2c7d6804a183eb57fd3
business_partner_qualification/core,metadata.compiled_entity.business_partner,same_semantic_content,sha256:ad22cd71ceffb0a4ac624a591b48548962491cb1fe6f91c3dd7ce308a4778f92
business_partner_qualification/operation,metadata.compiled_entity.business_partner,same_semantic_content,sha256:51774d298733463d025ffd05b9773e21fb456e4bbb1604fb9a2d264b34cc278a
business_partner_relationship/core,metadata.compiled_entity.business_partner,same_semantic_content,sha256:2365b24184e15986672188010a8f9bafd51710676892e4005fb7dabb04ed14ee
business_partner_relationship/operation,metadata.compiled_entity.business_partner,same_semantic_content,sha256:15020df8ebb3ae28c2d80dd325034f7c1d1eeb9021bd1773463ed4c68e60a639
business_partner_request/core,metadata.compiled_entity.business_partner,same_semantic_content,sha256:24c6c6910402fc5476d8bc0ac74f984c3d7eb67c299e83836634acfd71aa952a
business_partner_request/flow.base,metadata.compiled_entity.business_partner,same_semantic_content,sha256:a3d1f60a5433ac7c9eb5688f7554f5eec0992fb4998c4a63f3d90b3e64f629ce
business_partner_request/flow.customer.add,metadata.compiled_entity.business_partner,same_semantic_content,sha256:7a72a14ebe37309b402036712a97c0a1295a9a3d594ebbe4bbced32417845ce4
business_partner_request/flow.customer.company,metadata.compiled_entity.business_partner,same_semantic_content,sha256:948c0167f694d98abaabafe8fa4a6941edbbdee5b3de033d6dcc8a52336ebcae
business_partner_request/flow.customer.credit,metadata.compiled_entity.business_partner,same_semantic_content,sha256:6807346a88981c3438514a45b5b50a4000946ece17bada12f340a4c3e6082c91
business_partner_request/flow.customer.new,metadata.compiled_entity.business_partner,same_semantic_content,sha256:ae3c73835c0152c4235daa7b2065ceabd0dfe6ad3c710dc2752e2e043e0f61d3
business_partner_request/flow.partner.amend,metadata.compiled_entity.business_partner,same_semantic_content,sha256:b1c9f9d2a22e4521f7d701722c0444014a612fd02501124d8cc7dda1a49eb4f3
business_partner_request/flow.partner.archive,metadata.compiled_entity.business_partner,same_semantic_content,sha256:51e6634c0860315f48726617c2df0bc0a2437ffc54304ac2249d2074e52ebdaf
business_partner_request/flow.partner.assign,metadata.compiled_entity.business_partner,same_semantic_content,sha256:a406d7f7cacb7859b3d69abb1043a8eac8816b4dc12579a44b7fb5f45dff81fc
business_partner_request/flow.partner.deactivate,metadata.compiled_entity.business_partner,same_semantic_content,sha256:c8746e9d66dcf92e54f67ce9a08990461f53016379388d7b0967900808b86237
business_partner_request/flow.partner.reactivate,metadata.compiled_entity.business_partner,same_semantic_content,sha256:13a5e342271cd2ed7ec432e1715e67a6bb301d0b0469a9454868552bb4b0c3e0
business_partner_request/flow.supplier.activate,metadata.compiled_entity.business_partner,same_semantic_content,sha256:4c8458937c968cb3ba6b014a1f8dba1cff703ec86fd3362f759e77413aad74b5
business_partner_request/flow.supplier.add,metadata.compiled_entity.business_partner,same_semantic_content,sha256:2cf0163dac2733e4e4399ddfa4261a24260da05cb704c9d57fb782c496e9de64
business_partner_request/flow.supplier.bank,metadata.compiled_entity.business_partner,same_semantic_content,sha256:75e916aaf781eb8b14b7f0e8b8523136608ab1210ae7b6b49a18a414d92474d5
business_partner_request/flow.supplier.company,metadata.compiled_entity.business_partner,same_semantic_content,sha256:1e2a27be58dc42652739b4df35e398a94edc8cd3adc40a4e45d83e67738b7bb6
business_partner_request/flow.supplier.new,metadata.compiled_entity.business_partner,same_semantic_content,sha256:be9bcf2e880686ab4d71f6d42224ad8accc5cacf8ff221e089f2e2a17d501cc8
business_partner_request/flow.supplier.qualify,metadata.compiled_entity.business_partner,same_semantic_content,sha256:c0e5020de88709a9540a89aad2ad0a2cb031031b660527483bbe91fbd23e856a
business_partner_request/flow.workforce.add,metadata.compiled_entity.business_partner,same_semantic_content,sha256:f1d8b2956f9a0de2e0c76f59325266a3cd1dbe037eee14608463b632314af925
business_partner_request/flow.workforce.change,metadata.compiled_entity.business_partner,same_semantic_content,sha256:8ea0dc6d9b5b2b1f3220da2316fa72a2149010b7174b81d1c48860215b5b7294
business_partner_request/flow.workforce.new,metadata.compiled_entity.business_partner,same_semantic_content,sha256:0a5bfeb98a12e235b8079eb27f2525e8f68faba45934f3463b3dd39a45bff804
business_partner_request/flow.workforce.offboard,metadata.compiled_entity.business_partner,same_semantic_content,sha256:c45db2092ecd0c9696aa41355eb19cc096d889941f9420ef9ac7ba765f545a32
business_partner_request/operation,metadata.compiled_entity.business_partner,same_semantic_content,sha256:f8475e320a31d73e1923aa1cf897b6987fc4f5e85d8ce5ee23dba72a7b3495d0
business_partner_request/presentation.detail,metadata.compiled_entity.business_partner,same_semantic_content,sha256:170edea2cfbad2d9d3559a183f5cbf03d445ac1713c4a072e0908346f2c092fd
business_partner_request/presentation.list,metadata.compiled_entity.business_partner,same_semantic_content,sha256:855331a48b2e9100435b5f2c0dce54b6e5f0be0fdfcf693538addcb969b06155
business_partner_request/presentation.review,metadata.compiled_entity.business_partner,same_semantic_content,sha256:91b98c43dbf79785f7529a513e2258f1a2cd97c4eae2f19a3005799533e1d485
business_partner_request/presentation.section.capture,metadata.compiled_entity.business_partner,same_semantic_content,sha256:dde8929affb685718b2c84372e0e887cc6708ea507dea0840c1c5612f0c7d5b8
business_partner_request/presentation.section.evidence,metadata.compiled_entity.business_partner,same_semantic_content,sha256:9ba2f93a752571262855b06051ea18b1fa9a1053889e6349f83e20035093ee0b
business_partner_request/presentation.section.form.customerCredit,metadata.compiled_entity.business_partner,same_semantic_content,sha256:8268bd825cbe89638ac7db89f66180efec304518489004eb79353be4398a4b06
business_partner_request/presentation.section.form.request,metadata.compiled_entity.business_partner,same_semantic_content,sha256:d7c5653a439755f3cf8e6e58aac1e6e5a81087d8267280858b4f900a8e8aab54
business_partner_request/presentation.section.form.supplierQualification,metadata.compiled_entity.business_partner,same_semantic_content,sha256:224e6326a462da7f1021bc455c0b358a34acd4937ae0ab8e5241f61936f61331
business_partner_request/presentation.section.form.supplierRequest,metadata.compiled_entity.business_partner,same_semantic_content,sha256:d38519ded019b0efd0448b69229e65b745050a5ae9e6116ad36659448f63973f
business_partner_request/presentation.section.form.workforceReview,metadata.compiled_entity.business_partner,same_semantic_content,sha256:0bf84e4fab7916e2f5a691b455c218d859a666d5e7644e358da92924603f1440
business_partner_tax_registration/core,metadata.compiled_entity.business_partner,same_semantic_content,sha256:91f307a9f9deaf208dbe755a22d6e78616a2123a547aac98108fb4bb19551cde
business_partner_tax_registration/operation,metadata.compiled_entity.business_partner,same_semantic_content,sha256:7930724853b34553ed3ceff48b4d051f500d667344ac5a4faa1a0dab6988beb4
certification/core,metadata.compiled_entity.business_partner,draft_changed_or_absent,sha256:0220a8a463b04fc1624900be6466900ef3203e4aa657abbae5d67c84f0f91ff3
certification/operation,metadata.compiled_entity.business_partner,same_semantic_content,sha256:5d65f0264d73109c5c01b6ce03f2bea1b8efa66d0465197004604e6755f07992
contact_channel/core,metadata.compiled_entity.business_partner,same_semantic_content,sha256:c26385737e3c200d37aa03472154b97f557067bb9e2426942137cc56aa8d7fc0
contact_person/core,metadata.compiled_entity.business_partner,same_semantic_content,sha256:bb5512672810fdfbfdb0589355f06eeb0be72067fcea4d635e87ae8fde01c707
contact_person/operation,metadata.compiled_entity.business_partner,same_semantic_content,sha256:703aebdc6f862f160642310cb626751c075263c26511591dded902d933d1e8d8
contact_person_role/core,metadata.compiled_entity.business_partner,same_semantic_content,sha256:eb0e7f0f7a8b0f81b80454ba7954a9b8bda2f7ec608d1155098997e199c881de
country/core,metadata.compiled_entity.business_partner,same_semantic_content,sha256:74310b9b6682a95671989698fab817b5e8273c7e8e08f106356974d1d4423c62
customer/core,metadata.compiled_entity.business_partner,same_semantic_content,sha256:3ed5e59767af3a3714b689d8eb98ca9cd251b55733f8736c92d87faba585f4bc
customer/operation,metadata.compiled_entity.business_partner,same_semantic_content,sha256:6c01de214c00a5534f79fc04428d8345133579f1f9631e908b7b7623a3e7d716
customer_company_profile/core,metadata.compiled_entity.business_partner,same_semantic_content,sha256:3c36b29f293d43585630b57f3e08c15420d4b736b9ee48f1ea1d68f52a3c1467
customer_company_profile/operation,metadata.compiled_entity.business_partner,same_semantic_content,sha256:5e19685d91f7b1306e2da38e7e325d952227932a2882614935c86bf20a0ba09e
platform/core-field-defaults.v1,metadata.compiled_entity.business_partner,same_semantic_content,sha256:012ac19538cd2a9c5eb6f594eb9a7b252fc58a18c5539ae4a48414e49427a72a
platform/governed-child-operation.v1,metadata.compiled_entity.business_partner,same_semantic_content,sha256:379dcfa64cca40d1161893cd45ae0c0a2ab1eaf4e722f239a7e8b45d7607fa6d
state_region/core,metadata.compiled_entity.business_partner,same_semantic_content,sha256:8ba223571abcaba849e24f576a1ada3907c0ef438d2207a0f814fcf0557dd242
supplier/core,metadata.compiled_entity.business_partner,same_semantic_content,sha256:61150a7d6a00694b9de8cfc3e301d17c4004a2e0d6f186503fe20c9c34de7376
supplier/operation,metadata.compiled_entity.business_partner,same_semantic_content,sha256:969dd5e0f389944b765f249389156ed7dc30c93ab87d2d27943e6998c8bd45bc
supplier_company_profile/core,metadata.compiled_entity.business_partner,same_semantic_content,sha256:0c414c33a23372f4f4fbbcb6e456b240caf8bfe638bd34f9d662f5b35961d494
supplier_company_profile/operation,metadata.compiled_entity.business_partner,same_semantic_content,sha256:6d7cca692cf1817102b898235da917b29fe3c9edf2fbcfbb85500d2dbd42158c
timezone/core,metadata.compiled_entity.business_partner,same_semantic_content,sha256:3b33e4768b185326761ba828c5cb513ca6b8d3043f70bdb1394ffdd25f5e970b
workforce/core,metadata.compiled_entity.business_partner,same_semantic_content,sha256:8a34e18829b7a193f10150add37ac56c3b102ffad65eca25a526104461e46c7c
workforce/operation,metadata.compiled_entity.business_partner,same_semantic_content,sha256:7a59aeb7d9be9485aca5746b0996eef46921fa952a29d313eaf085a0fb5b2c34
