origin,entity,artifact,sources,field_count,invalid_bindings,assessment,generic_write_enabled,remaining_domain_work
draft,address,address/core,master.address,7,,bindings_present_domain_completeness_not_proven,False,BP2-02: add country-dependent state_region/timezone contracts; existing columns alone do not complete lookup/filter/write validation
draft,address_link,address_link/core,master.address_link,8,,bindings_present_domain_completeness_not_proven,False,"BP2-02: verify owner registry, purpose, effective dates and primary overlap through existing commands"
draft,business_partner,business_partner/core,control.business_partner_qualification; master.address_link; master.business_partner; master.business_partner_commodity_capability; master.business_partner_governance_relation; master.business_partner_identifier; master.business_partner_industry_classification; master.business_partner_operating_organization_assignment; master.business_partner_tax_registration; master.certification; master.company_code_customer_profile; master.company_code_supplier_profile; master.contact_person; master.customer; master.supplier,17,,bindings_present_domain_completeness_not_proven,False,BP2-04/06/16: extend relations only through verified providers; complete alias/relationship/context graph
draft,business_partner_banking,business_partner_banking/core,master.bank_account,5,,bindings_present_domain_completeness_not_proven,False,BP2-09: account core is not link/usage/company/disclosure graph; preserve protected reader
draft,business_partner_commodity_capability,business_partner_commodity_capability/core,master.business_partner_commodity_capability,7,,bindings_present_domain_completeness_not_proven,False,"BP2-05: tenant category -> code assignment -> shared domain/code, not a direct shared code FK"
draft,business_partner_governance_relation,business_partner_governance_relation/core,master.business_partner_governance_relation,9,,bindings_present_domain_completeness_not_proven,False,BP2-04: distinguish governance relation from ordinary partner relationship and internal legal-entity link
draft,business_partner_identifier,business_partner_identifier/core,master.business_partner_identifier,3,,bindings_present_domain_completeness_not_proven,False,"BP2-04: verify schemes, jurisdiction, effective dates and protected reveal"
draft,business_partner_industry_classification,business_partner_industry_classification/core,master.business_partner_industry_classification,9,,bindings_present_domain_completeness_not_proven,False,BP2-05: domain plus code UUID and allowed isic/naics identity
draft,business_partner_operating_organization_assignment,business_partner_operating_organization_assignment/core,master.business_partner_operating_organization_assignment,6,,bindings_present_domain_completeness_not_proven,False,"BP2-06: role capability, organization/company scope and revocation"
draft,business_partner_qualification,business_partner_qualification/core,control.business_partner_qualification,8,,bindings_present_domain_completeness_not_proven,False,BP2-07/10: decision scope and governed outcomes; not generic editable qualification rows
draft,business_partner_request,business_partner_request/core,document.business_partner_request,6,id; request_no; request_kind; target_business_partner_id; base_record_version; status,binding_gaps,False,BF-04: replace retired stored bindings with actual case/snapshot projection; keep logical entity and domain status mapping
draft,business_partner_tax_registration,business_partner_tax_registration/core,master.business_partner_tax_registration,6,,bindings_present_domain_completeness_not_proven,False,BP2-04: tax jurisdiction/scheme and protected projection through current authority
draft,certification,certification/core,master.certification,10,,bindings_present_domain_completeness_not_proven,False,"BP2-05/BF-05: certificate type/custom alternative, validity and attachment parent parity"
draft,contact_person,contact_person/core,master.contact_person,6,,bindings_present_domain_completeness_not_proven,False,BP2-03: roles/channels/person identity link and authorized primary selection
draft,country,country/core,shared.country,2,,bindings_present_domain_completeness_not_proven,False,"BP2-01/02: reuse natural code; state, postal hints and historical inactive display"
draft,customer,customer/core,master.customer,5,,bindings_present_domain_completeness_not_proven,False,BP2-06/08: role core does not imply company designation/credit/lifecycle completeness
draft,customer_company_profile,customer_company_profile/core,master.company_code_customer_profile,7,,bindings_present_domain_completeness_not_proven,False,"BP2-06/08: company admission, commercial references and credit decision ownership"
draft,platform.core_field_defaults,platform/core-field-defaults.v1,,0,,bindings_present_domain_completeness_not_proven,unspecified,Retained platform defaults; not a business storage entity
draft,platform.governed_child_operation,platform/governed-child-operation.v1,,0,,bindings_present_domain_completeness_not_proven,unspecified,Retained operation policy defaults; not a business storage entity
draft,supplier,supplier/core,master.supplier,5,,bindings_present_domain_completeness_not_proven,False,BP2-06/07: role core does not imply qualification/preference/activation completeness
draft,supplier_company_profile,supplier_company_profile/core,master.company_code_supplier_profile,6,,bindings_present_domain_completeness_not_proven,False,"BP2-06/07/09: company admission, terms, activation and bank usage relationships"
draft,workforce,workforce/core,master.employee,6,,bindings_present_domain_completeness_not_proven,False,BP2-12: internal employee boundary only; external_worker/engagement is a separate graph and permission contract
active,address,address/core,master.address,7,,bindings_present_domain_completeness_not_proven,False,BP2-02: add country-dependent state_region/timezone contracts; existing columns alone do not complete lookup/filter/write validation
active,address_link,address_link/core,master.address_link,8,,bindings_present_domain_completeness_not_proven,False,"BP2-02: verify owner registry, purpose, effective dates and primary overlap through existing commands"
active,business_partner,business_partner/core,control.business_partner_qualification; master.address_link; master.business_partner; master.business_partner_commodity_capability; master.business_partner_governance_relation; master.business_partner_identifier; master.business_partner_industry_classification; master.business_partner_operating_organization_assignment; master.business_partner_tax_registration; master.certification; master.company_code_customer_profile; master.company_code_supplier_profile; master.contact_person; master.customer; master.supplier,17,,bindings_present_domain_completeness_not_proven,False,BP2-04/06/16: extend relations only through verified providers; complete alias/relationship/context graph
active,business_partner_banking,business_partner_banking/core,master.bank_account,5,,bindings_present_domain_completeness_not_proven,False,BP2-09: account core is not link/usage/company/disclosure graph; preserve protected reader
active,business_partner_commodity_capability,business_partner_commodity_capability/core,master.business_partner_commodity_capability,7,,bindings_present_domain_completeness_not_proven,False,"BP2-05: tenant category -> code assignment -> shared domain/code, not a direct shared code FK"
active,business_partner_governance_relation,business_partner_governance_relation/core,master.business_partner_governance_relation,9,,bindings_present_domain_completeness_not_proven,False,BP2-04: distinguish governance relation from ordinary partner relationship and internal legal-entity link
active,business_partner_identifier,business_partner_identifier/core,master.business_partner_identifier,3,,bindings_present_domain_completeness_not_proven,False,"BP2-04: verify schemes, jurisdiction, effective dates and protected reveal"
active,business_partner_industry_classification,business_partner_industry_classification/core,master.business_partner_industry_classification,9,,bindings_present_domain_completeness_not_proven,False,BP2-05: domain plus code UUID and allowed isic/naics identity
active,business_partner_operating_organization_assignment,business_partner_operating_organization_assignment/core,master.business_partner_operating_organization_assignment,6,,bindings_present_domain_completeness_not_proven,False,"BP2-06: role capability, organization/company scope and revocation"
active,business_partner_qualification,business_partner_qualification/core,control.business_partner_qualification,8,,bindings_present_domain_completeness_not_proven,False,BP2-07/10: decision scope and governed outcomes; not generic editable qualification rows
active,business_partner_request,business_partner_request/core,document.business_partner_request,6,id; request_no; request_kind; target_business_partner_id; base_record_version; status,binding_gaps,False,BF-04: replace retired stored bindings with actual case/snapshot projection; keep logical entity and domain status mapping
active,business_partner_tax_registration,business_partner_tax_registration/core,master.business_partner_tax_registration,6,,bindings_present_domain_completeness_not_proven,False,BP2-04: tax jurisdiction/scheme and protected projection through current authority
active,certification,certification/core,master.certification,10,,bindings_present_domain_completeness_not_proven,False,"BP2-05/BF-05: certificate type/custom alternative, validity and attachment parent parity"
active,contact_person,contact_person/core,master.contact_person,6,,bindings_present_domain_completeness_not_proven,False,BP2-03: roles/channels/person identity link and authorized primary selection
active,country,country/core,shared.country,2,,bindings_present_domain_completeness_not_proven,False,"BP2-01/02: reuse natural code; state, postal hints and historical inactive display"
active,customer,customer/core,master.customer,5,,bindings_present_domain_completeness_not_proven,False,BP2-06/08: role core does not imply company designation/credit/lifecycle completeness
active,customer_company_profile,customer_company_profile/core,master.company_code_customer_profile,7,,bindings_present_domain_completeness_not_proven,False,"BP2-06/08: company admission, commercial references and credit decision ownership"
active,platform.core_field_defaults,platform/core-field-defaults.v1,,0,,bindings_present_domain_completeness_not_proven,unspecified,Retained platform defaults; not a business storage entity
active,platform.governed_child_operation,platform/governed-child-operation.v1,,0,,bindings_present_domain_completeness_not_proven,unspecified,Retained operation policy defaults; not a business storage entity
active,supplier,supplier/core,master.supplier,5,,bindings_present_domain_completeness_not_proven,False,BP2-06/07: role core does not imply qualification/preference/activation completeness
active,supplier_company_profile,supplier_company_profile/core,master.company_code_supplier_profile,6,,bindings_present_domain_completeness_not_proven,False,"BP2-06/07/09: company admission, terms, activation and bank usage relationships"
active,workforce,workforce/core,master.employee,6,,bindings_present_domain_completeness_not_proven,False,BP2-12: internal employee boundary only; external_worker/engagement is a separate graph and permission contract
