id,owner,finding,required_change,local_done_when
C01,BF-04,Resolved 2026-09-23 in signed release 14; retired request binding removed,Case/snapshot service projection implemented; unsupported base_record_version display removed; amendment baseline contract retained,Source tests and signed-in request read pass; remaining BF-04 governed journey is separate
C02,BF-04 / BP2-16,Resolved 2026-09-23; actual publisher supplies target PostgreSQL source catalog,CompiledEntityRegistry source admission enforced for broad and frozen candidates before signing or writes,Publisher regression rejects retired carried-forward source before activation; signed release 14 has zero source mismatches
C03,BP2-12,Employee-based workforce and missing BP workforce section handler,Keep workforce/employee distinct; define external worker/engagement parent and permission contracts and bounded provider,Supplier-scoped engagements admitted; unrelated workers and employees denied
C04,BF-05 / BP2-16,Nine draft/active artifact content differences,Consume current CA completion and publish reviewed changes through owning workflow,Expected artifact hashes and browser capability projections match new activation
C05,BF-05 / BP2-09,Local catalog lacks document.comment_revision and master.bank_account_house_payment_method,CA owner verifies canonical fresh build and local database update; treasury table stays outside supplier Banking scope,Fresh canonical schema check and truthful current local capability state; no automatic reset
C06,Owning BP2 domain package / BP2-16,28 operation declarations per set lack generic domain dispatch,Classify domain route vs missing adapter vs unsupported transition; advertise action only when executable destination and admission exist,Missing handlers remain unavailable; no inert action made executable by registry-only entry
C07,BF-03 / BP2-10,Activity metadata includes technical envelope/timeline declarations,Align history provider shape with declared browser fields; remove redundant unregistered timeline binding or implement justified bounded provider,Business history displayed; technical envelope fields do not become business labels
C08,BP2-01–BP2-15,Core presence does not establish complete relation/lookup graph,Execute per-core remaining_domain_work and per-table package allocation,Targeted identity/context/relationship checks for each selected slice
C09,Publication test tooling owner,Broader publication test typecheck has unrelated existing errors,Correct test project references/import boundary and existing implicit-any/possibly-undefined checks in owning task,Publication source plus test typecheck passes
