origin,artifact,field_key,label_key,source_object,column,data_type,binding_status,evidence
draft,address/core,id,entity.address.core.fields.id.label,master.address,id,uuid,present,metadata/products/mdg/entities/address/core.json
draft,address/core,line1,entity.address.core.fields.line1.label,master.address,line1,string,present,metadata/products/mdg/entities/address/core.json
draft,address/core,line2,entity.address.core.fields.line2.label,master.address,line2,string,present,metadata/products/mdg/entities/address/core.json
draft,address/core,city,entity.address.core.fields.city.label,master.address,city,string,present,metadata/products/mdg/entities/address/core.json
draft,address/core,postal_code,entity.address.core.fields.postal_code.label,master.address,postal_code,string,present,metadata/products/mdg/entities/address/core.json
draft,address/core,country_code,entity.address.core.fields.country_code.label,master.address,country_code,string,present,metadata/products/mdg/entities/address/core.json
draft,address/core,validation_status,entity.address.core.fields.validation_status.label,master.address,validation_status,string,present,metadata/products/mdg/entities/address/core.json
draft,address_link/core,id,entity.address_link.core.fields.id.label,master.address_link,id,uuid,present,metadata/products/mdg/entities/address_link/core.json
draft,address_link/core,owner_type_id,entity.address_link.core.fields.owner_type_id.label,master.address_link,owner_type_id,uuid,present,metadata/products/mdg/entities/address_link/core.json
draft,address_link/core,owner_id,entity.address_link.core.fields.owner_id.label,master.address_link,owner_id,uuid,present,metadata/products/mdg/entities/address_link/core.json
draft,address_link/core,address_id,entity.address_link.core.fields.address_id.label,master.address_link,address_id,uuid,present,metadata/products/mdg/entities/address_link/core.json
draft,address_link/core,purpose,entity.address_link.core.fields.purpose.label,master.address_link,purpose,string,present,metadata/products/mdg/entities/address_link/core.json
draft,address_link/core,is_primary,entity.address_link.core.fields.is_primary.label,master.address_link,is_primary,boolean,present,metadata/products/mdg/entities/address_link/core.json
draft,address_link/core,effective_from,entity.address_link.core.fields.effective_from.label,master.address_link,effective_from,date,present,metadata/products/mdg/entities/address_link/core.json
draft,address_link/core,effective_until,entity.address_link.core.fields.effective_until.label,master.address_link,effective_until,date,present,metadata/products/mdg/entities/address_link/core.json
draft,business_partner/core,id,entity.business_partner.core.fields.id.label,master.business_partner,id,uuid,present,metadata/products/mdg/entities/business_partner/core.json
draft,business_partner/core,code,entity.business_partner.core.fields.code.label,master.business_partner,code,string,present,metadata/products/mdg/entities/business_partner/core.json
draft,business_partner/core,name,entity.business_partner.core.fields.name.label,master.business_partner,name,string,present,metadata/products/mdg/entities/business_partner/core.json
draft,business_partner/core,registration_country_code,entity.business_partner.core.fields.registration_country_code.label,master.business_partner,registration_country_code,string,present,metadata/products/mdg/entities/business_partner/core.json
draft,business_partner/core,partner_category,entity.business_partner.core.fields.partner_category.label,master.business_partner,partner_category,string,present,metadata/products/mdg/entities/business_partner/core.json
draft,business_partner/core,ownership_class,entity.business_partner.core.fields.ownership_class.label,master.business_partner,ownership_class,string,present,metadata/products/mdg/entities/business_partner/core.json
draft,business_partner/core,incorporation_date,entity.business_partner.core.fields.incorporation_date.label,master.business_partner,incorporation_date,date,present,metadata/products/mdg/entities/business_partner/core.json
draft,business_partner/core,website_url,entity.business_partner.core.fields.website_url.label,master.business_partner,website_url,string,present,metadata/products/mdg/entities/business_partner/core.json
draft,business_partner/core,description,entity.business_partner.core.fields.description.label,master.business_partner,description,string,present,metadata/products/mdg/entities/business_partner/core.json
draft,business_partner/core,status,entity.business_partner.core.fields.status.label,master.business_partner,status,string,present,metadata/products/mdg/entities/business_partner/core.json
draft,business_partner/core,record_version,entity.business_partner.core.fields.record_version.label,master.business_partner,record_version,integer,present,metadata/products/mdg/entities/business_partner/core.json
draft,business_partner/core,legal_form_value_id,entity.business_partner.core.fields.legal_form_value_id.label,master.business_partner,legal_form_value_id,uuid,present,metadata/products/mdg/entities/business_partner/core.json
draft,business_partner/core,business_type_value_id,entity.business_partner.core.fields.business_type_value_id.label,master.business_partner,business_type_value_id,uuid,present,metadata/products/mdg/entities/business_partner/core.json
draft,business_partner/core,founded_year,entity.business_partner.core.fields.founded_year.label,master.business_partner,founded_year,integer,present,metadata/products/mdg/entities/business_partner/core.json
draft,business_partner/core,employee_count,entity.business_partner.core.fields.employee_count.label,master.business_partner,employee_count,integer,present,metadata/products/mdg/entities/business_partner/core.json
draft,business_partner/core,employee_count_as_of,entity.business_partner.core.fields.employee_count_as_of.label,master.business_partner,employee_count_as_of,date,present,metadata/products/mdg/entities/business_partner/core.json
draft,business_partner/core,employee_count_scope,entity.business_partner.core.fields.employee_count_scope.label,master.business_partner,employee_count_scope,string,present,metadata/products/mdg/entities/business_partner/core.json
draft,business_partner_banking/core,id,entity.business_partner_banking.core.fields.id.label,master.bank_account,id,uuid,present,metadata/products/mdg/entities/business_partner_banking/core.json
draft,business_partner_banking/core,account_holder_name,entity.business_partner_banking.core.fields.account_holder_name.label,master.bank_account,account_holder_name,string,present,metadata/products/mdg/entities/business_partner_banking/core.json
draft,business_partner_banking/core,account_last4,entity.business_partner_banking.core.fields.account_last4.label,master.bank_account,account_last4,string,present,metadata/products/mdg/entities/business_partner_banking/core.json
draft,business_partner_banking/core,currency_code,entity.business_partner_banking.core.fields.currency_code.label,master.bank_account,currency_code,string,present,metadata/products/mdg/entities/business_partner_banking/core.json
draft,business_partner_banking/core,is_verified,entity.business_partner_banking.core.fields.is_verified.label,master.bank_account,is_verified,boolean,present,metadata/products/mdg/entities/business_partner_banking/core.json
draft,business_partner_commodity_capability/core,id,entity.business_partner_commodity_capability.core.fields.id.label,master.business_partner_commodity_capability,id,uuid,present,metadata/products/mdg/entities/business_partner_commodity_capability/core.json
draft,business_partner_commodity_capability/core,business_partner_id,entity.business_partner_commodity_capability.core.fields.business_partner_id.label,master.business_partner_commodity_capability,business_partner_id,uuid,present,metadata/products/mdg/entities/business_partner_commodity_capability/core.json
draft,business_partner_commodity_capability/core,commodity_category_id,entity.business_partner_commodity_capability.core.fields.commodity_category_id.label,master.business_partner_commodity_capability,commodity_category_id,uuid,present,metadata/products/mdg/entities/business_partner_commodity_capability/core.json
draft,business_partner_commodity_capability/core,partner_role,entity.business_partner_commodity_capability.core.fields.partner_role.label,master.business_partner_commodity_capability,partner_role,string,present,metadata/products/mdg/entities/business_partner_commodity_capability/core.json
draft,business_partner_commodity_capability/core,effective_from,entity.business_partner_commodity_capability.core.fields.effective_from.label,master.business_partner_commodity_capability,effective_from,date,present,metadata/products/mdg/entities/business_partner_commodity_capability/core.json
draft,business_partner_commodity_capability/core,effective_until,entity.business_partner_commodity_capability.core.fields.effective_until.label,master.business_partner_commodity_capability,effective_until,date,present,metadata/products/mdg/entities/business_partner_commodity_capability/core.json
draft,business_partner_commodity_capability/core,status,entity.business_partner_commodity_capability.core.fields.status.label,master.business_partner_commodity_capability,status,string,present,metadata/products/mdg/entities/business_partner_commodity_capability/core.json
draft,business_partner_governance_relation/core,id,entity.business_partner_governance_relation.core.fields.id.label,master.business_partner_governance_relation,id,uuid,present,metadata/products/mdg/entities/business_partner_governance_relation/core.json
draft,business_partner_governance_relation/core,relation_type_code,entity.business_partner_governance_relation.core.fields.relation_type_code.label,master.business_partner_governance_relation,relation_type_code,string,present,metadata/products/mdg/entities/business_partner_governance_relation/core.json
draft,business_partner_governance_relation/core,member_name,entity.business_partner_governance_relation.core.fields.member_name.label,master.business_partner_governance_relation,member_name,string,present,metadata/products/mdg/entities/business_partner_governance_relation/core.json
draft,business_partner_governance_relation/core,member_type,entity.business_partner_governance_relation.core.fields.member_type.label,master.business_partner_governance_relation,member_type,string,present,metadata/products/mdg/entities/business_partner_governance_relation/core.json
draft,business_partner_governance_relation/core,business_title,entity.business_partner_governance_relation.core.fields.business_title.label,master.business_partner_governance_relation,business_title,string,present,metadata/products/mdg/entities/business_partner_governance_relation/core.json
draft,business_partner_governance_relation/core,ownership_pct,entity.business_partner_governance_relation.core.fields.ownership_pct.label,master.business_partner_governance_relation,ownership_pct,decimal,present,metadata/products/mdg/entities/business_partner_governance_relation/core.json
draft,business_partner_governance_relation/core,appointed_date,entity.business_partner_governance_relation.core.fields.appointed_date.label,master.business_partner_governance_relation,appointed_date,date,present,metadata/products/mdg/entities/business_partner_governance_relation/core.json
draft,business_partner_governance_relation/core,end_of_term,entity.business_partner_governance_relation.core.fields.end_of_term.label,master.business_partner_governance_relation,end_of_term,date,present,metadata/products/mdg/entities/business_partner_governance_relation/core.json
draft,business_partner_governance_relation/core,status,entity.business_partner_governance_relation.core.fields.status.label,master.business_partner_governance_relation,status,string,present,metadata/products/mdg/entities/business_partner_governance_relation/core.json
draft,business_partner_identifier/core,id,entity.business_partner_identifier.core.fields.id.label,master.business_partner_identifier,id,uuid,present,metadata/products/mdg/entities/business_partner_identifier/core.json
draft,business_partner_identifier/core,business_partner_id,entity.business_partner_identifier.core.fields.business_partner_id.label,master.business_partner_identifier,business_partner_id,uuid,present,metadata/products/mdg/entities/business_partner_identifier/core.json
draft,business_partner_identifier/core,identifier_value,entity.business_partner_identifier.core.fields.identifier_value.label,master.business_partner_identifier,identifier_value,string,present,metadata/products/mdg/entities/business_partner_identifier/core.json
draft,business_partner_industry_classification/core,id,entity.business_partner_industry_classification.core.fields.id.label,master.business_partner_industry_classification,id,uuid,present,metadata/products/mdg/entities/business_partner_industry_classification/core.json
draft,business_partner_industry_classification/core,business_partner_id,entity.business_partner_industry_classification.core.fields.business_partner_id.label,master.business_partner_industry_classification,business_partner_id,uuid,present,metadata/products/mdg/entities/business_partner_industry_classification/core.json
draft,business_partner_industry_classification/core,industry_domain_code,entity.business_partner_industry_classification.core.fields.industry_domain_code.label,master.business_partner_industry_classification,industry_domain_code,string,present,metadata/products/mdg/entities/business_partner_industry_classification/core.json
draft,business_partner_industry_classification/core,industry_code_id,entity.business_partner_industry_classification.core.fields.industry_code_id.label,master.business_partner_industry_classification,industry_code_id,uuid,present,metadata/products/mdg/entities/business_partner_industry_classification/core.json
draft,business_partner_industry_classification/core,assignment_kind,entity.business_partner_industry_classification.core.fields.assignment_kind.label,master.business_partner_industry_classification,assignment_kind,string,present,metadata/products/mdg/entities/business_partner_industry_classification/core.json
draft,business_partner_industry_classification/core,is_primary,entity.business_partner_industry_classification.core.fields.is_primary.label,master.business_partner_industry_classification,is_primary,boolean,present,metadata/products/mdg/entities/business_partner_industry_classification/core.json
draft,business_partner_industry_classification/core,effective_from,entity.business_partner_industry_classification.core.fields.effective_from.label,master.business_partner_industry_classification,effective_from,date,present,metadata/products/mdg/entities/business_partner_industry_classification/core.json
draft,business_partner_industry_classification/core,effective_until,entity.business_partner_industry_classification.core.fields.effective_until.label,master.business_partner_industry_classification,effective_until,date,present,metadata/products/mdg/entities/business_partner_industry_classification/core.json
draft,business_partner_industry_classification/core,status,entity.business_partner_industry_classification.core.fields.status.label,master.business_partner_industry_classification,status,string,present,metadata/products/mdg/entities/business_partner_industry_classification/core.json
draft,business_partner_operating_organization_assignment/core,id,entity.business_partner_operating_organization_assignment.core.fields.id.label,master.business_partner_operating_organization_assignment,id,uuid,present,metadata/products/mdg/entities/business_partner_operating_organization_assignment/core.json
draft,business_partner_operating_organization_assignment/core,business_partner_id,entity.business_partner_operating_organization_assignment.core.fields.business_partner_id.label,master.business_partner_operating_organization_assignment,business_partner_id,uuid,present,metadata/products/mdg/entities/business_partner_operating_organization_assignment/core.json
draft,business_partner_operating_organization_assignment/core,operating_organization_id,entity.business_partner_operating_organization_assignment.core.fields.operating_organization_id.label,master.business_partner_operating_organization_assignment,operating_organization_id,uuid,present,metadata/products/mdg/entities/business_partner_operating_organization_assignment/core.json
draft,business_partner_operating_organization_assignment/core,partner_role,entity.business_partner_operating_organization_assignment.core.fields.partner_role.label,master.business_partner_operating_organization_assignment,partner_role,string,present,metadata/products/mdg/entities/business_partner_operating_organization_assignment/core.json
draft,business_partner_operating_organization_assignment/core,effective_from,entity.business_partner_operating_organization_assignment.core.fields.effective_from.label,master.business_partner_operating_organization_assignment,effective_from,date,present,metadata/products/mdg/entities/business_partner_operating_organization_assignment/core.json
draft,business_partner_operating_organization_assignment/core,effective_until,entity.business_partner_operating_organization_assignment.core.fields.effective_until.label,master.business_partner_operating_organization_assignment,effective_until,date,present,metadata/products/mdg/entities/business_partner_operating_organization_assignment/core.json
draft,business_partner_qualification/core,id,entity.business_partner_qualification.core.fields.id.label,control.business_partner_qualification,id,uuid,present,metadata/products/mdg/entities/business_partner_qualification/core.json
draft,business_partner_qualification/core,partner_role,entity.business_partner_qualification.core.fields.partner_role.label,control.business_partner_qualification,partner_role,string,present,metadata/products/mdg/entities/business_partner_qualification/core.json
draft,business_partner_qualification/core,qualification_type_code,entity.business_partner_qualification.core.fields.qualification_type_code.label,control.business_partner_qualification,qualification_type_code,string,present,metadata/products/mdg/entities/business_partner_qualification/core.json
draft,business_partner_qualification/core,decision,entity.business_partner_qualification.core.fields.decision.label,control.business_partner_qualification,decision,string,present,metadata/products/mdg/entities/business_partner_qualification/core.json
draft,business_partner_qualification/core,decision_reason,entity.business_partner_qualification.core.fields.decision_reason.label,control.business_partner_qualification,decision_reason,string,present,metadata/products/mdg/entities/business_partner_qualification/core.json
draft,business_partner_qualification/core,effective_from,entity.business_partner_qualification.core.fields.effective_from.label,control.business_partner_qualification,effective_from,date,present,metadata/products/mdg/entities/business_partner_qualification/core.json
draft,business_partner_qualification/core,effective_until,entity.business_partner_qualification.core.fields.effective_until.label,control.business_partner_qualification,effective_until,date,present,metadata/products/mdg/entities/business_partner_qualification/core.json
draft,business_partner_qualification/core,next_review_at,entity.business_partner_qualification.core.fields.next_review_at.label,control.business_partner_qualification,next_review_at,date,present,metadata/products/mdg/entities/business_partner_qualification/core.json
draft,business_partner_request/core,id,entity.business_partner_request.field.id,document.business_partner_request,id,uuid,missing_column_or_source,metadata/products/mdg/entities/business_partner_request/core.json
draft,business_partner_request/core,request_no,entity.business_partner_request.field.request_no,document.business_partner_request,request_no,string,missing_column_or_source,metadata/products/mdg/entities/business_partner_request/core.json
draft,business_partner_request/core,request_kind,entity.business_partner_request.field.request_kind,document.business_partner_request,request_kind,string,missing_column_or_source,metadata/products/mdg/entities/business_partner_request/core.json
draft,business_partner_request/core,target_business_partner_id,entity.business_partner_request.field.target_business_partner_id,document.business_partner_request,target_business_partner_id,uuid,missing_column_or_source,metadata/products/mdg/entities/business_partner_request/core.json
draft,business_partner_request/core,base_record_version,entity.business_partner_request.field.base_record_version,document.business_partner_request,base_record_version,integer,missing_column_or_source,metadata/products/mdg/entities/business_partner_request/core.json
draft,business_partner_request/core,status,entity.business_partner_request.field.status,document.business_partner_request,status,string,missing_column_or_source,metadata/products/mdg/entities/business_partner_request/core.json
draft,business_partner_tax_registration/core,id,entity.business_partner_tax_registration.core.fields.id.label,master.business_partner_tax_registration,id,uuid,present,metadata/products/mdg/entities/business_partner_tax_registration/core.json
draft,business_partner_tax_registration/core,business_partner_id,entity.business_partner_tax_registration.core.fields.business_partner_id.label,master.business_partner_tax_registration,business_partner_id,uuid,present,metadata/products/mdg/entities/business_partner_tax_registration/core.json
draft,business_partner_tax_registration/core,registration_type_code,entity.business_partner_tax_registration.core.fields.registration_type_code.label,master.business_partner_tax_registration,registration_type_code,string,present,metadata/products/mdg/entities/business_partner_tax_registration/core.json
draft,business_partner_tax_registration/core,registration_number,entity.business_partner_tax_registration.core.fields.registration_number.label,master.business_partner_tax_registration,registration_number,string,present,metadata/products/mdg/entities/business_partner_tax_registration/core.json
draft,business_partner_tax_registration/core,effective_from,entity.business_partner_tax_registration.core.fields.effective_from.label,master.business_partner_tax_registration,effective_from,date,present,metadata/products/mdg/entities/business_partner_tax_registration/core.json
draft,business_partner_tax_registration/core,effective_until,entity.business_partner_tax_registration.core.fields.effective_until.label,master.business_partner_tax_registration,effective_until,date,present,metadata/products/mdg/entities/business_partner_tax_registration/core.json
draft,certification/core,id,entity.certification.core.fields.id.label,master.certification,id,uuid,present,metadata/products/mdg/entities/certification/core.json
draft,certification/core,company_code_id,entity.certification.core.fields.company_code_id.label,master.certification,company_code_id,uuid,present,metadata/products/mdg/entities/certification/core.json
draft,certification/core,document_attachment_id,entity.certification.core.fields.document_attachment_id.label,master.certification,document_attachment_id,uuid,present,metadata/products/mdg/entities/certification/core.json
draft,certification/core,certification_type_id,entity.certification.core.fields.certification_type_id.label,master.certification,certification_type_id,uuid,present,metadata/products/mdg/entities/certification/core.json
draft,certification/core,custom_name,entity.certification.core.fields.custom_name.label,master.certification,custom_name,string,present,metadata/products/mdg/entities/certification/core.json
draft,certification/core,certificate_number,entity.certification.core.fields.certificate_number.label,master.certification,certificate_number,string,present,metadata/products/mdg/entities/certification/core.json
draft,certification/core,certified_by,entity.certification.core.fields.certified_by.label,master.certification,certified_by,string,present,metadata/products/mdg/entities/certification/core.json
draft,certification/core,effective_from,entity.certification.core.fields.effective_from.label,master.certification,effective_from,date,present,metadata/products/mdg/entities/certification/core.json
draft,certification/core,effective_until,entity.certification.core.fields.effective_until.label,master.certification,effective_until,date,present,metadata/products/mdg/entities/certification/core.json
draft,certification/core,status,entity.certification.core.fields.status.label,master.certification,status,string,present,metadata/products/mdg/entities/certification/core.json
draft,contact_person/core,id,entity.contact_person.core.fields.id.label,master.contact_person,id,uuid,present,metadata/products/mdg/entities/contact_person/core.json
draft,contact_person/core,contact_name,entity.contact_person.core.fields.contact_name.label,master.contact_person,contact_name,string,present,metadata/products/mdg/entities/contact_person/core.json
draft,contact_person/core,business_title,entity.contact_person.core.fields.business_title.label,master.contact_person,business_title,string,present,metadata/products/mdg/entities/contact_person/core.json
draft,contact_person/core,department_name,entity.contact_person.core.fields.department_name.label,master.contact_person,department_name,string,present,metadata/products/mdg/entities/contact_person/core.json
draft,contact_person/core,is_primary,entity.contact_person.core.fields.is_primary.label,master.contact_person,is_primary,boolean,present,metadata/products/mdg/entities/contact_person/core.json
draft,contact_person/core,status,entity.contact_person.core.fields.status.label,master.contact_person,status,string,present,metadata/products/mdg/entities/contact_person/core.json
draft,country/core,code,entity.country.core.fields.code.label,shared.country,code,string,present,metadata/products/mdg/entities/country/core.json
draft,country/core,name,entity.country.core.fields.name.label,shared.country,name,string,present,metadata/products/mdg/entities/country/core.json
draft,customer/core,id,entity.customer.core.fields.id.label,master.customer,id,uuid,present,metadata/products/mdg/entities/customer/core.json
draft,customer/core,business_partner_id,entity.customer.core.fields.business_partner_id.label,master.customer,business_partner_id,uuid,present,metadata/products/mdg/entities/customer/core.json
draft,customer/core,status,entity.customer.core.fields.status.label,master.customer,status,string,present,metadata/products/mdg/entities/customer/core.json
draft,customer/core,customer_code,entity.customer.core.fields.customer_code.label,master.customer,customer_code,string,present,metadata/products/mdg/entities/customer/core.json
draft,customer/core,customer_type,entity.customer.core.fields.customer_type.label,master.customer,customer_type,string,present,metadata/products/mdg/entities/customer/core.json
draft,customer_company_profile/core,id,entity.customer_company_profile.core.fields.id.label,master.company_code_customer_profile,id,uuid,present,metadata/products/mdg/entities/customer_company_profile/core.json
draft,customer_company_profile/core,customer_id,entity.customer_company_profile.core.fields.customer_id.label,master.company_code_customer_profile,customer_id,uuid,present,metadata/products/mdg/entities/customer_company_profile/core.json
draft,customer_company_profile/core,company_code_id,entity.customer_company_profile.core.fields.company_code_id.label,master.company_code_customer_profile,company_code_id,uuid,present,metadata/products/mdg/entities/customer_company_profile/core.json
draft,customer_company_profile/core,currency_code,entity.customer_company_profile.core.fields.currency_code.label,master.company_code_customer_profile,currency_code,string,present,metadata/products/mdg/entities/customer_company_profile/core.json
draft,customer_company_profile/core,payment_term_id,entity.customer_company_profile.core.fields.payment_term_id.label,master.company_code_customer_profile,payment_term_id,uuid,present,metadata/products/mdg/entities/customer_company_profile/core.json
draft,customer_company_profile/core,statement_cycle_code,entity.customer_company_profile.core.fields.statement_cycle_code.label,master.company_code_customer_profile,statement_cycle_code,string,present,metadata/products/mdg/entities/customer_company_profile/core.json
draft,customer_company_profile/core,status,entity.customer_company_profile.core.fields.status.label,master.company_code_customer_profile,status,string,present,metadata/products/mdg/entities/customer_company_profile/core.json
draft,supplier/core,id,entity.supplier.core.fields.id.label,master.supplier,id,uuid,present,metadata/products/mdg/entities/supplier/core.json
draft,supplier/core,business_partner_id,entity.supplier.core.fields.business_partner_id.label,master.supplier,business_partner_id,uuid,present,metadata/products/mdg/entities/supplier/core.json
draft,supplier/core,status,entity.supplier.core.fields.status.label,master.supplier,status,string,present,metadata/products/mdg/entities/supplier/core.json
draft,supplier/core,supplier_code,entity.supplier.core.fields.supplier_code.label,master.supplier,supplier_code,string,present,metadata/products/mdg/entities/supplier/core.json
draft,supplier/core,supplier_type,entity.supplier.core.fields.supplier_type.label,master.supplier,supplier_type,string,present,metadata/products/mdg/entities/supplier/core.json
draft,supplier_company_profile/core,id,entity.supplier_company_profile.core.fields.id.label,master.company_code_supplier_profile,id,uuid,present,metadata/products/mdg/entities/supplier_company_profile/core.json
draft,supplier_company_profile/core,supplier_id,entity.supplier_company_profile.core.fields.supplier_id.label,master.company_code_supplier_profile,supplier_id,uuid,present,metadata/products/mdg/entities/supplier_company_profile/core.json
draft,supplier_company_profile/core,company_code_id,entity.supplier_company_profile.core.fields.company_code_id.label,master.company_code_supplier_profile,company_code_id,uuid,present,metadata/products/mdg/entities/supplier_company_profile/core.json
draft,supplier_company_profile/core,currency_code,entity.supplier_company_profile.core.fields.currency_code.label,master.company_code_supplier_profile,currency_code,string,present,metadata/products/mdg/entities/supplier_company_profile/core.json
draft,supplier_company_profile/core,payment_term_id,entity.supplier_company_profile.core.fields.payment_term_id.label,master.company_code_supplier_profile,payment_term_id,uuid,present,metadata/products/mdg/entities/supplier_company_profile/core.json
draft,supplier_company_profile/core,status,entity.supplier_company_profile.core.fields.status.label,master.company_code_supplier_profile,status,string,present,metadata/products/mdg/entities/supplier_company_profile/core.json
draft,workforce/core,id,entity.workforce.core.fields.id.label,master.employee,id,uuid,present,metadata/products/mdg/entities/workforce/core.json
draft,workforce/core,employee_number,entity.workforce.core.fields.employee_number.label,master.employee,employee_number,string,present,metadata/products/mdg/entities/workforce/core.json
draft,workforce/core,display_name,entity.workforce.core.fields.display_name.label,master.employee,display_name,string,present,metadata/products/mdg/entities/workforce/core.json
draft,workforce/core,employment_type,entity.workforce.core.fields.employment_type.label,master.employee,employment_type,string,present,metadata/products/mdg/entities/workforce/core.json
draft,workforce/core,company_code_id,entity.workforce.core.fields.company_code_id.label,master.employee,company_code_id,uuid,present,metadata/products/mdg/entities/workforce/core.json
draft,workforce/core,status,entity.workforce.core.fields.status.label,master.employee,status,string,present,metadata/products/mdg/entities/workforce/core.json
active,address/core,id,entity.address.core.fields.id.label,master.address,id,uuid,present,metadata.compiled_entity.business_partner
active,address/core,line1,entity.address.core.fields.line1.label,master.address,line1,string,present,metadata.compiled_entity.business_partner
active,address/core,line2,entity.address.core.fields.line2.label,master.address,line2,string,present,metadata.compiled_entity.business_partner
active,address/core,city,entity.address.core.fields.city.label,master.address,city,string,present,metadata.compiled_entity.business_partner
active,address/core,postal_code,entity.address.core.fields.postal_code.label,master.address,postal_code,string,present,metadata.compiled_entity.business_partner
active,address/core,country_code,entity.address.core.fields.country_code.label,master.address,country_code,string,present,metadata.compiled_entity.business_partner
active,address/core,validation_status,entity.address.core.fields.validation_status.label,master.address,validation_status,string,present,metadata.compiled_entity.business_partner
active,address_link/core,id,entity.address_link.core.fields.id.label,master.address_link,id,uuid,present,metadata.compiled_entity.business_partner
active,address_link/core,owner_type_id,entity.address_link.core.fields.owner_type_id.label,master.address_link,owner_type_id,uuid,present,metadata.compiled_entity.business_partner
active,address_link/core,owner_id,entity.address_link.core.fields.owner_id.label,master.address_link,owner_id,uuid,present,metadata.compiled_entity.business_partner
active,address_link/core,address_id,entity.address_link.core.fields.address_id.label,master.address_link,address_id,uuid,present,metadata.compiled_entity.business_partner
active,address_link/core,purpose,entity.address_link.core.fields.purpose.label,master.address_link,purpose,string,present,metadata.compiled_entity.business_partner
active,address_link/core,is_primary,entity.address_link.core.fields.is_primary.label,master.address_link,is_primary,boolean,present,metadata.compiled_entity.business_partner
active,address_link/core,effective_from,entity.address_link.core.fields.effective_from.label,master.address_link,effective_from,date,present,metadata.compiled_entity.business_partner
active,address_link/core,effective_until,entity.address_link.core.fields.effective_until.label,master.address_link,effective_until,date,present,metadata.compiled_entity.business_partner
active,business_partner/core,id,entity.business_partner.core.fields.id.label,master.business_partner,id,uuid,present,metadata.compiled_entity.business_partner
active,business_partner/core,code,entity.business_partner.core.fields.code.label,master.business_partner,code,string,present,metadata.compiled_entity.business_partner
active,business_partner/core,name,entity.business_partner.core.fields.name.label,master.business_partner,name,string,present,metadata.compiled_entity.business_partner
active,business_partner/core,registration_country_code,entity.business_partner.core.fields.registration_country_code.label,master.business_partner,registration_country_code,string,present,metadata.compiled_entity.business_partner
active,business_partner/core,partner_category,entity.business_partner.core.fields.partner_category.label,master.business_partner,partner_category,string,present,metadata.compiled_entity.business_partner
active,business_partner/core,ownership_class,entity.business_partner.core.fields.ownership_class.label,master.business_partner,ownership_class,string,present,metadata.compiled_entity.business_partner
active,business_partner/core,incorporation_date,entity.business_partner.core.fields.incorporation_date.label,master.business_partner,incorporation_date,date,present,metadata.compiled_entity.business_partner
active,business_partner/core,website_url,entity.business_partner.core.fields.website_url.label,master.business_partner,website_url,string,present,metadata.compiled_entity.business_partner
active,business_partner/core,description,entity.business_partner.core.fields.description.label,master.business_partner,description,string,present,metadata.compiled_entity.business_partner
active,business_partner/core,status,entity.business_partner.core.fields.status.label,master.business_partner,status,string,present,metadata.compiled_entity.business_partner
active,business_partner/core,record_version,entity.business_partner.core.fields.record_version.label,master.business_partner,record_version,integer,present,metadata.compiled_entity.business_partner
active,business_partner/core,legal_form_value_id,entity.business_partner.core.fields.legal_form_value_id.label,master.business_partner,legal_form_value_id,uuid,present,metadata.compiled_entity.business_partner
active,business_partner/core,business_type_value_id,entity.business_partner.core.fields.business_type_value_id.label,master.business_partner,business_type_value_id,uuid,present,metadata.compiled_entity.business_partner
active,business_partner/core,founded_year,entity.business_partner.core.fields.founded_year.label,master.business_partner,founded_year,integer,present,metadata.compiled_entity.business_partner
active,business_partner/core,employee_count,entity.business_partner.core.fields.employee_count.label,master.business_partner,employee_count,integer,present,metadata.compiled_entity.business_partner
active,business_partner/core,employee_count_as_of,entity.business_partner.core.fields.employee_count_as_of.label,master.business_partner,employee_count_as_of,date,present,metadata.compiled_entity.business_partner
active,business_partner/core,employee_count_scope,entity.business_partner.core.fields.employee_count_scope.label,master.business_partner,employee_count_scope,string,present,metadata.compiled_entity.business_partner
active,business_partner_banking/core,id,entity.business_partner_banking.core.fields.id.label,master.bank_account,id,uuid,present,metadata.compiled_entity.business_partner
active,business_partner_banking/core,account_holder_name,entity.business_partner_banking.core.fields.account_holder_name.label,master.bank_account,account_holder_name,string,present,metadata.compiled_entity.business_partner
active,business_partner_banking/core,account_last4,entity.business_partner_banking.core.fields.account_last4.label,master.bank_account,account_last4,string,present,metadata.compiled_entity.business_partner
active,business_partner_banking/core,currency_code,entity.business_partner_banking.core.fields.currency_code.label,master.bank_account,currency_code,string,present,metadata.compiled_entity.business_partner
active,business_partner_banking/core,is_verified,entity.business_partner_banking.core.fields.is_verified.label,master.bank_account,is_verified,boolean,present,metadata.compiled_entity.business_partner
active,business_partner_commodity_capability/core,id,entity.business_partner_commodity_capability.core.fields.id.label,master.business_partner_commodity_capability,id,uuid,present,metadata.compiled_entity.business_partner
active,business_partner_commodity_capability/core,business_partner_id,entity.business_partner_commodity_capability.core.fields.business_partner_id.label,master.business_partner_commodity_capability,business_partner_id,uuid,present,metadata.compiled_entity.business_partner
active,business_partner_commodity_capability/core,commodity_category_id,entity.business_partner_commodity_capability.core.fields.commodity_category_id.label,master.business_partner_commodity_capability,commodity_category_id,uuid,present,metadata.compiled_entity.business_partner
active,business_partner_commodity_capability/core,partner_role,entity.business_partner_commodity_capability.core.fields.partner_role.label,master.business_partner_commodity_capability,partner_role,string,present,metadata.compiled_entity.business_partner
active,business_partner_commodity_capability/core,effective_from,entity.business_partner_commodity_capability.core.fields.effective_from.label,master.business_partner_commodity_capability,effective_from,date,present,metadata.compiled_entity.business_partner
active,business_partner_commodity_capability/core,effective_until,entity.business_partner_commodity_capability.core.fields.effective_until.label,master.business_partner_commodity_capability,effective_until,date,present,metadata.compiled_entity.business_partner
active,business_partner_commodity_capability/core,status,entity.business_partner_commodity_capability.core.fields.status.label,master.business_partner_commodity_capability,status,string,present,metadata.compiled_entity.business_partner
active,business_partner_governance_relation/core,id,entity.business_partner_governance_relation.core.fields.id.label,master.business_partner_governance_relation,id,uuid,present,metadata.compiled_entity.business_partner
active,business_partner_governance_relation/core,relation_type_code,entity.business_partner_governance_relation.core.fields.relation_type_code.label,master.business_partner_governance_relation,relation_type_code,string,present,metadata.compiled_entity.business_partner
active,business_partner_governance_relation/core,member_name,entity.business_partner_governance_relation.core.fields.member_name.label,master.business_partner_governance_relation,member_name,string,present,metadata.compiled_entity.business_partner
active,business_partner_governance_relation/core,member_type,entity.business_partner_governance_relation.core.fields.member_type.label,master.business_partner_governance_relation,member_type,string,present,metadata.compiled_entity.business_partner
active,business_partner_governance_relation/core,business_title,entity.business_partner_governance_relation.core.fields.business_title.label,master.business_partner_governance_relation,business_title,string,present,metadata.compiled_entity.business_partner
active,business_partner_governance_relation/core,ownership_pct,entity.business_partner_governance_relation.core.fields.ownership_pct.label,master.business_partner_governance_relation,ownership_pct,decimal,present,metadata.compiled_entity.business_partner
active,business_partner_governance_relation/core,appointed_date,entity.business_partner_governance_relation.core.fields.appointed_date.label,master.business_partner_governance_relation,appointed_date,date,present,metadata.compiled_entity.business_partner
active,business_partner_governance_relation/core,end_of_term,entity.business_partner_governance_relation.core.fields.end_of_term.label,master.business_partner_governance_relation,end_of_term,date,present,metadata.compiled_entity.business_partner
active,business_partner_governance_relation/core,status,entity.business_partner_governance_relation.core.fields.status.label,master.business_partner_governance_relation,status,string,present,metadata.compiled_entity.business_partner
active,business_partner_identifier/core,id,entity.business_partner_identifier.core.fields.id.label,master.business_partner_identifier,id,uuid,present,metadata.compiled_entity.business_partner
active,business_partner_identifier/core,business_partner_id,entity.business_partner_identifier.core.fields.business_partner_id.label,master.business_partner_identifier,business_partner_id,uuid,present,metadata.compiled_entity.business_partner
active,business_partner_identifier/core,identifier_value,entity.business_partner_identifier.core.fields.identifier_value.label,master.business_partner_identifier,identifier_value,string,present,metadata.compiled_entity.business_partner
active,business_partner_industry_classification/core,id,entity.business_partner_industry_classification.core.fields.id.label,master.business_partner_industry_classification,id,uuid,present,metadata.compiled_entity.business_partner
active,business_partner_industry_classification/core,business_partner_id,entity.business_partner_industry_classification.core.fields.business_partner_id.label,master.business_partner_industry_classification,business_partner_id,uuid,present,metadata.compiled_entity.business_partner
active,business_partner_industry_classification/core,industry_domain_code,entity.business_partner_industry_classification.core.fields.industry_domain_code.label,master.business_partner_industry_classification,industry_domain_code,string,present,metadata.compiled_entity.business_partner
active,business_partner_industry_classification/core,industry_code_id,entity.business_partner_industry_classification.core.fields.industry_code_id.label,master.business_partner_industry_classification,industry_code_id,uuid,present,metadata.compiled_entity.business_partner
active,business_partner_industry_classification/core,assignment_kind,entity.business_partner_industry_classification.core.fields.assignment_kind.label,master.business_partner_industry_classification,assignment_kind,string,present,metadata.compiled_entity.business_partner
active,business_partner_industry_classification/core,is_primary,entity.business_partner_industry_classification.core.fields.is_primary.label,master.business_partner_industry_classification,is_primary,boolean,present,metadata.compiled_entity.business_partner
active,business_partner_industry_classification/core,effective_from,entity.business_partner_industry_classification.core.fields.effective_from.label,master.business_partner_industry_classification,effective_from,date,present,metadata.compiled_entity.business_partner
active,business_partner_industry_classification/core,effective_until,entity.business_partner_industry_classification.core.fields.effective_until.label,master.business_partner_industry_classification,effective_until,date,present,metadata.compiled_entity.business_partner
active,business_partner_industry_classification/core,status,entity.business_partner_industry_classification.core.fields.status.label,master.business_partner_industry_classification,status,string,present,metadata.compiled_entity.business_partner
active,business_partner_operating_organization_assignment/core,id,entity.business_partner_operating_organization_assignment.core.fields.id.label,master.business_partner_operating_organization_assignment,id,uuid,present,metadata.compiled_entity.business_partner
active,business_partner_operating_organization_assignment/core,business_partner_id,entity.business_partner_operating_organization_assignment.core.fields.business_partner_id.label,master.business_partner_operating_organization_assignment,business_partner_id,uuid,present,metadata.compiled_entity.business_partner
active,business_partner_operating_organization_assignment/core,operating_organization_id,entity.business_partner_operating_organization_assignment.core.fields.operating_organization_id.label,master.business_partner_operating_organization_assignment,operating_organization_id,uuid,present,metadata.compiled_entity.business_partner
active,business_partner_operating_organization_assignment/core,partner_role,entity.business_partner_operating_organization_assignment.core.fields.partner_role.label,master.business_partner_operating_organization_assignment,partner_role,string,present,metadata.compiled_entity.business_partner
active,business_partner_operating_organization_assignment/core,effective_from,entity.business_partner_operating_organization_assignment.core.fields.effective_from.label,master.business_partner_operating_organization_assignment,effective_from,date,present,metadata.compiled_entity.business_partner
active,business_partner_operating_organization_assignment/core,effective_until,entity.business_partner_operating_organization_assignment.core.fields.effective_until.label,master.business_partner_operating_organization_assignment,effective_until,date,present,metadata.compiled_entity.business_partner
active,business_partner_qualification/core,id,entity.business_partner_qualification.core.fields.id.label,control.business_partner_qualification,id,uuid,present,metadata.compiled_entity.business_partner
active,business_partner_qualification/core,partner_role,entity.business_partner_qualification.core.fields.partner_role.label,control.business_partner_qualification,partner_role,string,present,metadata.compiled_entity.business_partner
active,business_partner_qualification/core,qualification_type_code,entity.business_partner_qualification.core.fields.qualification_type_code.label,control.business_partner_qualification,qualification_type_code,string,present,metadata.compiled_entity.business_partner
active,business_partner_qualification/core,decision,entity.business_partner_qualification.core.fields.decision.label,control.business_partner_qualification,decision,string,present,metadata.compiled_entity.business_partner
active,business_partner_qualification/core,decision_reason,entity.business_partner_qualification.core.fields.decision_reason.label,control.business_partner_qualification,decision_reason,string,present,metadata.compiled_entity.business_partner
active,business_partner_qualification/core,effective_from,entity.business_partner_qualification.core.fields.effective_from.label,control.business_partner_qualification,effective_from,date,present,metadata.compiled_entity.business_partner
active,business_partner_qualification/core,effective_until,entity.business_partner_qualification.core.fields.effective_until.label,control.business_partner_qualification,effective_until,date,present,metadata.compiled_entity.business_partner
active,business_partner_qualification/core,next_review_at,entity.business_partner_qualification.core.fields.next_review_at.label,control.business_partner_qualification,next_review_at,date,present,metadata.compiled_entity.business_partner
active,business_partner_request/core,id,entity.business_partner_request.field.id,document.business_partner_request,id,uuid,missing_column_or_source,metadata.compiled_entity.business_partner
active,business_partner_request/core,request_no,entity.business_partner_request.field.request_no,document.business_partner_request,request_no,string,missing_column_or_source,metadata.compiled_entity.business_partner
active,business_partner_request/core,request_kind,entity.business_partner_request.field.request_kind,document.business_partner_request,request_kind,string,missing_column_or_source,metadata.compiled_entity.business_partner
active,business_partner_request/core,target_business_partner_id,entity.business_partner_request.field.target_business_partner_id,document.business_partner_request,target_business_partner_id,uuid,missing_column_or_source,metadata.compiled_entity.business_partner
active,business_partner_request/core,base_record_version,entity.business_partner_request.field.base_record_version,document.business_partner_request,base_record_version,integer,missing_column_or_source,metadata.compiled_entity.business_partner
active,business_partner_request/core,status,entity.business_partner_request.field.status,document.business_partner_request,status,string,missing_column_or_source,metadata.compiled_entity.business_partner
active,business_partner_tax_registration/core,id,entity.business_partner_tax_registration.core.fields.id.label,master.business_partner_tax_registration,id,uuid,present,metadata.compiled_entity.business_partner
active,business_partner_tax_registration/core,business_partner_id,entity.business_partner_tax_registration.core.fields.business_partner_id.label,master.business_partner_tax_registration,business_partner_id,uuid,present,metadata.compiled_entity.business_partner
active,business_partner_tax_registration/core,registration_type_code,entity.business_partner_tax_registration.core.fields.registration_type_code.label,master.business_partner_tax_registration,registration_type_code,string,present,metadata.compiled_entity.business_partner
active,business_partner_tax_registration/core,registration_number,entity.business_partner_tax_registration.core.fields.registration_number.label,master.business_partner_tax_registration,registration_number,string,present,metadata.compiled_entity.business_partner
active,business_partner_tax_registration/core,effective_from,entity.business_partner_tax_registration.core.fields.effective_from.label,master.business_partner_tax_registration,effective_from,date,present,metadata.compiled_entity.business_partner
active,business_partner_tax_registration/core,effective_until,entity.business_partner_tax_registration.core.fields.effective_until.label,master.business_partner_tax_registration,effective_until,date,present,metadata.compiled_entity.business_partner
active,certification/core,id,entity.certification.core.fields.id.label,master.certification,id,uuid,present,metadata.compiled_entity.business_partner
active,certification/core,company_code_id,entity.certification.core.fields.company_code_id.label,master.certification,company_code_id,uuid,present,metadata.compiled_entity.business_partner
active,certification/core,document_attachment_id,entity.certification.core.fields.document_attachment_id.label,master.certification,document_attachment_id,uuid,present,metadata.compiled_entity.business_partner
active,certification/core,certification_type_id,entity.certification.core.fields.certification_type_id.label,master.certification,certification_type_id,uuid,present,metadata.compiled_entity.business_partner
active,certification/core,custom_name,entity.certification.core.fields.custom_name.label,master.certification,custom_name,string,present,metadata.compiled_entity.business_partner
active,certification/core,certificate_number,entity.certification.core.fields.certificate_number.label,master.certification,certificate_number,string,present,metadata.compiled_entity.business_partner
active,certification/core,certified_by,entity.certification.core.fields.certified_by.label,master.certification,certified_by,string,present,metadata.compiled_entity.business_partner
active,certification/core,effective_from,entity.certification.core.fields.effective_from.label,master.certification,effective_from,date,present,metadata.compiled_entity.business_partner
active,certification/core,effective_until,entity.certification.core.fields.effective_until.label,master.certification,effective_until,date,present,metadata.compiled_entity.business_partner
active,certification/core,status,entity.certification.core.fields.status.label,master.certification,status,string,present,metadata.compiled_entity.business_partner
active,contact_person/core,id,entity.contact_person.core.fields.id.label,master.contact_person,id,uuid,present,metadata.compiled_entity.business_partner
active,contact_person/core,contact_name,entity.contact_person.core.fields.contact_name.label,master.contact_person,contact_name,string,present,metadata.compiled_entity.business_partner
active,contact_person/core,business_title,entity.contact_person.core.fields.business_title.label,master.contact_person,business_title,string,present,metadata.compiled_entity.business_partner
active,contact_person/core,department_name,entity.contact_person.core.fields.department_name.label,master.contact_person,department_name,string,present,metadata.compiled_entity.business_partner
active,contact_person/core,is_primary,entity.contact_person.core.fields.is_primary.label,master.contact_person,is_primary,boolean,present,metadata.compiled_entity.business_partner
active,contact_person/core,status,entity.contact_person.core.fields.status.label,master.contact_person,status,string,present,metadata.compiled_entity.business_partner
active,country/core,code,entity.country.core.fields.code.label,shared.country,code,string,present,metadata.compiled_entity.business_partner
active,country/core,name,entity.country.core.fields.name.label,shared.country,name,string,present,metadata.compiled_entity.business_partner
active,customer/core,id,entity.customer.core.fields.id.label,master.customer,id,uuid,present,metadata.compiled_entity.business_partner
active,customer/core,business_partner_id,entity.customer.core.fields.business_partner_id.label,master.customer,business_partner_id,uuid,present,metadata.compiled_entity.business_partner
active,customer/core,status,entity.customer.core.fields.status.label,master.customer,status,string,present,metadata.compiled_entity.business_partner
active,customer/core,customer_code,entity.customer.core.fields.customer_code.label,master.customer,customer_code,string,present,metadata.compiled_entity.business_partner
active,customer/core,customer_type,entity.customer.core.fields.customer_type.label,master.customer,customer_type,string,present,metadata.compiled_entity.business_partner
active,customer_company_profile/core,id,entity.customer_company_profile.core.fields.id.label,master.company_code_customer_profile,id,uuid,present,metadata.compiled_entity.business_partner
active,customer_company_profile/core,customer_id,entity.customer_company_profile.core.fields.customer_id.label,master.company_code_customer_profile,customer_id,uuid,present,metadata.compiled_entity.business_partner
active,customer_company_profile/core,company_code_id,entity.customer_company_profile.core.fields.company_code_id.label,master.company_code_customer_profile,company_code_id,uuid,present,metadata.compiled_entity.business_partner
active,customer_company_profile/core,currency_code,entity.customer_company_profile.core.fields.currency_code.label,master.company_code_customer_profile,currency_code,string,present,metadata.compiled_entity.business_partner
active,customer_company_profile/core,payment_term_id,entity.customer_company_profile.core.fields.payment_term_id.label,master.company_code_customer_profile,payment_term_id,uuid,present,metadata.compiled_entity.business_partner
active,customer_company_profile/core,statement_cycle_code,entity.customer_company_profile.core.fields.statement_cycle_code.label,master.company_code_customer_profile,statement_cycle_code,string,present,metadata.compiled_entity.business_partner
active,customer_company_profile/core,status,entity.customer_company_profile.core.fields.status.label,master.company_code_customer_profile,status,string,present,metadata.compiled_entity.business_partner
active,supplier/core,id,entity.supplier.core.fields.id.label,master.supplier,id,uuid,present,metadata.compiled_entity.business_partner
active,supplier/core,business_partner_id,entity.supplier.core.fields.business_partner_id.label,master.supplier,business_partner_id,uuid,present,metadata.compiled_entity.business_partner
active,supplier/core,status,entity.supplier.core.fields.status.label,master.supplier,status,string,present,metadata.compiled_entity.business_partner
active,supplier/core,supplier_code,entity.supplier.core.fields.supplier_code.label,master.supplier,supplier_code,string,present,metadata.compiled_entity.business_partner
active,supplier/core,supplier_type,entity.supplier.core.fields.supplier_type.label,master.supplier,supplier_type,string,present,metadata.compiled_entity.business_partner
active,supplier_company_profile/core,id,entity.supplier_company_profile.core.fields.id.label,master.company_code_supplier_profile,id,uuid,present,metadata.compiled_entity.business_partner
active,supplier_company_profile/core,supplier_id,entity.supplier_company_profile.core.fields.supplier_id.label,master.company_code_supplier_profile,supplier_id,uuid,present,metadata.compiled_entity.business_partner
active,supplier_company_profile/core,company_code_id,entity.supplier_company_profile.core.fields.company_code_id.label,master.company_code_supplier_profile,company_code_id,uuid,present,metadata.compiled_entity.business_partner
active,supplier_company_profile/core,currency_code,entity.supplier_company_profile.core.fields.currency_code.label,master.company_code_supplier_profile,currency_code,string,present,metadata.compiled_entity.business_partner
active,supplier_company_profile/core,payment_term_id,entity.supplier_company_profile.core.fields.payment_term_id.label,master.company_code_supplier_profile,payment_term_id,uuid,present,metadata.compiled_entity.business_partner
active,supplier_company_profile/core,status,entity.supplier_company_profile.core.fields.status.label,master.company_code_supplier_profile,status,string,present,metadata.compiled_entity.business_partner
active,workforce/core,id,entity.workforce.core.fields.id.label,master.employee,id,uuid,present,metadata.compiled_entity.business_partner
active,workforce/core,employee_number,entity.workforce.core.fields.employee_number.label,master.employee,employee_number,string,present,metadata.compiled_entity.business_partner
active,workforce/core,display_name,entity.workforce.core.fields.display_name.label,master.employee,display_name,string,present,metadata.compiled_entity.business_partner
active,workforce/core,employment_type,entity.workforce.core.fields.employment_type.label,master.employee,employment_type,string,present,metadata.compiled_entity.business_partner
active,workforce/core,company_code_id,entity.workforce.core.fields.company_code_id.label,master.employee,company_code_id,uuid,present,metadata.compiled_entity.business_partner
active,workforce/core,status,entity.workforce.core.fields.status.label,master.employee,status,string,present,metadata.compiled_entity.business_partner
