object,event,manifest_order,source,line
public.schema_provisions,create,5,server/db/ddl/common/_database/02_schema_provisions.sql,5
shared.country,create,34,server/db/ddl/common/shared/03_tables.sql,11
shared.currency,create,34,server/db/ddl/common/shared/03_tables.sql,117
shared.language,create,34,server/db/ddl/common/shared/03_tables.sql,160
shared.locale,create,34,server/db/ddl/common/shared/03_tables.sql,203
shared.timezone,create,34,server/db/ddl/common/shared/03_tables.sql,247
shared.uom,create,34,server/db/ddl/common/shared/03_tables.sql,296
shared.state_region,create,34,server/db/ddl/common/shared/03_tables.sql,336
shared.classification_scheme,create,34,server/db/ddl/common/shared/03_tables.sql,378
shared.commodity_code,create,34,server/db/ddl/common/shared/03_tables.sql,417
shared.industry_code,create,34,server/db/ddl/common/shared/03_tables.sql,471
shared.commodity_crosswalk,create,34,server/db/ddl/common/shared/03_tables.sql,534
shared.industry_crosswalk,create,34,server/db/ddl/common/shared/03_tables.sql,605
shared.bank_institution,create,35,server/db/ddl/common/shared/03_bank_master.sql,13
shared.bank_branch,create,35,server/db/ddl/common/shared/03_bank_master.sql,44
shared.bank_identifier,create,35,server/db/ddl/common/shared/03_bank_master.sql,77
master.tenant,create,37,server/db/ddl/common/master/03_platform_tables.sql,5
master.tenant_profile,create,37,server/db/ddl/common/master/03_platform_tables.sql,55
master.tenant_relationship,create,37,server/db/ddl/common/master/03_platform_tables.sql,136
master.workspace,create,37,server/db/ddl/common/master/03_platform_tables.sql,199
master.module,create,37,server/db/ddl/common/master/03_platform_tables.sql,235
master.address,create,37,server/db/ddl/common/master/03_platform_tables.sql,273
master.address_link,create,37,server/db/ddl/common/master/03_platform_tables.sql,385
master.address_event,create,37,server/db/ddl/common/master/03_platform_tables.sql,443
master.contact_link,create,37,server/db/ddl/common/master/03_platform_tables.sql,492
master.contact_email,create,37,server/db/ddl/common/master/03_platform_tables.sql,558
master.contact_phone,create,37,server/db/ddl/common/master/03_platform_tables.sql,604
master.principal,create,37,server/db/ddl/common/master/03_platform_tables.sql,636
master.principal_profile,create,37,server/db/ddl/common/master/03_platform_tables.sql,685
master.principal_identity_binding,create,37,server/db/ddl/common/master/03_platform_tables.sql,731
master.principal_ui_profile,create,37,server/db/ddl/common/master/03_platform_tables.sql,812
master.principal_ui_preference,create,37,server/db/ddl/common/master/03_platform_tables.sql,854
master.principal_notification_preference,create,37,server/db/ddl/common/master/03_platform_tables.sql,887
master.saved_view,create,37,server/db/ddl/common/master/03_platform_tables.sql,921
master.record_bookmark,create,37,server/db/ddl/common/master/03_platform_tables.sql,984
master.external_reference,create,37,server/db/ddl/common/master/03_platform_tables.sql,1012
master.team,create,37,server/db/ddl/common/master/03_platform_tables.sql,1066
master.team_member,create,37,server/db/ddl/common/master/03_platform_tables.sql,1111
master.brand_profile,create,37,server/db/ddl/common/master/03_platform_tables.sql,1146
master.letterhead,create,37,server/db/ddl/common/master/03_platform_tables.sql,1180
master.print_profile,create,37,server/db/ddl/common/master/03_platform_tables.sql,1225
master.template,create,37,server/db/ddl/common/master/03_platform_tables.sql,1258
master.template_binding,create,37,server/db/ddl/common/master/03_platform_tables.sql,1292
master.legal_entity,create,38,server/db/ddl/planes/neon/master/03_tables.sql,6
master.company_code,create,38,server/db/ddl/planes/neon/master/03_tables.sql,71
master.tax_jurisdiction,create,38,server/db/ddl/planes/neon/master/03_tables.sql,115
master.condition_type,create,38,server/db/ddl/planes/neon/master/03_tables.sql,186
master.tax_type,create,38,server/db/ddl/planes/neon/master/03_tables.sql,298
master.organization_tax_registration,create,38,server/db/ddl/planes/neon/master/03_tables.sql,344
master.operating_organization,create,38,server/db/ddl/planes/neon/master/03_tables.sql,384
master.procurement_organization_profile,create,38,server/db/ddl/planes/neon/master/03_tables.sql,430
master.sales_organization_profile,create,38,server/db/ddl/planes/neon/master/03_tables.sql,450
master.operating_organization_company_assignment,create,38,server/db/ddl/planes/neon/master/03_tables.sql,471
master.org_unit,create,38,server/db/ddl/planes/neon/master/03_tables.sql,502
master.profit_center,create,38,server/db/ddl/planes/neon/master/03_tables.sql,546
master.cost_center,create,38,server/db/ddl/planes/neon/master/03_tables.sql,597
master.dimension_type,create,38,server/db/ddl/planes/neon/master/03_tables.sql,650
master.dimension_value,create,38,server/db/ddl/planes/neon/master/03_tables.sql,691
master.dimension_set,create,38,server/db/ddl/planes/neon/master/03_tables.sql,740
master.dimension_set_item,create,38,server/db/ddl/planes/neon/master/03_tables.sql,758
master.accounting_profile,create,38,server/db/ddl/planes/neon/master/03_tables.sql,777
master.chart_of_account,create,38,server/db/ddl/planes/neon/master/03_tables.sql,820
master.gl_account,create,38,server/db/ddl/planes/neon/master/03_tables.sql,856
master.ledger_book,create,38,server/db/ddl/planes/neon/master/03_tables.sql,914
master.company_code_chart_assignment,create,38,server/db/ddl/planes/neon/master/03_tables.sql,959
master.company_code_book_assignment,create,38,server/db/ddl/planes/neon/master/03_tables.sql,991
master.fiscal_period,create,38,server/db/ddl/planes/neon/master/03_tables.sql,1030
master.fx_rate,create,38,server/db/ddl/planes/neon/master/03_tables.sql,1110
master.company_code_dimension_default,create,38,server/db/ddl/planes/neon/master/03_tables.sql,1156
master.company_code_gl_account,create,38,server/db/ddl/planes/neon/master/03_tables.sql,1189
master.bank_provisional_reference,create,38,server/db/ddl/planes/neon/master/03_tables.sql,1242
master.bank_account,create,38,server/db/ddl/planes/neon/master/03_tables.sql,1258
master.bank_account_link,create,38,server/db/ddl/planes/neon/master/03_tables.sql,1361
master.bank_account_house_config,create,38,server/db/ddl/planes/neon/master/03_tables.sql,1417
master.bank_account_house_payment_method,create,38,server/db/ddl/planes/neon/master/03_tables.sql,1465
master.payment_method,create,38,server/db/ddl/planes/neon/master/03_tables.sql,1500
master.payment_term,create,38,server/db/ddl/planes/neon/master/03_tables.sql,1564
master.payment_term_clause,create,38,server/db/ddl/planes/neon/master/03_tables.sql,1650
master.payment_term_discount_tier,create,38,server/db/ddl/planes/neon/master/03_tables.sql,1829
master.business_partner,create,38,server/db/ddl/planes/neon/master/03_tables.sql,1885
master.supplier,create,38,server/db/ddl/planes/neon/master/03_tables.sql,1976
master.customer,create,38,server/db/ddl/planes/neon/master/03_tables.sql,2016
master.business_partner_alias,create,38,server/db/ddl/planes/neon/master/03_tables.sql,2054
master.asset_class,create,38,server/db/ddl/planes/neon/master/03_tables.sql,2107
master.asset,create,38,server/db/ddl/planes/neon/master/03_tables.sql,2150
master.asset_book,create,38,server/db/ddl/planes/neon/master/03_tables.sql,2217
master.asset_component,create,38,server/db/ddl/planes/neon/master/03_tables.sql,2268
master.asset_assignment_history,create,38,server/db/ddl/planes/neon/master/03_tables.sql,2311
master.business_intent,create,38,server/db/ddl/planes/neon/master/03_tables.sql,2366
master.person,create,38,server/db/ddl/planes/neon/master/03_tables.sql,2398
master.person_sensitive_profile,create,38,server/db/ddl/planes/neon/master/03_tables.sql,2442
master.site,create,38,server/db/ddl/planes/neon/master/03_tables.sql,2480
master.career_band,create,38,server/db/ddl/planes/neon/master/03_tables.sql,2528
master.career_level,create,38,server/db/ddl/planes/neon/master/03_tables.sql,2548
master.designation,create,38,server/db/ddl/planes/neon/master/03_tables.sql,2571
master.job_family,create,38,server/db/ddl/planes/neon/master/03_tables.sql,2591
master.job_function,create,38,server/db/ddl/planes/neon/master/03_tables.sql,2611
master.pay_grade,create,38,server/db/ddl/planes/neon/master/03_tables.sql,2632
master.job,create,38,server/db/ddl/planes/neon/master/03_tables.sql,2668
master.holiday_calendar,create,38,server/db/ddl/planes/neon/master/03_tables.sql,2695
master.holiday_calendar_day,create,38,server/db/ddl/planes/neon/master/03_tables.sql,2738
master.shift_type,create,38,server/db/ddl/planes/neon/master/03_tables.sql,2767
master.work_pattern,create,38,server/db/ddl/planes/neon/master/03_tables.sql,2793
master.work_pattern_day,create,38,server/db/ddl/planes/neon/master/03_tables.sql,2821
master.pay_component,create,38,server/db/ddl/planes/neon/master/03_tables.sql,2856
master.pay_group,create,38,server/db/ddl/planes/neon/master/03_tables.sql,2887
master.pay_structure,create,38,server/db/ddl/planes/neon/master/03_tables.sql,2914
master.pay_structure_line,create,38,server/db/ddl/planes/neon/master/03_tables.sql,2939
master.statutory_scheme,create,38,server/db/ddl/planes/neon/master/03_tables.sql,2962
master.leave_type,create,38,server/db/ddl/planes/neon/master/03_tables.sql,2988
master.leave_plan,create,38,server/db/ddl/planes/neon/master/03_tables.sql,3012
master.leave_plan_rule,create,38,server/db/ddl/planes/neon/master/03_tables.sql,3045
master.position,create,38,server/db/ddl/planes/neon/master/03_tables.sql,3074
master.employee,create,38,server/db/ddl/planes/neon/master/03_tables.sql,3111
master.employment,create,38,server/db/ddl/planes/neon/master/03_tables.sql,3160
master.work_assignment,create,38,server/db/ddl/planes/neon/master/03_tables.sql,3209
master.external_worker,create,38,server/db/ddl/planes/neon/master/03_tables.sql,3259
master.employee_leave_enrollment,create,38,server/db/ddl/planes/neon/master/03_tables.sql,3295
master.employee_statutory_enrollment,create,38,server/db/ddl/planes/neon/master/03_tables.sql,3319
master.warehouse,create,38,server/db/ddl/planes/neon/master/03_tables.sql,3344
master.risk_dimension,create,38,server/db/ddl/planes/neon/master/03_tables.sql,3389
master.risk_driver_registry,create,38,server/db/ddl/planes/neon/master/03_tables.sql,3423
master.risk_model,create,38,server/db/ddl/planes/neon/master/03_tables.sql,3445
master.risk_model_dimension,create,38,server/db/ddl/planes/neon/master/03_tables.sql,3488
master.risk_source,create,38,server/db/ddl/planes/neon/master/03_tables.sql,3507
master.party_risk_assessment,create,38,server/db/ddl/planes/neon/master/03_tables.sql,3540
master.party_risk_dimension_score,create,38,server/db/ddl/planes/neon/master/03_tables.sql,3625
master.party_risk_evidence,create,38,server/db/ddl/planes/neon/master/03_tables.sql,3660
master.party_risk_driver,create,38,server/db/ddl/planes/neon/master/03_tables.sql,3727
master.party_risk_mitigation,create,38,server/db/ddl/planes/neon/master/03_tables.sql,3762
master.party_risk_review_event,create,38,server/db/ddl/planes/neon/master/03_tables.sql,3813
master.commodity_category,create,38,server/db/ddl/planes/neon/master/03_tables.sql,3861
master.product,create,38,server/db/ddl/planes/neon/master/03_tables.sql,3900
master.item,create,38,server/db/ddl/planes/neon/master/03_tables.sql,3938
master.commodity_code_assignment,create,38,server/db/ddl/planes/neon/master/03_tables.sql,3989
master.catalog,create,38,server/db/ddl/planes/neon/master/03_tables.sql,4049
master.catalog_item,create,38,server/db/ddl/planes/neon/master/03_tables.sql,4123
master.catalog_price,create,38,server/db/ddl/planes/neon/master/03_tables.sql,4172
master.bom,create,38,server/db/ddl/planes/neon/master/03_tables.sql,4221
master.bom_component,create,38,server/db/ddl/planes/neon/master/03_tables.sql,4261
master.project,create,38,server/db/ddl/planes/neon/master/03_tables.sql,4314
master.project_wbs,create,38,server/db/ddl/planes/neon/master/03_tables.sql,4363
master.project_item,create,38,server/db/ddl/planes/neon/master/03_tables.sql,4409
master.compensation_assignment,create,38,server/db/ddl/planes/neon/master/03_tables.sql,4462
master.business_partner_relationship,create,38,server/db/ddl/planes/neon/master/03_tables.sql,4500
master.business_partner_governance_relation,create,38,server/db/ddl/planes/neon/master/03_tables.sql,4542
master.business_partner_identifier,create,38,server/db/ddl/planes/neon/master/03_tables.sql,4594
master.business_partner_tax_registration,create,38,server/db/ddl/planes/neon/master/03_tables.sql,4636
master.business_partner_commodity_capability,create,38,server/db/ddl/planes/neon/master/03_tables.sql,4679
master.business_partner_industry_classification,create,38,server/db/ddl/planes/neon/master/03_tables.sql,4710
master.business_partner_operating_organization_assignment,create,38,server/db/ddl/planes/neon/master/03_tables.sql,4763
master.company_code_supplier_profile,create,38,server/db/ddl/planes/neon/master/03_tables.sql,4793
master.company_code_customer_profile,create,38,server/db/ddl/planes/neon/master/03_tables.sql,4828
master.legal_entity_internal_partner_link,create,38,server/db/ddl/planes/neon/master/03_tables.sql,4866
master.intercompany_trading_pair,create,38,server/db/ddl/planes/neon/master/03_tables.sql,4899
master.contact_person_identity_link,create,38,server/db/ddl/planes/neon/master/03_tables.sql,4942
master.certification_type,create,38,server/db/ddl/planes/neon/master/03_tables.sql,4962
master.certification,create,38,server/db/ddl/planes/neon/master/03_tables.sql,4986
master.organization_amendment,create,38,server/db/ddl/planes/neon/master/03_tables.sql,5027
snapshot.entity_snapshot_identity,create,39,server/db/ddl/common/snapshot/03_tables.sql,1
snapshot.entity_snapshot,create,39,server/db/ddl/common/snapshot/03_tables.sql,78
snapshot.entity_case_snapshot_lineage,create,39,server/db/ddl/common/snapshot/03_tables.sql,90
snapshot.subscription_plan_entitlement,create,39,server/db/ddl/common/snapshot/03_tables.sql,128
master.audit_reason_code,create,40,server/db/ddl/common/audit/03_tables.sql,6
master.audit_event_contract,create,40,server/db/ddl/common/audit/03_tables.sql,49
audit.audit_log,create,40,server/db/ddl/common/audit/03_tables.sql,85
audit.audit_log_default,create,40,server/db/ddl/common/audit/03_tables.sql,198
audit.authorization_decision_evidence,create,40,server/db/ddl/common/audit/03_tables.sql,219
audit.authorization_decision_evidence_default,create,40,server/db/ddl/common/audit/03_tables.sql,309
audit.security_event,create,40,server/db/ddl/common/audit/03_tables.sql,318
audit.security_event_default,create,40,server/db/ddl/common/audit/03_tables.sql,383
audit.hash_anchor,create,40,server/db/ddl/common/audit/03_tables.sql,392
audit.export_request,create,40,server/db/ddl/common/audit/03_tables.sql,433
audit.export_manifest,create,40,server/db/ddl/common/audit/03_tables.sql,461
audit.integrity_check_evidence,create,40,server/db/ddl/common/audit/03_tables.sql,486
audit.legal_hold,create,40,server/db/ddl/common/audit/03_tables.sql,504
audit.legal_hold_manifest,create,40,server/db/ddl/common/audit/03_tables.sql,522
audit.retention_policy,create,40,server/db/ddl/common/audit/03_tables.sql,538
document.attachment_series,create,41,server/db/ddl/common/document/03_foundation_tables.sql,4
document.attachment,create,41,server/db/ddl/common/document/03_foundation_tables.sql,29
document.attachment_folder,create,41,server/db/ddl/common/document/03_foundation_tables.sql,103
document.attachment_workspace,create,41,server/db/ddl/common/document/03_foundation_tables.sql,134
document.attachment_link,create,41,server/db/ddl/common/document/03_foundation_tables.sql,156
document.comment,create,41,server/db/ddl/common/document/03_foundation_tables.sql,185
document.comment_draft,create,41,server/db/ddl/common/document/03_foundation_tables.sql,247
document.comment_feed_cursor,create,41,server/db/ddl/common/document/03_foundation_tables.sql,289
document.comment_mention,create,41,server/db/ddl/common/document/03_foundation_tables.sql,314
document.comment_reaction,create,41,server/db/ddl/common/document/03_foundation_tables.sql,327
document.content_item,create,41,server/db/ddl/common/document/03_foundation_tables.sql,344
document.content_item_link,create,41,server/db/ddl/common/document/03_foundation_tables.sql,383
document.attachment_legal_hold,create,41,server/db/ddl/common/document/03_foundation_tables.sql,409
document.attachment_legal_hold_event,create,41,server/db/ddl/common/document/03_foundation_tables.sql,439
document.attachment_derivative,create,41,server/db/ddl/common/document/03_foundation_tables.sql,457
document.comment_revision,create,41,server/db/ddl/common/document/03_foundation_tables.sql,506
document.conversation,create,42,server/db/ddl/planes/neon/document/03_tables.sql,22
document.conversation_participant,create,42,server/db/ddl/planes/neon/document/03_tables.sql,61
document.multipart_upload,create,42,server/db/ddl/planes/neon/document/03_tables.sql,94
document.workflow_request,create,42,server/db/ddl/planes/neon/document/03_tables.sql,155
document.workflow_stage,create,42,server/db/ddl/planes/neon/document/03_tables.sql,211
document.commitment,create,42,server/db/ddl/planes/neon/document/03_tables.sql,254
document.commitment_line,create,42,server/db/ddl/planes/neon/document/03_tables.sql,325
document.commitment_release_allocation,create,42,server/db/ddl/planes/neon/document/03_tables.sql,407
document.purchase_invoice,create,42,server/db/ddl/planes/neon/document/03_tables.sql,442
document.purchase_invoice_line,create,42,server/db/ddl/planes/neon/document/03_tables.sql,543
document.invoice_match_case,create,42,server/db/ddl/planes/neon/document/03_tables.sql,625
document.accounting_distribution,create,42,server/db/ddl/planes/neon/document/03_tables.sql,661
document.payment_term_application,create,42,server/db/ddl/planes/neon/document/03_tables.sql,717
document.payment_entry,create,42,server/db/ddl/planes/neon/document/03_tables.sql,796
document.payment_entry_allocation,create,42,server/db/ddl/planes/neon/document/03_tables.sql,881
document.journal_entry,create,42,server/db/ddl/planes/neon/document/03_tables.sql,933
document.journal_line,create,42,server/db/ddl/planes/neon/document/03_tables.sql,993
document.journal_line_reference,create,42,server/db/ddl/planes/neon/document/03_tables.sql,1049
document.purchase_requisition,create,42,server/db/ddl/planes/neon/document/03_tables.sql,1116
document.purchase_requisition_line,create,42,server/db/ddl/planes/neon/document/03_tables.sql,1173
document.purchase_order_confirmation,create,42,server/db/ddl/planes/neon/document/03_tables.sql,1240
document.purchase_order_confirmation_line,create,42,server/db/ddl/planes/neon/document/03_tables.sql,1281
document.delivery_note,create,42,server/db/ddl/planes/neon/document/03_tables.sql,1308
document.delivery_note_line,create,42,server/db/ddl/planes/neon/document/03_tables.sql,1362
document.receipt,create,42,server/db/ddl/planes/neon/document/03_tables.sql,1403
document.receipt_line,create,42,server/db/ddl/planes/neon/document/03_tables.sql,1459
document.service_sheet,create,42,server/db/ddl/planes/neon/document/03_tables.sql,1525
document.service_sheet_line,create,42,server/db/ddl/planes/neon/document/03_tables.sql,1582
document.pricing_component,create,42,server/db/ddl/planes/neon/document/03_tables.sql,1646
document.schedule_line,create,42,server/db/ddl/planes/neon/document/03_tables.sql,1751
document.catalog_import,create,42,server/db/ddl/planes/neon/document/03_tables.sql,1825
document.catalog_import_line,create,42,server/db/ddl/planes/neon/document/03_tables.sql,1874
document.punchout_cart,create,42,server/db/ddl/planes/neon/document/03_tables.sql,1966
document.punchout_cart_line,create,42,server/db/ddl/planes/neon/document/03_tables.sql,2007
document.production_order,create,42,server/db/ddl/planes/neon/document/03_tables.sql,2070
document.production_order_component,create,42,server/db/ddl/planes/neon/document/03_tables.sql,2131
document.sales_order,create,42,server/db/ddl/planes/neon/document/03_tables.sql,2182
document.sales_order_line,create,42,server/db/ddl/planes/neon/document/03_tables.sql,2218
document.stocktake,create,42,server/db/ddl/planes/neon/document/03_tables.sql,2265
document.stocktake_line,create,42,server/db/ddl/planes/neon/document/03_tables.sql,2306
document.sales_opportunity,create,42,server/db/ddl/planes/neon/document/03_tables.sql,2350
document.sales_opportunity_company,create,42,server/db/ddl/planes/neon/document/03_tables.sql,2391
document.sales_quotation,create,42,server/db/ddl/planes/neon/document/03_tables.sql,2411
document.sales_quotation_company,create,42,server/db/ddl/planes/neon/document/03_tables.sql,2450
document.sales_quotation_allocation,create,42,server/db/ddl/planes/neon/document/03_tables.sql,2470
document.sales_order_intercompany_fulfillment,create,42,server/db/ddl/planes/neon/document/03_tables.sql,2504
document.bank_statement,create,42,server/db/ddl/planes/neon/document/03_tables.sql,2544
document.bank_statement_line,create,42,server/db/ddl/planes/neon/document/03_tables.sql,2585
document.bank_recon_case,create,42,server/db/ddl/planes/neon/document/03_tables.sql,2620
document.bank_recon_case_line,create,42,server/db/ddl/planes/neon/document/03_tables.sql,2670
document.depreciation_run,create,42,server/db/ddl/planes/neon/document/03_tables.sql,2693
document.depreciation_run_line,create,42,server/db/ddl/planes/neon/document/03_tables.sql,2745
document.depreciation_schedule,create,42,server/db/ddl/planes/neon/document/03_tables.sql,2791
document.sourcing_event,create,42,server/db/ddl/planes/neon/document/03_tables.sql,2842
document.sourcing_event_company,create,42,server/db/ddl/planes/neon/document/03_tables.sql,2895
document.sourcing_event_demand,create,42,server/db/ddl/planes/neon/document/03_tables.sql,2917
document.sourcing_event_award,create,42,server/db/ddl/planes/neon/document/03_tables.sql,2952
document.sourcing_event_award_allocation,create,42,server/db/ddl/planes/neon/document/03_tables.sql,2990
document.sourcing_event_intercompany_allocation,create,42,server/db/ddl/planes/neon/document/03_tables.sql,3023
document.shift_assignment,create,42,server/db/ddl/planes/neon/document/03_tables.sql,3060
document.time_punch,create,42,server/db/ddl/planes/neon/document/03_tables.sql,3078
document.attendance_day,create,42,server/db/ddl/planes/neon/document/03_tables.sql,3094
document.attendance_adjustment_request,create,42,server/db/ddl/planes/neon/document/03_tables.sql,3114
document.compensation_change,create,42,server/db/ddl/planes/neon/document/03_tables.sql,3133
document.employee_tax_declaration,create,42,server/db/ddl/planes/neon/document/03_tables.sql,3157
document.employee_tax_declaration_line,create,42,server/db/ddl/planes/neon/document/03_tables.sql,3175
document.leave_request,create,42,server/db/ddl/planes/neon/document/03_tables.sql,3189
document.leave_balance_entry,create,42,server/db/ddl/planes/neon/document/03_tables.sql,3209
document.people_request,create,42,server/db/ddl/planes/neon/document/03_tables.sql,3224
document.workforce_request,create,42,server/db/ddl/planes/neon/document/03_tables.sql,3244
document.workforce_request_validation,create,42,server/db/ddl/planes/neon/document/03_tables.sql,3383
document.hr_case,create,42,server/db/ddl/planes/neon/document/03_tables.sql,3401
document.onboarding_case,create,42,server/db/ddl/planes/neon/document/03_tables.sql,3418
document.offboarding_case,create,42,server/db/ddl/planes/neon/document/03_tables.sql,3431
document.payroll_period,create,42,server/db/ddl/planes/neon/document/03_tables.sql,3444
document.payroll_run,create,42,server/db/ddl/planes/neon/document/03_tables.sql,3459
document.payroll_run_employee,create,42,server/db/ddl/planes/neon/document/03_tables.sql,3483
document.payroll_result,create,42,server/db/ddl/planes/neon/document/03_tables.sql,3496
document.payroll_result_line,create,42,server/db/ddl/planes/neon/document/03_tables.sql,3514
document.policy_acknowledgment,create,42,server/db/ddl/planes/neon/document/03_tables.sql,3530
document.project_task,create,42,server/db/ddl/planes/neon/document/03_tables.sql,3569
document.project_task_requirement,create,42,server/db/ddl/planes/neon/document/03_tables.sql,3623
document.budget_profile,create,42,server/db/ddl/planes/neon/document/03_tables.sql,3664
document.budget_allocation,create,42,server/db/ddl/planes/neon/document/03_tables.sql,3716
document.planning_scenario,create,42,server/db/ddl/planes/neon/document/03_tables.sql,3766
document.planning_scenario_line,create,42,server/db/ddl/planes/neon/document/03_tables.sql,3813
document.asset_transaction,create,42,server/db/ddl/planes/neon/document/03_tables.sql,3869
document.fx_revaluation_run,create,42,server/db/ddl/planes/neon/document/03_tables.sql,3902
document.intercompany_agreement,create,42,server/db/ddl/planes/neon/document/03_tables.sql,3932
document.intercompany_transaction,create,42,server/db/ddl/planes/neon/document/03_tables.sql,3967
document.ic_elimination,create,42,server/db/ddl/planes/neon/document/03_tables.sql,4003
document.match_exception,create,42,server/db/ddl/planes/neon/document/03_tables.sql,4039
document.netting_batch,create,42,server/db/ddl/planes/neon/document/03_tables.sql,4060
document.obligation_horizon,create,42,server/db/ddl/planes/neon/document/03_tables.sql,4095
document.payment_remittance_output,create,42,server/db/ddl/planes/neon/document/03_tables.sql,4131
document.payment_term_discount_result,create,42,server/db/ddl/planes/neon/document/03_tables.sql,4151
document.wht_certificate,create,42,server/db/ddl/planes/neon/document/03_tables.sql,4173
document.import_request,create,42,server/db/ddl/planes/neon/document/03_tables.sql,4198
document.import_request_chunk,create,42,server/db/ddl/planes/neon/document/03_tables.sql,4218
document.render_output,create,42,server/db/ddl/planes/neon/document/03_tables.sql,4273
document.user_profile_update_request,create,42,server/db/ddl/planes/neon/document/03_tables.sql,4310
document.multipart_upload_part,create,42,server/db/ddl/planes/neon/document/03_tables.sql,4347
document.business_partner_invitation,create,42,server/db/ddl/planes/neon/document/03_tables.sql,4371
document.workforce_iam_projection,create,42,server/db/ddl/planes/neon/document/03_tables.sql,4398
document.business_partner_request,create,42,server/db/ddl/planes/neon/document/03_tables.sql,4427
document.business_partner_request_evidence,create,42,server/db/ddl/planes/neon/document/03_tables.sql,4678
document.business_partner_request_validation,create,42,server/db/ddl/planes/neon/document/03_tables.sql,4717
document.business_partner_request_address,create,42,server/db/ddl/planes/neon/document/03_tables.sql,4757
document.business_partner_request_contact_person,create,42,server/db/ddl/planes/neon/document/03_tables.sql,4796
document.business_partner_request_contact_channel,create,42,server/db/ddl/planes/neon/document/03_tables.sql,4823
document.business_partner_request_identifier,create,42,server/db/ddl/planes/neon/document/03_tables.sql,4851
document.business_partner_request_tax_registration,create,42,server/db/ddl/planes/neon/document/03_tables.sql,4883
document.business_partner_request_classification,create,42,server/db/ddl/planes/neon/document/03_tables.sql,4912
document.business_partner_request_certification,create,42,server/db/ddl/planes/neon/document/03_tables.sql,4944
document.business_partner_request_materialization_item,create,42,server/db/ddl/planes/neon/document/03_tables.sql,4974
document.mesh_business_partner_match,create,42,server/db/ddl/planes/neon/document/03_tables.sql,5002
document.mesh_business_partner_acceptance,create,42,server/db/ddl/planes/neon/document/03_tables.sql,5035
document.mesh_business_partner_acceptance_event,create,42,server/db/ddl/planes/neon/document/03_tables.sql,5064
document.business_partner_bank_verification,create,42,server/db/ddl/planes/neon/document/03_tables.sql,5092
document.business_partner_duplicate_resolution,create,42,server/db/ddl/planes/neon/document/03_tables.sql,5137
document.supplier_activation_evidence,create,42,server/db/ddl/planes/neon/document/03_tables.sql,5155
document.business_partner_invitation_recovery,create,42,server/db/ddl/planes/neon/document/03_tables.sql,5173
document.workforce_requisition,create,42,server/db/ddl/planes/neon/document/03_tables.sql,5183
document.workforce_requisition_supplier,create,42,server/db/ddl/planes/neon/document/03_tables.sql,5214
document.external_candidate_submission,create,42,server/db/ddl/planes/neon/document/03_tables.sql,5230
document.external_candidate_evaluation,create,42,server/db/ddl/planes/neon/document/03_tables.sql,5251
document.contingent_work_order,create,42,server/db/ddl/planes/neon/document/03_tables.sql,5269
document.contingent_work_order_revision,create,42,server/db/ddl/planes/neon/document/03_tables.sql,5291
document.statement_of_work,create,42,server/db/ddl/planes/neon/document/03_tables.sql,5319
document.statement_of_work_revision,create,42,server/db/ddl/planes/neon/document/03_tables.sql,5341
document.statement_of_work_item,create,42,server/db/ddl/planes/neon/document/03_tables.sql,5368
document.worker_engagement,create,42,server/db/ddl/planes/neon/document/03_tables.sql,5391
document.worker_operational_placement,create,42,server/db/ddl/planes/neon/document/03_tables.sql,5429
document.worker_compliance_item,create,42,server/db/ddl/planes/neon/document/03_tables.sql,5448
document.engagement_onboarding_case,create,42,server/db/ddl/planes/neon/document/03_tables.sql,5468
document.external_time_sheet,create,42,server/db/ddl/planes/neon/document/03_tables.sql,5493
document.external_time_entry,create,42,server/db/ddl/planes/neon/document/03_tables.sql,5523
document.external_expense_sheet,create,42,server/db/ddl/planes/neon/document/03_tables.sql,5539
document.external_expense_item,create,42,server/db/ddl/planes/neon/document/03_tables.sql,5569
document.external_service_entry,create,42,server/db/ddl/planes/neon/document/03_tables.sql,5584
document.external_service_entry_line,create,42,server/db/ddl/planes/neon/document/03_tables.sql,5607
document.external_workforce_invoice_allocation,create,42,server/db/ddl/planes/neon/document/03_tables.sql,5622
document.service_sheet_source_allocation,create,42,server/db/ddl/planes/neon/document/03_tables.sql,5637
document.mesh_profile_change_resolution,create,42,server/db/ddl/planes/neon/document/03_tables.sql,5665
document.mesh_profile_change_case,create,42,server/db/ddl/planes/neon/document/03_tables.sql,5690
snapshot.template_version,create,43,server/db/ddl/planes/neon/snapshot/03_tables.sql,1
snapshot.content_item_version,create,43,server/db/ddl/planes/neon/snapshot/03_tables.sql,64
snapshot.bom,create,43,server/db/ddl/planes/neon/snapshot/03_tables.sql,98
snapshot.bom_component,create,43,server/db/ddl/planes/neon/snapshot/03_tables.sql,142
snapshot.mesh_business_partner_profile_received,create,43,server/db/ddl/planes/neon/snapshot/03_tables.sql,184
snapshot.mesh_bank_account_disclosure_received,create,43,server/db/ddl/planes/neon/snapshot/03_tables.sql,217
control.subscription_plan,create,44,server/db/ddl/planes/neon/control/03_tables.sql,4
control.owner_type,create,44,server/db/ddl/planes/neon/control/03_tables.sql,40
control.owner_type_purpose,create,44,server/db/ddl/planes/neon/control/03_tables.sql,123
control.org_unit_type,create,44,server/db/ddl/planes/neon/control/03_tables.sql,138
control.risk_source_config,create,44,server/db/ddl/planes/neon/control/03_tables.sql,174
control.business_partner_qualification,create,44,server/db/ddl/planes/neon/control/03_tables.sql,208
control.supplier_preference_designation,create,44,server/db/ddl/planes/neon/control/03_tables.sql,276
control.customer_account_designation,create,44,server/db/ddl/planes/neon/control/03_tables.sql,347
control.business_partner_block,create,44,server/db/ddl/planes/neon/control/03_tables.sql,413
control.formula_expression,create,44,server/db/ddl/planes/neon/control/03_tables.sql,464
control.formula_expression_version,create,44,server/db/ddl/planes/neon/control/03_tables.sql,515
control.rate_table,create,44,server/db/ddl/planes/neon/control/03_tables.sql,567
control.rate_table_row,create,44,server/db/ddl/planes/neon/control/03_tables.sql,609
control.item_inventory_policy,create,44,server/db/ddl/planes/neon/control/03_tables.sql,652
control.planning_model,create,44,server/db/ddl/planes/neon/control/03_tables.sql,690
control.planning_driver,create,44,server/db/ddl/planes/neon/control/03_tables.sql,739
control.planning_driver_dependency,create,44,server/db/ddl/planes/neon/control/03_tables.sql,792
control.budget_control_policy,create,44,server/db/ddl/planes/neon/control/03_tables.sql,817
control.payment_execution_profile,create,44,server/db/ddl/planes/neon/control/03_tables.sql,890
control.asset_class_book_policy,create,44,server/db/ddl/planes/neon/control/03_tables.sql,946
control.commodity_code_classification_policy,create,44,server/db/ddl/planes/neon/control/03_tables.sql,1058
control.commodity_category_buy_policy,create,44,server/db/ddl/planes/neon/control/03_tables.sql,1124
control.commodity_category_sell_policy,create,44,server/db/ddl/planes/neon/control/03_tables.sql,1166
control.commodity_category_inventory_policy,create,44,server/db/ddl/planes/neon/control/03_tables.sql,1208
control.procurement_match_tolerance_policy,create,44,server/db/ddl/planes/neon/control/03_tables.sql,1250
control.fx_policy,create,44,server/db/ddl/planes/neon/control/03_tables.sql,1293
control.dimension_policy,create,44,server/db/ddl/planes/neon/control/03_tables.sql,1364
control.dimension_policy_allowed_value,create,44,server/db/ddl/planes/neon/control/03_tables.sql,1456
control.tax_rate_schedule,create,44,server/db/ddl/planes/neon/control/03_tables.sql,1478
control.tax_group,create,44,server/db/ddl/planes/neon/control/03_tables.sql,1535
control.tax_group_component,create,44,server/db/ddl/planes/neon/control/03_tables.sql,1577
control.tax_resolution_rule,create,44,server/db/ddl/planes/neon/control/03_tables.sql,1595
control.wht_threshold_config,create,44,server/db/ddl/planes/neon/control/03_tables.sql,1647
control.accounting_profile_policy,create,44,server/db/ddl/planes/neon/control/03_tables.sql,1693
control.accounting_profile_event,create,44,server/db/ddl/planes/neon/control/03_tables.sql,1729
control.accounting_profile_entry,create,44,server/db/ddl/planes/neon/control/03_tables.sql,1763
control.accounting_profile_assignment,create,44,server/db/ddl/planes/neon/control/03_tables.sql,1793
control.posting_role_account_assignment,create,44,server/db/ddl/planes/neon/control/03_tables.sql,1835
control.cross_book_posting_policy,create,44,server/db/ddl/planes/neon/control/03_tables.sql,1876
control.cross_book_account_assignment,create,44,server/db/ddl/planes/neon/control/03_tables.sql,1928
control.fiscal_calendar_config,create,44,server/db/ddl/planes/neon/control/03_tables.sql,1945
control.fiscal_calendar_period_rule,create,44,server/db/ddl/planes/neon/control/03_tables.sql,2007
control.mesh_business_partner_profile_inbox,create,44,server/db/ddl/planes/neon/control/03_tables.sql,2068
control.mesh_business_partner_profile_processing_attempt,create,44,server/db/ddl/planes/neon/control/03_tables.sql,2102
control.mesh_workforce_claim_inbox,create,44,server/db/ddl/planes/neon/control/03_tables.sql,2128
control.mesh_workforce_claim_processing_attempt,create,44,server/db/ddl/planes/neon/control/03_tables.sql,2165
control.mesh_business_partner_profile_projection,create,44,server/db/ddl/planes/neon/control/03_tables.sql,2197
control.mesh_business_partner_account_link,create,44,server/db/ddl/planes/neon/control/03_tables.sql,2228
control.mesh_bank_account_disclosure_inbox,create,44,server/db/ddl/planes/neon/control/03_tables.sql,2268
control.mesh_bank_account_projection,create,44,server/db/ddl/planes/neon/control/03_tables.sql,2297
control.company_fiscal_calendar_assignment,create,44,server/db/ddl/planes/neon/control/03_tables.sql,2326
control.customer_credit_review,create,44,server/db/ddl/planes/neon/control/03_tables.sql,2367
control.business_partner_mutation_evidence,create,44,server/db/ddl/planes/neon/control/03_tables.sql,2418
control.customer_lifecycle_event,create,44,server/db/ddl/planes/neon/control/03_tables.sql,2459
control.business_partner_decision_scope,create,44,server/db/ddl/planes/neon/control/03_tables.sql,2505
control.external_workforce_rate_card,create,44,server/db/ddl/planes/neon/control/03_tables.sql,2557
control.external_workforce_rate,create,44,server/db/ddl/planes/neon/control/03_tables.sql,2589
control.supplier_communication_policy,create,44,server/db/ddl/planes/neon/control/03_tables.sql,2643
control.workspace,create,45,server/db/ddl/common/control/03_tables.sql,5
control.module,create,45,server/db/ddl/common/control/03_tables.sql,38
control.workspace_module,create,45,server/db/ddl/common/control/03_tables.sql,70
control.subscription_plan_module,create,45,server/db/ddl/common/control/03_tables.sql,94
control.connector_type,create,45,server/db/ddl/common/control/03_tables.sql,131
control.connector_instance,create,45,server/db/ddl/common/control/03_tables.sql,166
control.integration_endpoint,create,45,server/db/ddl/common/control/03_tables.sql,210
control.webhook_subscription,create,45,server/db/ddl/common/control/03_tables.sql,265
control.cycle_type,create,45,server/db/ddl/common/control/03_tables.sql,317
control.cycle_phase,create,45,server/db/ddl/common/control/03_tables.sql,357
control.cycle_task_category,create,45,server/db/ddl/common/control/03_tables.sql,395
control.cycle_task_template,create,45,server/db/ddl/common/control/03_tables.sql,429
control.cycle_task_dependency,create,45,server/db/ddl/common/control/03_tables.sql,488
control.cycle_cross_dependency,create,45,server/db/ddl/common/control/03_tables.sql,513
control.cycle_carryforward_rule,create,45,server/db/ddl/common/control/03_tables.sql,542
control.cycle_template_revision,create,45,server/db/ddl/common/control/03_tables.sql,569
control.bank_account_validation_rule,create,45,server/db/ddl/common/control/03_tables.sql,602
control.usage_metric_catalog,create,45,server/db/ddl/common/control/03_tables.sql,668
control.subscription_plan_usage_limit,create,45,server/db/ddl/common/control/03_tables.sql,703
control.tenant_usage_limit_override,create,45,server/db/ddl/common/control/03_tables.sql,734
control.feature_flag_catalog,create,45,server/db/ddl/common/control/03_tables.sql,780
control.feature_flag_override,create,45,server/db/ddl/common/control/03_tables.sql,824
control.parameter_definition,create,45,server/db/ddl/common/control/03_tables.sql,853
control.tenant_parameter_value,create,45,server/db/ddl/common/control/03_tables.sql,909
control.lookup_domain,create,45,server/db/ddl/common/control/03_tables.sql,949
control.lookup_value,create,45,server/db/ddl/common/control/03_tables.sql,970
control.cron_schedule,create,45,server/db/ddl/common/control/03_tables.sql,994
control.cron_schedule_change_log,create,45,server/db/ddl/common/control/03_tables.sql,1032
control.notification_provider,create,45,server/db/ddl/common/control/03_tables.sql,1049
control.notification_template,create,45,server/db/ddl/common/control/03_tables.sql,1080
control.notification_routing_rule,create,45,server/db/ddl/common/control/03_tables.sql,1109
control.numbering_policy,create,45,server/db/ddl/common/control/03_tables.sql,1152
control.policy_definition,create,45,server/db/ddl/common/control/03_tables.sql,1220
control.policy_rule,create,45,server/db/ddl/common/control/03_tables.sql,1252
control.policy_test_case,create,45,server/db/ddl/common/control/03_tables.sql,1288
control.policy_test_result,create,45,server/db/ddl/common/control/03_tables.sql,1323
control.policy_activation,create,45,server/db/ddl/common/control/03_tables.sql,1332
control.policy_evaluation_history,create,45,server/db/ddl/common/control/03_tables.sql,1339
control.rounding_rule,create,45,server/db/ddl/common/control/03_tables.sql,1358
control.rounding_context,create,45,server/db/ddl/common/control/03_tables.sql,1406
control.ui_locale_catalog,create,45,server/db/ddl/common/control/03_tables.sql,1433
master.tenant_locale_activation,create,45,server/db/ddl/common/control/03_tables.sql,1471
control.tenant_module_entitlement_override,create,45,server/db/ddl/common/control/03_tables.sql,1503
control.process_selection_publication,create,45,server/db/ddl/common/control/03_tables.sql,1535
control.process_selection_catalog_revision,create,45,server/db/ddl/common/control/03_tables.sql,1560
control.supplier_activation_policy,create,45,server/db/ddl/common/control/03_tables.sql,1574
runtime_meta.tenant_usage_counter,create,46,server/db/ddl/common/runtime_meta/03_tables.sql,3
runtime_meta.usage_reservation,create,46,server/db/ddl/common/runtime_meta/03_tables.sql,26
runtime_meta.authorization_epoch,create,46,server/db/ddl/common/runtime_meta/03_tables.sql,70
runtime_meta.entity_number_counter,create,46,server/db/ddl/common/runtime_meta/03_tables.sql,86
runtime_meta.entity_number_allocation,create,46,server/db/ddl/common/runtime_meta/03_tables.sql,132
runtime_meta.applied_release,create,46,server/db/ddl/common/runtime_meta/03_tables.sql,163
runtime_meta.release_activation_head,create,46,server/db/ddl/common/runtime_meta/03_tables.sql,188
runtime_meta.release_activation_event,create,46,server/db/ddl/common/runtime_meta/03_tables.sql,199
runtime_meta.entity_contract,create,46,server/db/ddl/common/runtime_meta/03_tables.sql,216
runtime_meta.entity_descriptor,create,46,server/db/ddl/common/runtime_meta/03_tables.sql,269
runtime_meta.applied_release_payload,create,46,server/db/ddl/common/runtime_meta/03_tables.sql,322
runtime_meta.experience_surface_projection,create,46,server/db/ddl/common/runtime_meta/03_tables.sql,351
ops.authorization_parity_certification,create,47,server/db/ddl/common/ops/03_tables.sql,1
ops.authorization_qualification_cohort_requirement,create,47,server/db/ddl/common/ops/03_tables.sql,42
ops.authorization_operation_rollout,create,47,server/db/ddl/common/ops/03_tables.sql,59
ops.authorization_operation_cutover_drill,create,47,server/db/ddl/common/ops/03_tables.sql,95
ops.authorization_shadow_comparison,create,47,server/db/ddl/common/ops/03_tables.sql,117
ops.identity_admission_shadow_comparison,create,47,server/db/ddl/common/ops/03_tables.sql,176
ops.authorization_session_shadow_comparison,create,47,server/db/ddl/common/ops/03_tables.sql,214
ops.job_execution,create,47,server/db/ddl/common/ops/03_tables.sql,242
ops.job_execution_attempt,create,47,server/db/ddl/common/ops/03_tables.sql,311
ops.job_execution_command,create,47,server/db/ddl/common/ops/03_tables.sql,351
ops.record_edit_lock,create,47,server/db/ddl/common/ops/03_tables.sql,379
ops.record_import_session,create,47,server/db/ddl/common/ops/03_tables.sql,395
ops.record_import_chunk,create,47,server/db/ddl/common/ops/03_tables.sql,432
ops.record_export_request,create,47,server/db/ddl/common/ops/03_tables.sql,443
ops.record_transfer_retention_policy,create,47,server/db/ddl/common/ops/03_tables.sql,466
ops.control_runtime_command_submission,create,47,server/db/ddl/common/ops/03_tables.sql,482
ops.control_runtime_command_approval_request,create,47,server/db/ddl/common/ops/03_tables.sql,504
ops.control_runtime_command_approval_decision,create,47,server/db/ddl/common/ops/03_tables.sql,523
ops.control_runtime_command_history,create,47,server/db/ddl/common/ops/03_tables.sql,540
master.contact_person,create,48,server/db/ddl/common/master/03_tables.sql,3
master.contact_person_role,create,48,server/db/ddl/common/master/03_tables.sql,47
ledger.budget_transaction,create,49,server/db/ddl/planes/neon/ledger/03_tables.sql,1
ledger.budget_balance,create,49,server/db/ddl/planes/neon/ledger/03_tables.sql,50
ledger.planning_run,create,49,server/db/ddl/planes/neon/ledger/03_tables.sql,90
ledger.planning_output,create,49,server/db/ddl/planes/neon/ledger/03_tables.sql,139
ledger.book_period_status,create,49,server/db/ddl/planes/neon/ledger/03_tables.sql,189
ledger.cross_book_posting_execution,create,49,server/db/ddl/planes/neon/ledger/03_tables.sql,236
ledger.gl_balance,create,49,server/db/ddl/planes/neon/ledger/03_tables.sql,299
ledger.commitment_fulfillment,create,49,server/db/ddl/planes/neon/ledger/03_tables.sql,343
ledger.inventory_movement,create,49,server/db/ddl/planes/neon/ledger/03_tables.sql,392
ledger.inventory_balance,create,49,server/db/ddl/planes/neon/ledger/03_tables.sql,457
ledger.inventory_valuation_layer,create,49,server/db/ddl/planes/neon/ledger/03_tables.sql,495
ledger.tax_calculation,create,49,server/db/ddl/planes/neon/ledger/03_tables.sql,537
ledger.tax_credit_movement,create,49,server/db/ddl/planes/neon/ledger/03_tables.sql,612
ledger.asset_revaluation_reserve,create,49,server/db/ddl/planes/neon/ledger/03_tables.sql,643
ledger.fx_revaluation_line,create,49,server/db/ddl/planes/neon/ledger/03_tables.sql,691
ledger.ic_elimination_line,create,49,server/db/ddl/planes/neon/ledger/03_tables.sql,736
authz.permission,create,50,server/db/ddl/common/authz/03_tables.sql,5
authz.permission_scope_kind,create,50,server/db/ddl/common/authz/03_tables.sql,40
authz.plane_membership,create,50,server/db/ddl/common/authz/03_tables.sql,61
authz.scope_target,create,50,server/db/ddl/common/authz/03_tables.sql,98
authz.role,create,50,server/db/ddl/common/authz/03_tables.sql,146
authz.role_permission,create,50,server/db/ddl/common/authz/03_tables.sql,192
authz.principal_group,create,50,server/db/ddl/common/authz/03_tables.sql,212
authz.group_member,create,50,server/db/ddl/common/authz/03_tables.sql,269
authz.group_role,create,50,server/db/ddl/common/authz/03_tables.sql,301
authz.deny_rule,create,50,server/db/ddl/common/authz/03_tables.sql,337
authz.delegation,create,50,server/db/ddl/common/authz/03_tables.sql,380
authz.delegation_grant,create,50,server/db/ddl/common/authz/03_tables.sql,454
authz.override,create,50,server/db/ddl/common/authz/03_tables.sql,472
authz.record_acl,create,50,server/db/ddl/common/authz/03_tables.sql,537
authz.trusted_device,create,50,server/db/ddl/common/authz/03_tables.sql,603
authz.application_projection,create,50,server/db/ddl/common/authz/03_tables.sql,662
authz.projection_provider,create,50,server/db/ddl/common/authz/03_tables.sql,682
authz.projection_scope,create,50,server/db/ddl/common/authz/03_tables.sql,693
authz.entity_operation_binding,create,50,server/db/ddl/common/authz/03_tables.sql,708
authz.entity_operation_scope_binding,create,50,server/db/ddl/common/authz/03_tables.sql,754
event.comment_flag,create,51,server/db/ddl/common/event/03_tables.sql,1
event.notification_message,create,51,server/db/ddl/common/event/03_tables.sql,25
event.notification_delivery,create,51,server/db/ddl/common/event/03_tables.sql,66
event.notification_provider_event,create,51,server/db/ddl/common/event/03_tables.sql,112
event.notification_email_suppression,create,51,server/db/ddl/common/event/03_tables.sql,141
event.notification_message_attachment,create,51,server/db/ddl/common/event/03_tables.sql,167
event.notification_inbox_state,create,51,server/db/ddl/common/event/03_tables.sql,198
event.outbox,create,51,server/db/ddl/common/event/03_tables.sql,232
event.integration_delivery,create,51,server/db/ddl/common/event/03_tables.sql,280
event.integration_inbound_receipt,create,51,server/db/ddl/common/event/03_tables.sql,297
event.channel_consent_event,create,51,server/db/ddl/common/event/03_tables.sql,308
event.command_execution,create,51,server/db/ddl/common/event/03_tables.sql,336
event.authorization_invalidation_outbox,create,51,server/db/ddl/common/event/03_tables.sql,409
event.descriptor_invalidation_outbox,create,51,server/db/ddl/common/event/03_tables.sql,450
event.notification_delivery_claim,create,51,server/db/ddl/common/event/03_tables.sql,517
event.notification_outbox_state,create,51,server/db/ddl/common/event/03_tables.sql,539
event.digest_staging,create,51,server/db/ddl/common/event/03_tables.sql,565
event.push_subscription,create,51,server/db/ddl/common/event/03_tables.sql,590
event.whatsapp_consent,create,51,server/db/ddl/common/event/03_tables.sql,622
event.webhook_subscription,create,51,server/db/ddl/common/event/03_tables.sql,651
event.invalidation_dead_letter,create,51,server/db/ddl/common/event/03_tables.sql,678
log.notification_delivery_attempt,create,52,server/db/ddl/common/log/03_tables.sql,1
log.notification_dlq,create,52,server/db/ddl/common/log/03_tables.sql,33
log.integration_delivery_attempt,create,52,server/db/ddl/common/log/03_tables.sql,55
log.integration_dlq,create,52,server/db/ddl/common/log/03_tables.sql,76
governance.comment_moderation,create,53,server/db/ddl/common/governance/03_tables.sql,1
governance.channel_consent,create,53,server/db/ddl/common/governance/03_tables.sql,32
governance.cycle_run,create,53,server/db/ddl/common/governance/03_tables.sql,58
governance.cycle_task,create,53,server/db/ddl/common/governance/03_tables.sql,99
governance.cycle_subject,create,53,server/db/ddl/common/governance/03_tables.sql,138
governance.cycle_task_dependency,create,53,server/db/ddl/common/governance/03_tables.sql,156
governance.cycle_deviation,create,53,server/db/ddl/common/governance/03_tables.sql,172
governance.cycle_certification,create,53,server/db/ddl/common/governance/03_tables.sql,199
governance.legal_hold,create,53,server/db/ddl/common/governance/03_tables.sql,237
governance.legal_hold_manifest,create,53,server/db/ddl/common/governance/03_tables.sql,264
governance.report_pack,create,53,server/db/ddl/common/governance/03_tables.sql,289
governance.process_selection_evidence,create,53,server/db/ddl/common/governance/03_tables.sql,328
governance.process_attempt,create,53,server/db/ddl/common/governance/03_tables.sql,358
governance.process_document_job,create,53,server/db/ddl/common/governance/03_tables.sql,381
document.work_item,create,54,server/db/ddl/common/document/03_tables.sql,1
document.entity_case,create,54,server/db/ddl/common/document/03_tables.sql,50
document.entity_case_command_evidence,create,54,server/db/ddl/common/document/03_tables.sql,83
document.entity_case_validation,create,54,server/db/ddl/common/document/03_tables.sql,102
document.entity_case_materialization,create,54,server/db/ddl/common/document/03_tables.sql,119
ai.atlas_experience_release,create,55,server/db/ddl/common/ai/03_tables.sql,645
ai.atlas_learning_candidate,create,55,server/db/ddl/common/ai/03_tables.sql,672
master.operating_organization_capability,create,77,server/db/ddl/planes/neon/master/16_operating_organization_model.sql,54
document.business_partner_request_contact_channel,drop,175,server/db/ddl/planes/neon/document/11_grants.sql,600
document.business_partner_request_contact_person,drop,175,server/db/ddl/planes/neon/document/11_grants.sql,601
document.business_partner_request_address,drop,175,server/db/ddl/planes/neon/document/11_grants.sql,602
document.business_partner_request_identifier,drop,175,server/db/ddl/planes/neon/document/11_grants.sql,603
document.business_partner_request_tax_registration,drop,175,server/db/ddl/planes/neon/document/11_grants.sql,604
document.business_partner_request_classification,drop,175,server/db/ddl/planes/neon/document/11_grants.sql,605
document.business_partner_request_certification,drop,175,server/db/ddl/planes/neon/document/11_grants.sql,606
document.business_partner_request_materialization_item,drop,175,server/db/ddl/planes/neon/document/11_grants.sql,607
document.business_partner_request_validation,drop,175,server/db/ddl/planes/neon/document/11_grants.sql,608
document.business_partner_request_evidence,drop,175,server/db/ddl/planes/neon/document/11_grants.sql,609
document.business_partner_request,drop,175,server/db/ddl/planes/neon/document/11_grants.sql,610
authz.management_receipt,create,218,server/db/ddl/common/authz/13_management.sql,33
control.lookup_revision,create,219,server/db/ddl/common/control/14_admin_integrations.sql,20
control.lookup_tenant_revision,create,219,server/db/ddl/common/control/14_admin_integrations.sql,21
control.lookup_publication_receipt,create,219,server/db/ddl/common/control/14_admin_integrations.sql,22
control.lookup_value_reference,create,219,server/db/ddl/common/control/14_admin_integrations.sql,24
control.connector_health_job,create,219,server/db/ddl/common/control/14_admin_integrations.sql,84
master.bank_account_usage,create,221,server/db/ddl/planes/neon/master/15_bank_account_company_usage.sql,2
master.bank_account_company_usage,create,221,server/db/ddl/planes/neon/master/15_bank_account_company_usage.sql,10
master.saved_view_default,create,222,server/db/ddl/common/master/19_entity_saved_views.sql,2
document.process_task_information,create,225,server/db/ddl/planes/neon/document/07_task_interactions.sql,2
document.process_task_interaction_receipt,create,225,server/db/ddl/planes/neon/document/07_task_interactions.sql,34
document.process_task_assignment_history,create,225,server/db/ddl/planes/neon/document/07_task_interactions.sql,169
document.process_case_contributor,create,225,server/db/ddl/planes/neon/document/07_task_interactions.sql,300
control.process_task_rule_proposal,create,226,server/db/ddl/common/control/17_process_task_rule_publication.sql,3
control.process_task_rule_release,create,226,server/db/ddl/common/control/17_process_task_rule_publication.sql,10
master.reference_choice_recent,create,230,server/db/ddl/common/master/21_reference_choice_recent.sql,2
master.person_address_use,create,234,server/db/ddl/planes/neon/master/22_employee_personal_profile.sql,3
master.person_identity_document,create,234,server/db/ddl/planes/neon/master/22_employee_personal_profile.sql,25
master.person_emergency_contact,create,234,server/db/ddl/planes/neon/master/22_employee_personal_profile.sql,51
master.person_education,create,234,server/db/ddl/planes/neon/master/22_employee_personal_profile.sql,74
master.person_prior_employment,create,234,server/db/ddl/planes/neon/master/22_employee_personal_profile.sql,96
master.person_health_profile,create,234,server/db/ddl/planes/neon/master/22_employee_personal_profile.sql,117
document.person_sensitive_access_audit,create,235,server/db/ddl/planes/neon/document/15_person_evidence_access_audit.sql,2
master.hr_policy_assignment,create,241,server/db/ddl/planes/neon/master/24_hr_policy_applicability.sql,4
master.hr_setup_publication,create,245,server/db/ddl/planes/neon/master/26_hr_setup_publication.sql,3
master.hr_org_company_assignment,create,248,server/db/ddl/planes/neon/master/27_hr_setup_effective_refs.sql,2
master.hr_calendar_day_change,create,248,server/db/ddl/planes/neon/master/27_hr_setup_effective_refs.sql,28
