handler_key,registration,consumers,authority,why_specialized,read_scope
neon.address.read.v1,not_in_generic_domain_dispatch,active:address/operation; draft:address/operation,review declaration alone is not executable registration,resolve actual service/route or keep unavailable; no implementation inferred,not a section reader
neon.address_link.read.v1,not_in_generic_domain_dispatch,active:address_link/operation; draft:address_link/operation,review declaration alone is not executable registration,resolve actual service/route or keep unavailable; no implementation inferred,not a section reader
neon.bp.activity.timeline.v1,not_in_generic_domain_dispatch,active:business_partner/presentation.section.activity; draft:business_partner/presentation.section.activity,review declaration alone is not executable registration,resolve actual service/route or keep unavailable; no implementation inferred,not a section reader
neon.bp.bank.reveal.v1,not_in_generic_domain_dispatch,active:business_partner_banking/operation; draft:business_partner_banking/operation,review declaration alone is not executable registration,resolve actual service/route or keep unavailable; no implementation inferred,not a section reader
neon.bp.contact.channels.v1,not_in_generic_domain_dispatch,active:business_partner/presentation.section.contacts; active:contact_person/core; draft:business_partner/presentation.section.contacts; draft:contact_person/core,review declaration alone is not executable registration,resolve actual service/route or keep unavailable; no implementation inferred,not a section reader
neon.bp.governed-request.company-scope.v1,registered_operation,active:business_partner/operation; draft:business_partner/operation,server/apps/platform-host/src/composition/register-services.ts,"governed command: domain validation, concurrency, idempotency and evidence",not a section reader
neon.bp.governed-request.create.v1,registered_operation,active:address/operation; active:address_link/operation; active:business_partner/operation; active:business_partner_alias/operation; active:business_partner_banking/operation; active:business_partner_commodity_capability/operation; active:business_partner_governance_relation/operation; active:business_partner_identifier/operation; active:business_partner_industry_classification/operation; active:business_partner_operating_organization_assignment/operation; active:business_partner_qualification/operation; active:business_partner_relationship/operation; active:business_partner_tax_registration/operation; active:certification/operation; active:contact_person/operation; active:customer/operation; active:customer_company_profile/operation; active:supplier/operation; active:supplier_company_profile/operation; active:workforce/operation; draft:address/operation; draft:address_link/operation; draft:business_partner/operation; draft:business_partner_alias/operation; draft:business_partner_banking/operation; draft:business_partner_commodity_capability/operation; draft:business_partner_governance_relation/operation; draft:business_partner_identifier/operation; draft:business_partner_industry_classification/operation; draft:business_partner_operating_organization_assignment/operation; draft:business_partner_qualification/operation; draft:business_partner_relationship/operation; draft:business_partner_tax_registration/operation; draft:certification/operation; draft:contact_person/operation; draft:customer/operation; draft:customer_company_profile/operation; draft:supplier/operation; draft:supplier_company_profile/operation; draft:workforce/operation,server/apps/platform-host/src/composition/register-services.ts,"governed command: domain validation, concurrency, idempotency and evidence",not a section reader
neon.bp.governed-request.materialize.v1,registered_operation,active:business_partner_request/operation; draft:business_partner_request/operation,server/apps/platform-host/src/composition/register-services.ts,"governed command: domain validation, concurrency, idempotency and evidence",not a section reader
neon.bp.governed-request.organization-scope.v1,registered_operation,active:business_partner/operation; draft:business_partner/operation,server/apps/platform-host/src/composition/register-services.ts,"governed command: domain validation, concurrency, idempotency and evidence",not a section reader
neon.bp.governed-request.role-extension.v1,registered_operation,active:business_partner/operation; draft:business_partner/operation,server/apps/platform-host/src/composition/register-services.ts,"governed command: domain validation, concurrency, idempotency and evidence",not a section reader
neon.bp.governed-request.submit.v1,registered_operation,active:business_partner_request/operation; draft:business_partner_request/operation,server/apps/platform-host/src/composition/register-services.ts,"governed command: domain validation, concurrency, idempotency and evidence",not a section reader
neon.bp.relation.business_partner_commodity_capability.v1,not_in_generic_domain_dispatch,active:business_partner/core; draft:business_partner/core,review declaration alone is not executable registration,resolve actual service/route or keep unavailable; no implementation inferred,not a section reader
neon.bp.relation.business_partner_governance_relation.v1,not_in_generic_domain_dispatch,active:business_partner/core; draft:business_partner/core,review declaration alone is not executable registration,resolve actual service/route or keep unavailable; no implementation inferred,not a section reader
neon.bp.relation.business_partner_identifier.v1,not_in_generic_domain_dispatch,active:business_partner/core; draft:business_partner/core,review declaration alone is not executable registration,resolve actual service/route or keep unavailable; no implementation inferred,not a section reader
neon.bp.relation.business_partner_industry_classification.v1,not_in_generic_domain_dispatch,active:business_partner/core; draft:business_partner/core,review declaration alone is not executable registration,resolve actual service/route or keep unavailable; no implementation inferred,not a section reader
neon.bp.relation.business_partner_operating_organization_assignment.v1,not_in_generic_domain_dispatch,active:business_partner/core; draft:business_partner/core,review declaration alone is not executable registration,resolve actual service/route or keep unavailable; no implementation inferred,not a section reader
neon.bp.relation.business_partner_qualification.v1,not_in_generic_domain_dispatch,active:business_partner/core; draft:business_partner/core,review declaration alone is not executable registration,resolve actual service/route or keep unavailable; no implementation inferred,not a section reader
neon.bp.relation.business_partner_tax_registration.v1,not_in_generic_domain_dispatch,active:business_partner/core; draft:business_partner/core,review declaration alone is not executable registration,resolve actual service/route or keep unavailable; no implementation inferred,not a section reader
neon.bp.relation.certification.v1,not_in_generic_domain_dispatch,active:business_partner/core; draft:business_partner/core,review declaration alone is not executable registration,resolve actual service/route or keep unavailable; no implementation inferred,not a section reader
neon.bp.relation.contact_person.v1,not_in_generic_domain_dispatch,active:business_partner/core; draft:business_partner/core,review declaration alone is not executable registration,resolve actual service/route or keep unavailable; no implementation inferred,not a section reader
neon.bp.relation.customer.v1,not_in_generic_domain_dispatch,active:business_partner/core; draft:business_partner/core,review declaration alone is not executable registration,resolve actual service/route or keep unavailable; no implementation inferred,not a section reader
neon.bp.relation.customer_company_profile.v1,not_in_generic_domain_dispatch,active:business_partner/core; draft:business_partner/core,review declaration alone is not executable registration,resolve actual service/route or keep unavailable; no implementation inferred,not a section reader
neon.bp.relation.supplier.v1,not_in_generic_domain_dispatch,active:business_partner/core; draft:business_partner/core,review declaration alone is not executable registration,resolve actual service/route or keep unavailable; no implementation inferred,not a section reader
neon.bp.relation.supplier_company_profile.v1,not_in_generic_domain_dispatch,active:business_partner/core; draft:business_partner/core,review declaration alone is not executable registration,resolve actual service/route or keep unavailable; no implementation inferred,not a section reader
neon.bp.section.activity.v1,registered_section,active:business_partner/presentation.section.activity; draft:business_partner/presentation.section.activity,server/apps/platform-host/src/composition/register-services.ts,authorized evidence/history envelope,one named section via businessPartner360.section; overview has dedicated method
neon.bp.section.addresses.v1,registered_section,active:business_partner/presentation.section.addresses; draft:business_partner/presentation.section.addresses,server/apps/platform-host/src/composition/register-services.ts,polymorphic owner and effective address links,one named section via businessPartner360.section; overview has dedicated method
neon.bp.section.banking.v1,registered_section,active:business_partner/presentation.section.banking; draft:business_partner/presentation.section.banking,server/apps/platform-host/src/composition/register-services.ts,"masking, verification, disclosure acceptance and company usage",one named section via businessPartner360.section; overview has dedicated method
neon.bp.section.business-activity.v1,registered_section,active:business_partner/presentation.section.business-activity; draft:business_partner/presentation.section.business-activity,server/apps/platform-host/src/composition/register-services.ts,organization/company-scoped business documents,one named section via businessPartner360.section; overview has dedicated method
neon.bp.section.contacts.v1,registered_section,active:business_partner/presentation.section.contacts; active:contact_person/core; draft:business_partner/presentation.section.contacts; draft:contact_person/core,server/apps/platform-host/src/composition/register-services.ts,owner/channel/primary semantics,one named section via businessPartner360.section; overview has dedicated method
neon.bp.section.credit.v1,registered_section,active:business_partner/presentation.section.credit; draft:business_partner/presentation.section.credit,server/apps/platform-host/src/composition/register-services.ts,credit outcome and company authorization,one named section via businessPartner360.section; overview has dedicated method
neon.bp.section.customer-company.v1,registered_section,active:business_partner/presentation.section.customer-company; draft:business_partner/presentation.section.customer-company,server/apps/platform-host/src/composition/register-services.ts,customer profile company admission,one named section via businessPartner360.section; overview has dedicated method
neon.bp.section.identifiers-tax.v1,registered_section,active:business_partner/presentation.section.identifiers-tax; draft:business_partner/presentation.section.identifiers-tax,server/apps/platform-host/src/composition/register-services.ts,jurisdiction and protected identifier projection,one named section via businessPartner360.section; overview has dedicated method
neon.bp.section.identity.v1,registered_section,active:business_partner/presentation.section.identity; active:business_partner_alias/operation; draft:business_partner/presentation.section.identity; draft:business_partner_alias/operation,server/apps/platform-host/src/composition/register-services.ts,category-aware identity and protected projection,one named section via businessPartner360.section; overview has dedicated method
neon.bp.section.network.v1,registered_section,active:business_partner/presentation.section.network; active:business_partner_relationship/operation; draft:business_partner/presentation.section.network; draft:business_partner_relationship/operation,server/apps/platform-host/src/composition/register-services.ts,accepted provenance without exposing raw inbox payloads,one named section via businessPartner360.section; overview has dedicated method
neon.bp.section.overview.v1,registered_section,active:business_partner/presentation.section.overview; draft:business_partner/presentation.section.overview,server/apps/platform-host/src/composition/register-services.ts,authorized compact overview and record revision,one named section via businessPartner360.section; overview has dedicated method
neon.bp.section.qualifications-certificates.v1,registered_section,active:business_partner/presentation.section.qualifications-certificates; draft:business_partner/presentation.section.qualifications-certificates,server/apps/platform-host/src/composition/register-services.ts,decision results and certificate parent admission,one named section via businessPartner360.section; overview has dedicated method
neon.bp.section.requests.v1,registered_section,active:business_partner/presentation.section.requests; draft:business_partner/presentation.section.requests,server/apps/platform-host/src/composition/register-services.ts,case/snapshot compatibility projection and requester visibility,one named section via businessPartner360.section; overview has dedicated method
neon.bp.section.roles-scope.v1,registered_section,active:business_partner/presentation.section.roles-scope; draft:business_partner/presentation.section.roles-scope,server/apps/platform-host/src/composition/register-services.ts,role eligibility and organization/company scope,one named section via businessPartner360.section; overview has dedicated method
neon.bp.section.supplier-company.v1,registered_section,active:business_partner/presentation.section.supplier-company; draft:business_partner/presentation.section.supplier-company,server/apps/platform-host/src/composition/register-services.ts,supplier profile company admission,one named section via businessPartner360.section; overview has dedicated method
neon.bp.section.workforce.v1,not_in_generic_domain_dispatch,active:business_partner/presentation.section.workforce; draft:business_partner/presentation.section.workforce,review declaration alone is not executable registration,resolve actual service/route or keep unavailable; no implementation inferred,not a section reader
neon.bp.tax.reveal.v1,not_in_generic_domain_dispatch,active:business_partner_tax_registration/operation; draft:business_partner_tax_registration/operation,review declaration alone is not executable registration,resolve actual service/route or keep unavailable; no implementation inferred,not a section reader
neon.business_partner.print_statement.v1,not_in_generic_domain_dispatch,active:business_partner/operation; draft:business_partner/operation,review declaration alone is not executable registration,resolve actual service/route or keep unavailable; no implementation inferred,not a section reader
neon.business_partner.read.v1,not_in_generic_domain_dispatch,active:business_partner/operation; draft:business_partner/operation,review declaration alone is not executable registration,resolve actual service/route or keep unavailable; no implementation inferred,not a section reader
neon.business_partner.share_mesh.v1,not_in_generic_domain_dispatch,active:business_partner/operation; draft:business_partner/operation,review declaration alone is not executable registration,resolve actual service/route or keep unavailable; no implementation inferred,not a section reader
neon.business_partner_banking.read.v1,not_in_generic_domain_dispatch,active:business_partner_banking/operation; draft:business_partner_banking/operation,review declaration alone is not executable registration,resolve actual service/route or keep unavailable; no implementation inferred,not a section reader
neon.business_partner_commodity_capability.read.v1,not_in_generic_domain_dispatch,active:business_partner_commodity_capability/operation; draft:business_partner_commodity_capability/operation,review declaration alone is not executable registration,resolve actual service/route or keep unavailable; no implementation inferred,not a section reader
neon.business_partner_governance_relation.read.v1,not_in_generic_domain_dispatch,active:business_partner_governance_relation/operation; draft:business_partner_governance_relation/operation,review declaration alone is not executable registration,resolve actual service/route or keep unavailable; no implementation inferred,not a section reader
neon.business_partner_identifier.read.v1,not_in_generic_domain_dispatch,active:business_partner_identifier/operation; draft:business_partner_identifier/operation,review declaration alone is not executable registration,resolve actual service/route or keep unavailable; no implementation inferred,not a section reader
neon.business_partner_industry_classification.read.v1,not_in_generic_domain_dispatch,active:business_partner_industry_classification/operation; draft:business_partner_industry_classification/operation,review declaration alone is not executable registration,resolve actual service/route or keep unavailable; no implementation inferred,not a section reader
neon.business_partner_operating_organization_assignment.read.v1,not_in_generic_domain_dispatch,active:business_partner_operating_organization_assignment/operation; draft:business_partner_operating_organization_assignment/operation,review declaration alone is not executable registration,resolve actual service/route or keep unavailable; no implementation inferred,not a section reader
neon.business_partner_qualification.read.v1,not_in_generic_domain_dispatch,active:business_partner_qualification/operation; draft:business_partner_qualification/operation,review declaration alone is not executable registration,resolve actual service/route or keep unavailable; no implementation inferred,not a section reader
neon.business_partner_request.approve.v1,not_in_generic_domain_dispatch,active:business_partner_request/operation; draft:business_partner_request/operation,review declaration alone is not executable registration,resolve actual service/route or keep unavailable; no implementation inferred,not a section reader
neon.business_partner_request.create_draft.v1,not_in_generic_domain_dispatch,active:business_partner_request/operation; draft:business_partner_request/operation,review declaration alone is not executable registration,resolve actual service/route or keep unavailable; no implementation inferred,not a section reader
neon.business_partner_request.read.v1,not_in_generic_domain_dispatch,active:business_partner_request/operation; draft:business_partner_request/operation,review declaration alone is not executable registration,resolve actual service/route or keep unavailable; no implementation inferred,not a section reader
neon.business_partner_request.reject.v1,not_in_generic_domain_dispatch,active:business_partner_request/operation; draft:business_partner_request/operation,review declaration alone is not executable registration,resolve actual service/route or keep unavailable; no implementation inferred,not a section reader
neon.business_partner_request.return.v1,not_in_generic_domain_dispatch,active:business_partner_request/operation; draft:business_partner_request/operation,review declaration alone is not executable registration,resolve actual service/route or keep unavailable; no implementation inferred,not a section reader
neon.business_partner_request.save_draft.v1,not_in_generic_domain_dispatch,active:business_partner_request/operation; draft:business_partner_request/operation,review declaration alone is not executable registration,resolve actual service/route or keep unavailable; no implementation inferred,not a section reader
neon.business_partner_tax_registration.read.v1,not_in_generic_domain_dispatch,active:business_partner_tax_registration/operation; draft:business_partner_tax_registration/operation,review declaration alone is not executable registration,resolve actual service/route or keep unavailable; no implementation inferred,not a section reader
neon.certification.read.v1,not_in_generic_domain_dispatch,active:certification/operation; draft:certification/operation,review declaration alone is not executable registration,resolve actual service/route or keep unavailable; no implementation inferred,not a section reader
neon.contact_person.read.v1,not_in_generic_domain_dispatch,active:contact_person/operation; draft:contact_person/operation,review declaration alone is not executable registration,resolve actual service/route or keep unavailable; no implementation inferred,not a section reader
neon.customer.read.v1,not_in_generic_domain_dispatch,active:customer/operation; draft:customer/operation,review declaration alone is not executable registration,resolve actual service/route or keep unavailable; no implementation inferred,not a section reader
neon.customer_company_profile.read.v1,not_in_generic_domain_dispatch,active:customer_company_profile/operation; draft:customer_company_profile/operation,review declaration alone is not executable registration,resolve actual service/route or keep unavailable; no implementation inferred,not a section reader
neon.request.capture.v1,not_in_generic_domain_dispatch,active:business_partner_request/presentation.section.capture; draft:business_partner_request/presentation.section.capture,review declaration alone is not executable registration,resolve actual service/route or keep unavailable; no implementation inferred,not a section reader
neon.request.evidence.v1,not_in_generic_domain_dispatch,active:business_partner_request/presentation.section.evidence; draft:business_partner_request/presentation.section.evidence,review declaration alone is not executable registration,resolve actual service/route or keep unavailable; no implementation inferred,not a section reader
neon.supplier.read.v1,not_in_generic_domain_dispatch,active:supplier/operation; draft:supplier/operation,review declaration alone is not executable registration,resolve actual service/route or keep unavailable; no implementation inferred,not a section reader
neon.supplier_company_profile.read.v1,not_in_generic_domain_dispatch,active:supplier_company_profile/operation; draft:supplier_company_profile/operation,review declaration alone is not executable registration,resolve actual service/route or keep unavailable; no implementation inferred,not a section reader
neon.workforce.read.v1,not_in_generic_domain_dispatch,active:workforce/operation; draft:workforce/operation,review declaration alone is not executable registration,resolve actual service/route or keep unavailable; no implementation inferred,not a section reader
platform.attachments.archive.v1,not_in_generic_domain_dispatch,active:business_partner/operation; active:business_partner/presentation.section.attachments; draft:business_partner/operation; draft:business_partner/presentation.section.attachments,review declaration alone is not executable registration,resolve actual service/route or keep unavailable; no implementation inferred,not a section reader
platform.attachments.category.v1,not_in_generic_domain_dispatch,active:business_partner/operation; active:business_partner/presentation.section.attachments; draft:business_partner/operation; draft:business_partner/presentation.section.attachments,review declaration alone is not executable registration,resolve actual service/route or keep unavailable; no implementation inferred,not a section reader
platform.attachments.create.v1,registered_capability_branch,active:business_partner/operation; active:business_partner/presentation.section.attachments; draft:business_partner/operation; draft:business_partner/presentation.section.attachments,server/apps/platform-host/src/composition/register-services.ts,shared capability: parent/audience admission and lifecycle service; CA owner retains implementation,not a section reader
platform.attachments.download.v1,registered_capability_branch,active:business_partner/operation; active:business_partner/presentation.section.attachments; draft:business_partner/operation; draft:business_partner/presentation.section.attachments,server/apps/platform-host/src/composition/register-services.ts,shared capability: parent/audience admission and lifecycle service; CA owner retains implementation,not a section reader
platform.attachments.extract.v1,not_in_generic_domain_dispatch,active:business_partner/operation; active:business_partner/presentation.section.attachments; draft:business_partner/operation; draft:business_partner/presentation.section.attachments,review declaration alone is not executable registration,resolve actual service/route or keep unavailable; no implementation inferred,not a section reader
platform.attachments.finalize.v1,registered_capability_branch,active:business_partner/operation; active:business_partner/presentation.section.attachments; draft:business_partner/operation; draft:business_partner/presentation.section.attachments,server/apps/platform-host/src/composition/register-services.ts,shared capability: parent/audience admission and lifecycle service; CA owner retains implementation,not a section reader
platform.attachments.folder.v1,not_in_generic_domain_dispatch,active:business_partner/operation; active:business_partner/presentation.section.attachments; draft:business_partner/operation; draft:business_partner/presentation.section.attachments,review declaration alone is not executable registration,resolve actual service/route or keep unavailable; no implementation inferred,not a section reader
platform.attachments.preview.v1,not_in_generic_domain_dispatch,active:business_partner/operation; active:business_partner/presentation.section.attachments; draft:business_partner/operation; draft:business_partner/presentation.section.attachments,review declaration alone is not executable registration,resolve actual service/route or keep unavailable; no implementation inferred,not a section reader
platform.attachments.read.v1,registered_capability_branch,active:business_partner/operation; draft:business_partner/operation,server/apps/platform-host/src/composition/register-services.ts,shared capability: parent/audience admission and lifecycle service; CA owner retains implementation,not a section reader
platform.attachments.rename.v1,not_in_generic_domain_dispatch,active:business_partner/operation; active:business_partner/presentation.section.attachments; draft:business_partner/operation; draft:business_partner/presentation.section.attachments,review declaration alone is not executable registration,resolve actual service/route or keep unavailable; no implementation inferred,not a section reader
platform.attachments.search.v1,not_in_generic_domain_dispatch,active:business_partner/operation; active:business_partner/presentation.section.attachments; draft:business_partner/operation; draft:business_partner/presentation.section.attachments,review declaration alone is not executable registration,resolve actual service/route or keep unavailable; no implementation inferred,not a section reader
platform.attachments.status.v1,registered_capability_branch,active:business_partner/operation; draft:business_partner/operation,server/apps/platform-host/src/composition/register-services.ts,shared capability: parent/audience admission and lifecycle service; CA owner retains implementation,not a section reader
platform.attachments.unlink.v1,not_in_generic_domain_dispatch,active:business_partner/operation; active:business_partner/presentation.section.attachments; draft:business_partner/operation; draft:business_partner/presentation.section.attachments,review declaration alone is not executable registration,resolve actual service/route or keep unavailable; no implementation inferred,not a section reader
platform.attachments.version.v1,not_in_generic_domain_dispatch,active:business_partner/operation; active:business_partner/presentation.section.attachments; draft:business_partner/operation; draft:business_partner/presentation.section.attachments,review declaration alone is not executable registration,resolve actual service/route or keep unavailable; no implementation inferred,not a section reader
platform.comments.archive_own.v1,registered_capability_branch,active:business_partner/operation; active:business_partner/presentation.section.comments; active:workforce/operation; draft:business_partner/operation; draft:business_partner/presentation.section.comments; draft:workforce/operation,server/apps/platform-host/src/composition/register-services.ts,shared capability: parent/audience admission and lifecycle service; CA owner retains implementation,not a section reader
platform.comments.create.v1,registered_capability_branch,active:business_partner/operation; active:business_partner/presentation.section.comments; active:workforce/operation; draft:business_partner/operation; draft:business_partner/presentation.section.comments; draft:workforce/operation,server/apps/platform-host/src/composition/register-services.ts,shared capability: parent/audience admission and lifecycle service; CA owner retains implementation,not a section reader
platform.comments.draft.v1,not_in_generic_domain_dispatch,active:business_partner/operation; active:business_partner/presentation.section.comments; draft:business_partner/operation; draft:business_partner/presentation.section.comments,review declaration alone is not executable registration,resolve actual service/route or keep unavailable; no implementation inferred,not a section reader
platform.comments.flag.v1,not_in_generic_domain_dispatch,active:business_partner/operation; active:business_partner/presentation.section.comments; draft:business_partner/operation; draft:business_partner/presentation.section.comments,review declaration alone is not executable registration,resolve actual service/route or keep unavailable; no implementation inferred,not a section reader
platform.comments.history.v1,not_in_generic_domain_dispatch,active:business_partner/operation; active:business_partner/presentation.section.comments; draft:business_partner/operation; draft:business_partner/presentation.section.comments,review declaration alone is not executable registration,resolve actual service/route or keep unavailable; no implementation inferred,not a section reader
platform.comments.mention.v1,not_in_generic_domain_dispatch,active:business_partner/operation; active:business_partner/presentation.section.comments; draft:business_partner/operation; draft:business_partner/presentation.section.comments,review declaration alone is not executable registration,resolve actual service/route or keep unavailable; no implementation inferred,not a section reader
platform.comments.react.v1,not_in_generic_domain_dispatch,active:business_partner/operation; active:business_partner/presentation.section.comments; draft:business_partner/operation; draft:business_partner/presentation.section.comments,review declaration alone is not executable registration,resolve actual service/route or keep unavailable; no implementation inferred,not a section reader
platform.comments.read.v1,registered_capability_branch,active:business_partner/operation; active:workforce/operation; draft:business_partner/operation; draft:workforce/operation,server/apps/platform-host/src/composition/register-services.ts,shared capability: parent/audience admission and lifecycle service; CA owner retains implementation,not a section reader
platform.comments.reply.v1,not_in_generic_domain_dispatch,active:business_partner/operation; active:business_partner/presentation.section.comments; active:workforce/operation; draft:business_partner/operation; draft:business_partner/presentation.section.comments; draft:workforce/operation,review declaration alone is not executable registration,resolve actual service/route or keep unavailable; no implementation inferred,not a section reader
platform.comments.update_own.v1,registered_capability_branch,active:business_partner/operation; active:business_partner/presentation.section.comments; active:workforce/operation; draft:business_partner/operation; draft:business_partner/presentation.section.comments; draft:workforce/operation,server/apps/platform-host/src/composition/register-services.ts,shared capability: parent/audience admission and lifecycle service; CA owner retains implementation,not a section reader
