origin,entity,operation,permission,permission_published_locally,handler,generic_dispatch_registration,disposition,corrective_package,evidence
draft,address,read,neon.address.read,True,neon.address.read.v1,False,unavailable through generic dispatch; may have separate domain route,owning BP2 domain package,server/apps/platform-host/src/composition/register-services.ts
draft,address,request_change,neon.relationship.entity_case.create,True,neon.bp.governed-request.create.v1,True,registered: domain admission still required,owning BP2 domain package,server/apps/platform-host/src/composition/register-services.ts
draft,address_link,read,neon.address_link.read,True,neon.address_link.read.v1,False,unavailable through generic dispatch; may have separate domain route,owning BP2 domain package,server/apps/platform-host/src/composition/register-services.ts
draft,address_link,request_change,neon.relationship.entity_case.create,True,neon.bp.governed-request.create.v1,True,registered: domain admission still required,owning BP2 domain package,server/apps/platform-host/src/composition/register-services.ts
draft,business_partner,read,neon.relationship.business_partner.read,True,neon.business_partner.read.v1,False,unavailable through generic dispatch; may have separate domain route,owning BP2 domain package,server/apps/platform-host/src/composition/register-services.ts
draft,business_partner,request_change,neon.relationship.business_partner_amend.create,True,neon.bp.governed-request.create.v1,True,registered: domain admission still required,owning BP2 domain package,server/apps/platform-host/src/composition/register-services.ts
draft,business_partner,assign_organization_scope,neon.relationship.entity_case.create,True,neon.bp.governed-request.organization-scope.v1,True,registered: domain admission still required,owning BP2 domain package,server/apps/platform-host/src/composition/register-services.ts
draft,business_partner,configure_company_scope,neon.relationship.entity_case.create,True,neon.bp.governed-request.company-scope.v1,True,registered: domain admission still required,owning BP2 domain package,server/apps/platform-host/src/composition/register-services.ts
draft,business_partner,request_role_extension,neon.relationship.entity_case.create,True,neon.bp.governed-request.role-extension.v1,True,registered: domain admission still required,owning BP2 domain package,server/apps/platform-host/src/composition/register-services.ts
draft,business_partner,print_statement,neon.relationship.business_partner.print,True,neon.business_partner.print_statement.v1,False,unavailable through generic dispatch; may have separate domain route,owning BP2 domain package,server/apps/platform-host/src/composition/register-services.ts
draft,business_partner,share_mesh,neon.relationship.business_partner.mesh_publish,True,neon.business_partner.share_mesh.v1,False,unavailable through generic dispatch; may have separate domain route,owning BP2 domain package,server/apps/platform-host/src/composition/register-services.ts
draft,business_partner_alias,read,neon.relationship.business_partner_identity.read,True,neon.bp.section.identity.v1,False,unavailable through generic dispatch; may have separate domain route,owning BP2 domain package,server/apps/platform-host/src/composition/register-services.ts
draft,business_partner_alias,request_change,neon.relationship.entity_case.create,True,neon.bp.governed-request.create.v1,True,registered: domain admission still required,owning BP2 domain package,server/apps/platform-host/src/composition/register-services.ts
draft,business_partner_banking,read,neon.business_partner_banking.read,True,neon.business_partner_banking.read.v1,False,unavailable through generic dispatch; may have separate domain route,owning BP2 domain package,server/apps/platform-host/src/composition/register-services.ts
draft,business_partner_banking,request_change,neon.relationship.entity_case.create,True,neon.bp.governed-request.create.v1,True,registered: domain admission still required,owning BP2 domain package,server/apps/platform-host/src/composition/register-services.ts
draft,business_partner_banking,reveal,neon.relationship.business_partner_bank.reveal,True,neon.bp.bank.reveal.v1,False,unavailable through generic dispatch; may have separate domain route,owning BP2 domain package,server/apps/platform-host/src/composition/register-services.ts
draft,business_partner_commodity_capability,read,neon.business_partner_commodity_capability.read,True,neon.business_partner_commodity_capability.read.v1,False,unavailable through generic dispatch; may have separate domain route,owning BP2 domain package,server/apps/platform-host/src/composition/register-services.ts
draft,business_partner_commodity_capability,request_change,neon.relationship.entity_case.create,True,neon.bp.governed-request.create.v1,True,registered: domain admission still required,owning BP2 domain package,server/apps/platform-host/src/composition/register-services.ts
draft,business_partner_governance_relation,read,neon.business_partner_governance_relation.read,True,neon.business_partner_governance_relation.read.v1,False,unavailable through generic dispatch; may have separate domain route,owning BP2 domain package,server/apps/platform-host/src/composition/register-services.ts
draft,business_partner_governance_relation,request_change,neon.relationship.entity_case.create,True,neon.bp.governed-request.create.v1,True,registered: domain admission still required,owning BP2 domain package,server/apps/platform-host/src/composition/register-services.ts
draft,business_partner_identifier,read,neon.business_partner_identifier.read,True,neon.business_partner_identifier.read.v1,False,unavailable through generic dispatch; may have separate domain route,owning BP2 domain package,server/apps/platform-host/src/composition/register-services.ts
draft,business_partner_identifier,request_change,neon.relationship.entity_case.create,True,neon.bp.governed-request.create.v1,True,registered: domain admission still required,owning BP2 domain package,server/apps/platform-host/src/composition/register-services.ts
draft,business_partner_industry_classification,read,neon.business_partner_industry_classification.read,True,neon.business_partner_industry_classification.read.v1,False,unavailable through generic dispatch; may have separate domain route,owning BP2 domain package,server/apps/platform-host/src/composition/register-services.ts
draft,business_partner_industry_classification,request_change,neon.relationship.entity_case.create,True,neon.bp.governed-request.create.v1,True,registered: domain admission still required,owning BP2 domain package,server/apps/platform-host/src/composition/register-services.ts
draft,business_partner_operating_organization_assignment,read,neon.business_partner_operating_organization_assignment.read,True,neon.business_partner_operating_organization_assignment.read.v1,False,unavailable through generic dispatch; may have separate domain route,owning BP2 domain package,server/apps/platform-host/src/composition/register-services.ts
draft,business_partner_operating_organization_assignment,request_change,neon.relationship.entity_case.create,True,neon.bp.governed-request.create.v1,True,registered: domain admission still required,owning BP2 domain package,server/apps/platform-host/src/composition/register-services.ts
draft,business_partner_qualification,read,neon.business_partner_qualification.read,True,neon.business_partner_qualification.read.v1,False,unavailable through generic dispatch; may have separate domain route,owning BP2 domain package,server/apps/platform-host/src/composition/register-services.ts
draft,business_partner_qualification,request_change,neon.relationship.entity_case.create,True,neon.bp.governed-request.create.v1,True,registered: domain admission still required,owning BP2 domain package,server/apps/platform-host/src/composition/register-services.ts
draft,business_partner_relationship,read,neon.relationship.business_partner_network.read,True,neon.bp.section.network.v1,False,unavailable through generic dispatch; may have separate domain route,owning BP2 domain package,server/apps/platform-host/src/composition/register-services.ts
draft,business_partner_relationship,request_change,neon.relationship.entity_case.create,True,neon.bp.governed-request.create.v1,True,registered: domain admission still required,owning BP2 domain package,server/apps/platform-host/src/composition/register-services.ts
draft,business_partner_request,read,neon.business_partner_request.read,True,neon.business_partner_request.read.v1,False,unavailable through generic dispatch; may have separate domain route,BF-04,server/apps/platform-host/src/composition/register-services.ts
draft,business_partner_request,create_draft,neon.business_partner_request.create_draft,True,neon.business_partner_request.create_draft.v1,False,unavailable through generic dispatch; may have separate domain route,BF-04,server/apps/platform-host/src/composition/register-services.ts
draft,business_partner_request,save_draft,neon.business_partner_request.save_draft,True,neon.business_partner_request.save_draft.v1,False,unavailable through generic dispatch; may have separate domain route,BF-04,server/apps/platform-host/src/composition/register-services.ts
draft,business_partner_request,submit,neon.relationship.entity_case.submit,True,neon.bp.governed-request.submit.v1,True,registered: domain admission still required,BF-04,server/apps/platform-host/src/composition/register-services.ts
draft,business_partner_request,return,neon.business_partner_request.return,True,neon.business_partner_request.return.v1,False,unavailable through generic dispatch; may have separate domain route,BF-04,server/apps/platform-host/src/composition/register-services.ts
draft,business_partner_request,reject,neon.business_partner_request.reject,True,neon.business_partner_request.reject.v1,False,unavailable through generic dispatch; may have separate domain route,BF-04,server/apps/platform-host/src/composition/register-services.ts
draft,business_partner_request,approve,neon.business_partner_request.approve,True,neon.business_partner_request.approve.v1,False,unavailable through generic dispatch; may have separate domain route,BF-04,server/apps/platform-host/src/composition/register-services.ts
draft,business_partner_request,materialize,neon.relationship.entity_case.materialize,True,neon.bp.governed-request.materialize.v1,True,registered: domain admission still required,BF-04,server/apps/platform-host/src/composition/register-services.ts
draft,business_partner_tax_registration,read,neon.business_partner_tax_registration.read,True,neon.business_partner_tax_registration.read.v1,False,unavailable through generic dispatch; may have separate domain route,owning BP2 domain package,server/apps/platform-host/src/composition/register-services.ts
draft,business_partner_tax_registration,request_change,neon.relationship.entity_case.create,True,neon.bp.governed-request.create.v1,True,registered: domain admission still required,owning BP2 domain package,server/apps/platform-host/src/composition/register-services.ts
draft,business_partner_tax_registration,reveal,neon.relationship.business_partner_tax.reveal,True,neon.bp.tax.reveal.v1,False,unavailable through generic dispatch; may have separate domain route,owning BP2 domain package,server/apps/platform-host/src/composition/register-services.ts
draft,certification,read,neon.certification.read,True,neon.certification.read.v1,False,unavailable through generic dispatch; may have separate domain route,owning BP2 domain package,server/apps/platform-host/src/composition/register-services.ts
draft,certification,request_change,neon.relationship.entity_case.create,True,neon.bp.governed-request.create.v1,True,registered: domain admission still required,owning BP2 domain package,server/apps/platform-host/src/composition/register-services.ts
draft,contact_person,read,neon.contact_person.read,True,neon.contact_person.read.v1,False,unavailable through generic dispatch; may have separate domain route,owning BP2 domain package,server/apps/platform-host/src/composition/register-services.ts
draft,contact_person,request_change,neon.relationship.entity_case.create,True,neon.bp.governed-request.create.v1,True,registered: domain admission still required,owning BP2 domain package,server/apps/platform-host/src/composition/register-services.ts
draft,customer,read,neon.customer.read,True,neon.customer.read.v1,False,unavailable through generic dispatch; may have separate domain route,owning BP2 domain package,server/apps/platform-host/src/composition/register-services.ts
draft,customer,request_change,neon.relationship.entity_case.create,True,neon.bp.governed-request.create.v1,True,registered: domain admission still required,owning BP2 domain package,server/apps/platform-host/src/composition/register-services.ts
draft,customer_company_profile,read,neon.customer_company_profile.read,True,neon.customer_company_profile.read.v1,False,unavailable through generic dispatch; may have separate domain route,owning BP2 domain package,server/apps/platform-host/src/composition/register-services.ts
draft,customer_company_profile,request_change,neon.relationship.entity_case.create,True,neon.bp.governed-request.create.v1,True,registered: domain admission still required,owning BP2 domain package,server/apps/platform-host/src/composition/register-services.ts
draft,supplier,read,neon.supplier.read,True,neon.supplier.read.v1,False,unavailable through generic dispatch; may have separate domain route,owning BP2 domain package,server/apps/platform-host/src/composition/register-services.ts
draft,supplier,request_change,neon.relationship.entity_case.create,True,neon.bp.governed-request.create.v1,True,registered: domain admission still required,owning BP2 domain package,server/apps/platform-host/src/composition/register-services.ts
draft,supplier_company_profile,read,neon.supplier_company_profile.read,True,neon.supplier_company_profile.read.v1,False,unavailable through generic dispatch; may have separate domain route,owning BP2 domain package,server/apps/platform-host/src/composition/register-services.ts
draft,supplier_company_profile,request_change,neon.relationship.entity_case.create,True,neon.bp.governed-request.create.v1,True,registered: domain admission still required,owning BP2 domain package,server/apps/platform-host/src/composition/register-services.ts
draft,workforce,read,neon.workforce.read,True,neon.workforce.read.v1,False,unavailable through generic dispatch; may have separate domain route,owning BP2 domain package,server/apps/platform-host/src/composition/register-services.ts
draft,workforce,request_change,neon.relationship.entity_case.create,True,neon.bp.governed-request.create.v1,True,registered: domain admission still required,owning BP2 domain package,server/apps/platform-host/src/composition/register-services.ts
active,address,read,neon.address.read,True,neon.address.read.v1,False,unavailable through generic dispatch; may have separate domain route,owning BP2 domain package,server/apps/platform-host/src/composition/register-services.ts
active,address,request_change,neon.relationship.entity_case.create,True,neon.bp.governed-request.create.v1,True,registered: domain admission still required,owning BP2 domain package,server/apps/platform-host/src/composition/register-services.ts
active,address_link,read,neon.address_link.read,True,neon.address_link.read.v1,False,unavailable through generic dispatch; may have separate domain route,owning BP2 domain package,server/apps/platform-host/src/composition/register-services.ts
active,address_link,request_change,neon.relationship.entity_case.create,True,neon.bp.governed-request.create.v1,True,registered: domain admission still required,owning BP2 domain package,server/apps/platform-host/src/composition/register-services.ts
active,business_partner,read,neon.relationship.business_partner.read,True,neon.business_partner.read.v1,False,unavailable through generic dispatch; may have separate domain route,owning BP2 domain package,server/apps/platform-host/src/composition/register-services.ts
active,business_partner,request_change,neon.relationship.business_partner_amend.create,True,neon.bp.governed-request.create.v1,True,registered: domain admission still required,owning BP2 domain package,server/apps/platform-host/src/composition/register-services.ts
active,business_partner,assign_organization_scope,neon.relationship.entity_case.create,True,neon.bp.governed-request.organization-scope.v1,True,registered: domain admission still required,owning BP2 domain package,server/apps/platform-host/src/composition/register-services.ts
active,business_partner,configure_company_scope,neon.relationship.entity_case.create,True,neon.bp.governed-request.company-scope.v1,True,registered: domain admission still required,owning BP2 domain package,server/apps/platform-host/src/composition/register-services.ts
active,business_partner,request_role_extension,neon.relationship.entity_case.create,True,neon.bp.governed-request.role-extension.v1,True,registered: domain admission still required,owning BP2 domain package,server/apps/platform-host/src/composition/register-services.ts
active,business_partner,print_statement,neon.relationship.business_partner.print,True,neon.business_partner.print_statement.v1,False,unavailable through generic dispatch; may have separate domain route,owning BP2 domain package,server/apps/platform-host/src/composition/register-services.ts
active,business_partner,share_mesh,neon.relationship.business_partner.mesh_publish,True,neon.business_partner.share_mesh.v1,False,unavailable through generic dispatch; may have separate domain route,owning BP2 domain package,server/apps/platform-host/src/composition/register-services.ts
active,business_partner_alias,read,neon.relationship.business_partner_identity.read,True,neon.bp.section.identity.v1,False,unavailable through generic dispatch; may have separate domain route,owning BP2 domain package,server/apps/platform-host/src/composition/register-services.ts
active,business_partner_alias,request_change,neon.relationship.entity_case.create,True,neon.bp.governed-request.create.v1,True,registered: domain admission still required,owning BP2 domain package,server/apps/platform-host/src/composition/register-services.ts
active,business_partner_banking,read,neon.business_partner_banking.read,True,neon.business_partner_banking.read.v1,False,unavailable through generic dispatch; may have separate domain route,owning BP2 domain package,server/apps/platform-host/src/composition/register-services.ts
active,business_partner_banking,request_change,neon.relationship.entity_case.create,True,neon.bp.governed-request.create.v1,True,registered: domain admission still required,owning BP2 domain package,server/apps/platform-host/src/composition/register-services.ts
active,business_partner_banking,reveal,neon.relationship.business_partner_bank.reveal,True,neon.bp.bank.reveal.v1,False,unavailable through generic dispatch; may have separate domain route,owning BP2 domain package,server/apps/platform-host/src/composition/register-services.ts
active,business_partner_commodity_capability,read,neon.business_partner_commodity_capability.read,True,neon.business_partner_commodity_capability.read.v1,False,unavailable through generic dispatch; may have separate domain route,owning BP2 domain package,server/apps/platform-host/src/composition/register-services.ts
active,business_partner_commodity_capability,request_change,neon.relationship.entity_case.create,True,neon.bp.governed-request.create.v1,True,registered: domain admission still required,owning BP2 domain package,server/apps/platform-host/src/composition/register-services.ts
active,business_partner_governance_relation,read,neon.business_partner_governance_relation.read,True,neon.business_partner_governance_relation.read.v1,False,unavailable through generic dispatch; may have separate domain route,owning BP2 domain package,server/apps/platform-host/src/composition/register-services.ts
active,business_partner_governance_relation,request_change,neon.relationship.entity_case.create,True,neon.bp.governed-request.create.v1,True,registered: domain admission still required,owning BP2 domain package,server/apps/platform-host/src/composition/register-services.ts
active,business_partner_identifier,read,neon.business_partner_identifier.read,True,neon.business_partner_identifier.read.v1,False,unavailable through generic dispatch; may have separate domain route,owning BP2 domain package,server/apps/platform-host/src/composition/register-services.ts
active,business_partner_identifier,request_change,neon.relationship.entity_case.create,True,neon.bp.governed-request.create.v1,True,registered: domain admission still required,owning BP2 domain package,server/apps/platform-host/src/composition/register-services.ts
active,business_partner_industry_classification,read,neon.business_partner_industry_classification.read,True,neon.business_partner_industry_classification.read.v1,False,unavailable through generic dispatch; may have separate domain route,owning BP2 domain package,server/apps/platform-host/src/composition/register-services.ts
active,business_partner_industry_classification,request_change,neon.relationship.entity_case.create,True,neon.bp.governed-request.create.v1,True,registered: domain admission still required,owning BP2 domain package,server/apps/platform-host/src/composition/register-services.ts
active,business_partner_operating_organization_assignment,read,neon.business_partner_operating_organization_assignment.read,True,neon.business_partner_operating_organization_assignment.read.v1,False,unavailable through generic dispatch; may have separate domain route,owning BP2 domain package,server/apps/platform-host/src/composition/register-services.ts
active,business_partner_operating_organization_assignment,request_change,neon.relationship.entity_case.create,True,neon.bp.governed-request.create.v1,True,registered: domain admission still required,owning BP2 domain package,server/apps/platform-host/src/composition/register-services.ts
active,business_partner_qualification,read,neon.business_partner_qualification.read,True,neon.business_partner_qualification.read.v1,False,unavailable through generic dispatch; may have separate domain route,owning BP2 domain package,server/apps/platform-host/src/composition/register-services.ts
active,business_partner_qualification,request_change,neon.relationship.entity_case.create,True,neon.bp.governed-request.create.v1,True,registered: domain admission still required,owning BP2 domain package,server/apps/platform-host/src/composition/register-services.ts
active,business_partner_relationship,read,neon.relationship.business_partner_network.read,True,neon.bp.section.network.v1,False,unavailable through generic dispatch; may have separate domain route,owning BP2 domain package,server/apps/platform-host/src/composition/register-services.ts
active,business_partner_relationship,request_change,neon.relationship.entity_case.create,True,neon.bp.governed-request.create.v1,True,registered: domain admission still required,owning BP2 domain package,server/apps/platform-host/src/composition/register-services.ts
active,business_partner_request,read,neon.business_partner_request.read,True,neon.business_partner_request.read.v1,False,unavailable through generic dispatch; may have separate domain route,BF-04,server/apps/platform-host/src/composition/register-services.ts
active,business_partner_request,create_draft,neon.business_partner_request.create_draft,True,neon.business_partner_request.create_draft.v1,False,unavailable through generic dispatch; may have separate domain route,BF-04,server/apps/platform-host/src/composition/register-services.ts
active,business_partner_request,save_draft,neon.business_partner_request.save_draft,True,neon.business_partner_request.save_draft.v1,False,unavailable through generic dispatch; may have separate domain route,BF-04,server/apps/platform-host/src/composition/register-services.ts
active,business_partner_request,submit,neon.relationship.entity_case.submit,True,neon.bp.governed-request.submit.v1,True,registered: domain admission still required,BF-04,server/apps/platform-host/src/composition/register-services.ts
active,business_partner_request,return,neon.business_partner_request.return,True,neon.business_partner_request.return.v1,False,unavailable through generic dispatch; may have separate domain route,BF-04,server/apps/platform-host/src/composition/register-services.ts
active,business_partner_request,reject,neon.business_partner_request.reject,True,neon.business_partner_request.reject.v1,False,unavailable through generic dispatch; may have separate domain route,BF-04,server/apps/platform-host/src/composition/register-services.ts
active,business_partner_request,approve,neon.business_partner_request.approve,True,neon.business_partner_request.approve.v1,False,unavailable through generic dispatch; may have separate domain route,BF-04,server/apps/platform-host/src/composition/register-services.ts
active,business_partner_request,materialize,neon.relationship.entity_case.materialize,True,neon.bp.governed-request.materialize.v1,True,registered: domain admission still required,BF-04,server/apps/platform-host/src/composition/register-services.ts
active,business_partner_tax_registration,read,neon.business_partner_tax_registration.read,True,neon.business_partner_tax_registration.read.v1,False,unavailable through generic dispatch; may have separate domain route,owning BP2 domain package,server/apps/platform-host/src/composition/register-services.ts
active,business_partner_tax_registration,request_change,neon.relationship.entity_case.create,True,neon.bp.governed-request.create.v1,True,registered: domain admission still required,owning BP2 domain package,server/apps/platform-host/src/composition/register-services.ts
active,business_partner_tax_registration,reveal,neon.relationship.business_partner_tax.reveal,True,neon.bp.tax.reveal.v1,False,unavailable through generic dispatch; may have separate domain route,owning BP2 domain package,server/apps/platform-host/src/composition/register-services.ts
active,certification,read,neon.certification.read,True,neon.certification.read.v1,False,unavailable through generic dispatch; may have separate domain route,owning BP2 domain package,server/apps/platform-host/src/composition/register-services.ts
active,certification,request_change,neon.relationship.entity_case.create,True,neon.bp.governed-request.create.v1,True,registered: domain admission still required,owning BP2 domain package,server/apps/platform-host/src/composition/register-services.ts
active,contact_person,read,neon.contact_person.read,True,neon.contact_person.read.v1,False,unavailable through generic dispatch; may have separate domain route,owning BP2 domain package,server/apps/platform-host/src/composition/register-services.ts
active,contact_person,request_change,neon.relationship.entity_case.create,True,neon.bp.governed-request.create.v1,True,registered: domain admission still required,owning BP2 domain package,server/apps/platform-host/src/composition/register-services.ts
active,customer,read,neon.customer.read,True,neon.customer.read.v1,False,unavailable through generic dispatch; may have separate domain route,owning BP2 domain package,server/apps/platform-host/src/composition/register-services.ts
active,customer,request_change,neon.relationship.entity_case.create,True,neon.bp.governed-request.create.v1,True,registered: domain admission still required,owning BP2 domain package,server/apps/platform-host/src/composition/register-services.ts
active,customer_company_profile,read,neon.customer_company_profile.read,True,neon.customer_company_profile.read.v1,False,unavailable through generic dispatch; may have separate domain route,owning BP2 domain package,server/apps/platform-host/src/composition/register-services.ts
active,customer_company_profile,request_change,neon.relationship.entity_case.create,True,neon.bp.governed-request.create.v1,True,registered: domain admission still required,owning BP2 domain package,server/apps/platform-host/src/composition/register-services.ts
active,supplier,read,neon.supplier.read,True,neon.supplier.read.v1,False,unavailable through generic dispatch; may have separate domain route,owning BP2 domain package,server/apps/platform-host/src/composition/register-services.ts
active,supplier,request_change,neon.relationship.entity_case.create,True,neon.bp.governed-request.create.v1,True,registered: domain admission still required,owning BP2 domain package,server/apps/platform-host/src/composition/register-services.ts
active,supplier_company_profile,read,neon.supplier_company_profile.read,True,neon.supplier_company_profile.read.v1,False,unavailable through generic dispatch; may have separate domain route,owning BP2 domain package,server/apps/platform-host/src/composition/register-services.ts
active,supplier_company_profile,request_change,neon.relationship.entity_case.create,True,neon.bp.governed-request.create.v1,True,registered: domain admission still required,owning BP2 domain package,server/apps/platform-host/src/composition/register-services.ts
active,workforce,read,neon.workforce.read,True,neon.workforce.read.v1,False,unavailable through generic dispatch; may have separate domain route,owning BP2 domain package,server/apps/platform-host/src/composition/register-services.ts
active,workforce,request_change,neon.relationship.entity_case.create,True,neon.bp.governed-request.create.v1,True,registered: domain admission still required,owning BP2 domain package,server/apps/platform-host/src/composition/register-services.ts
