origin,artifact,core_ref,renderer,binding_kind,runtime_handler,field_keys,child_core_refs,browser_contract,server_projection,browser_parser
draft,address/presentation.section,address/core,platform.postal-address.v1,,,line1; line2; city; postal_code; country_code; validation_status,,EntityRuntimeSectionResource.presentation.fields/childCollections and typed data; service projection must match keys,server/packages/platform/experience/src/entity-section-service.ts:browserSectionPresentation,packages/platform/entity/runtime/form-detail/src/compiled-section-content.tsx:CompiledEntitySectionContent
draft,business_partner/presentation.section.activity,,platform.activity-timeline.v1,registered_service,neon.bp.section.activity.v1,,,EntityRuntimeSectionResource.presentation.fields/childCollections and typed data; service projection must match keys,server/packages/platform/experience/src/entity-section-service.ts:browserSectionPresentation,packages/platform/entity/runtime/form-detail/src/compiled-section-content.tsx:CompiledEntitySectionContent
draft,business_partner/presentation.section.addresses,address_link/core,platform.postal-address.v1,registered_service,neon.bp.section.addresses.v1,owner_type_id; owner_id; address_id; purpose; role_qualifier; attention_line; usage_status; usage_denied_reason_code; is_primary; effective_from; effective_until,,EntityRuntimeSectionResource.presentation.fields/childCollections and typed data; service projection must match keys,server/packages/platform/experience/src/entity-section-service.ts:browserSectionPresentation,packages/platform/entity/runtime/form-detail/src/compiled-section-content.tsx:CompiledEntitySectionContent
draft,business_partner/presentation.section.attachments,,platform.attachments.v1,,platform.attachments.v1,,,EntityRuntimeSectionResource.presentation.fields/childCollections and typed data; service projection must match keys,server/packages/platform/experience/src/entity-section-service.ts:browserSectionPresentation,packages/platform/entity/runtime/form-detail/src/compiled-section-content.tsx:CompiledEntitySectionContent
draft,business_partner/presentation.section.banking,business_partner_banking/core,platform.related-collection.v1,registered_service,neon.bp.section.banking.v1,account_holder_name; account_last4; currency_code; is_verified,,EntityRuntimeSectionResource.presentation.fields/childCollections and typed data; service projection must match keys,server/packages/platform/experience/src/entity-section-service.ts:browserSectionPresentation,packages/platform/entity/runtime/form-detail/src/compiled-section-content.tsx:CompiledEntitySectionContent
draft,business_partner/presentation.section.business-activity,business_partner/core,platform.related-collection.v1,registered_service,neon.bp.section.business-activity.v1,,business_partner_industry_classification/core.json; business_partner_commodity_capability/core.json,EntityRuntimeSectionResource.presentation.fields/childCollections and typed data; service projection must match keys,server/packages/platform/experience/src/entity-section-service.ts:browserSectionPresentation,packages/platform/entity/runtime/form-detail/src/compiled-section-content.tsx:CompiledEntitySectionContent
draft,business_partner/presentation.section.comments,,platform.comments.v1,,platform.comments.v1,,,EntityRuntimeSectionResource.presentation.fields/childCollections and typed data; service projection must match keys,server/packages/platform/experience/src/entity-section-service.ts:browserSectionPresentation,packages/platform/entity/runtime/form-detail/src/compiled-section-content.tsx:CompiledEntitySectionContent
draft,business_partner/presentation.section.contacts,contact_person/core,platform.related-collection.v1,registered_service,neon.bp.section.contacts.v1,,contact_person/core.json,EntityRuntimeSectionResource.presentation.fields/childCollections and typed data; service projection must match keys,server/packages/platform/experience/src/entity-section-service.ts:browserSectionPresentation,packages/platform/entity/runtime/form-detail/src/compiled-section-content.tsx:CompiledEntitySectionContent
draft,business_partner/presentation.section.credit,customer/core,platform.related-collection.v1,registered_service,neon.bp.section.credit.v1,business_partner_id; status,,EntityRuntimeSectionResource.presentation.fields/childCollections and typed data; service projection must match keys,server/packages/platform/experience/src/entity-section-service.ts:browserSectionPresentation,packages/platform/entity/runtime/form-detail/src/compiled-section-content.tsx:CompiledEntitySectionContent
draft,business_partner/presentation.section.customer-company,customer_company_profile/core,platform.related-collection.v1,registered_service,neon.bp.section.customer-company.v1,customer_id; company_code_id; currency_code; payment_term_id; statement_cycle_code; status,,EntityRuntimeSectionResource.presentation.fields/childCollections and typed data; service projection must match keys,server/packages/platform/experience/src/entity-section-service.ts:browserSectionPresentation,packages/platform/entity/runtime/form-detail/src/compiled-section-content.tsx:CompiledEntitySectionContent
draft,business_partner/presentation.section.identifiers-tax,business_partner_identifier/core,platform.related-collection.v1,registered_service,neon.bp.section.identifiers-tax.v1,,business_partner_identifier/core.json; business_partner_tax_registration/core.json,EntityRuntimeSectionResource.presentation.fields/childCollections and typed data; service projection must match keys,server/packages/platform/experience/src/entity-section-service.ts:browserSectionPresentation,packages/platform/entity/runtime/form-detail/src/compiled-section-content.tsx:CompiledEntitySectionContent
draft,business_partner/presentation.section.identity,business_partner/core,platform.fields.v1,registered_service,neon.bp.section.identity.v1,code; name; registration_country_code; partner_category; ownership_class; legal_form_value_id; incorporation_date; website_url; description; status; record_version,business_partner_alias/core.json,EntityRuntimeSectionResource.presentation.fields/childCollections and typed data; service projection must match keys,server/packages/platform/experience/src/entity-section-service.ts:browserSectionPresentation,packages/platform/entity/runtime/form-detail/src/compiled-section-content.tsx:CompiledEntitySectionContent
draft,business_partner/presentation.section.network,business_partner/core,platform.related-collection.v1,registered_service,neon.bp.section.network.v1,,business_partner_relationship/core.json; business_partner_governance_relation/core.json,EntityRuntimeSectionResource.presentation.fields/childCollections and typed data; service projection must match keys,server/packages/platform/experience/src/entity-section-service.ts:browserSectionPresentation,packages/platform/entity/runtime/form-detail/src/compiled-section-content.tsx:CompiledEntitySectionContent
draft,business_partner/presentation.section.overview,business_partner/core,platform.fields.v1,registered_service,neon.bp.section.overview.v1,code; name; registration_country_code; partner_category; ownership_class; legal_form_value_id; incorporation_date; website_url; description; status; record_version; business_type_value_id; founded_year; employee_count; employee_count_as_of; employee_count_scope,,EntityRuntimeSectionResource.presentation.fields/childCollections and typed data; service projection must match keys,server/packages/platform/experience/src/entity-section-service.ts:browserSectionPresentation,packages/platform/entity/runtime/form-detail/src/compiled-section-content.tsx:CompiledEntitySectionContent
draft,business_partner/presentation.section.qualifications-certificates,business_partner_qualification/core,platform.related-collection.v1,registered_service,neon.bp.section.qualifications-certificates.v1,,business_partner_qualification/core.json; certification/core.json,EntityRuntimeSectionResource.presentation.fields/childCollections and typed data; service projection must match keys,server/packages/platform/experience/src/entity-section-service.ts:browserSectionPresentation,packages/platform/entity/runtime/form-detail/src/compiled-section-content.tsx:CompiledEntitySectionContent
draft,business_partner/presentation.section.requests,business_partner_request/core,platform.related-collection.v1,registered_service,neon.bp.section.requests.v1,request_no; request_kind; status; target_business_partner_id,,EntityRuntimeSectionResource.presentation.fields/childCollections and typed data; service projection must match keys,server/packages/platform/experience/src/entity-section-service.ts:browserSectionPresentation,packages/platform/entity/runtime/form-detail/src/compiled-section-content.tsx:CompiledEntitySectionContent
draft,business_partner/presentation.section.roles-scope,business_partner_operating_organization_assignment/core,platform.related-collection.v1,registered_service,neon.bp.section.roles-scope.v1,,supplier/core.json; customer/core.json; business_partner_operating_organization_assignment/core.json,EntityRuntimeSectionResource.presentation.fields/childCollections and typed data; service projection must match keys,server/packages/platform/experience/src/entity-section-service.ts:browserSectionPresentation,packages/platform/entity/runtime/form-detail/src/compiled-section-content.tsx:CompiledEntitySectionContent
draft,business_partner/presentation.section.supplier-company,supplier_company_profile/core,platform.related-collection.v1,registered_service,neon.bp.section.supplier-company.v1,supplier_id; company_code_id; currency_code; payment_term_id; status,,EntityRuntimeSectionResource.presentation.fields/childCollections and typed data; service projection must match keys,server/packages/platform/experience/src/entity-section-service.ts:browserSectionPresentation,packages/platform/entity/runtime/form-detail/src/compiled-section-content.tsx:CompiledEntitySectionContent
draft,business_partner/presentation.section.workforce,workforce/core,platform.related-collection.v1,registered_service,neon.bp.section.workforce.v1,employee_number; display_name; employment_type; company_code_id; status,,EntityRuntimeSectionResource.presentation.fields/childCollections and typed data; service projection must match keys,server/packages/platform/experience/src/entity-section-service.ts:browserSectionPresentation,packages/platform/entity/runtime/form-detail/src/compiled-section-content.tsx:CompiledEntitySectionContent
draft,business_partner_request/presentation.section.capture,,platform.request-capture.v1,,neon.request.capture.v1,,,EntityRuntimeSectionResource.presentation.fields/childCollections and typed data; service projection must match keys,server/packages/platform/experience/src/entity-section-service.ts:browserSectionPresentation,packages/platform/entity/runtime/form-detail/src/compiled-section-content.tsx:CompiledEntitySectionContent
draft,business_partner_request/presentation.section.evidence,,platform.request-evidence.v1,,neon.request.evidence.v1,,,EntityRuntimeSectionResource.presentation.fields/childCollections and typed data; service projection must match keys,server/packages/platform/experience/src/entity-section-service.ts:browserSectionPresentation,packages/platform/entity/runtime/form-detail/src/compiled-section-content.tsx:CompiledEntitySectionContent
draft,business_partner_request/presentation.section.form.customerCredit,,platform.form.v1,,,,,EntityRuntimeSectionResource.presentation.fields/childCollections and typed data; service projection must match keys,server/packages/platform/experience/src/entity-section-service.ts:browserSectionPresentation,packages/platform/entity/runtime/form-detail/src/compiled-section-content.tsx:CompiledEntitySectionContent
draft,business_partner_request/presentation.section.form.request,,platform.form.v1,,,,,EntityRuntimeSectionResource.presentation.fields/childCollections and typed data; service projection must match keys,server/packages/platform/experience/src/entity-section-service.ts:browserSectionPresentation,packages/platform/entity/runtime/form-detail/src/compiled-section-content.tsx:CompiledEntitySectionContent
draft,business_partner_request/presentation.section.form.supplierQualification,,platform.form.v1,,,,,EntityRuntimeSectionResource.presentation.fields/childCollections and typed data; service projection must match keys,server/packages/platform/experience/src/entity-section-service.ts:browserSectionPresentation,packages/platform/entity/runtime/form-detail/src/compiled-section-content.tsx:CompiledEntitySectionContent
draft,business_partner_request/presentation.section.form.supplierRequest,,platform.form.v1,,,,,EntityRuntimeSectionResource.presentation.fields/childCollections and typed data; service projection must match keys,server/packages/platform/experience/src/entity-section-service.ts:browserSectionPresentation,packages/platform/entity/runtime/form-detail/src/compiled-section-content.tsx:CompiledEntitySectionContent
draft,business_partner_request/presentation.section.form.workforceReview,,platform.form.v1,,,,,EntityRuntimeSectionResource.presentation.fields/childCollections and typed data; service projection must match keys,server/packages/platform/experience/src/entity-section-service.ts:browserSectionPresentation,packages/platform/entity/runtime/form-detail/src/compiled-section-content.tsx:CompiledEntitySectionContent
active,address/presentation.section,address/core,platform.postal-address.v1,,,line1; line2; city; postal_code; country_code; validation_status,,EntityRuntimeSectionResource.presentation.fields/childCollections and typed data; service projection must match keys,server/packages/platform/experience/src/entity-section-service.ts:browserSectionPresentation,packages/platform/entity/runtime/form-detail/src/compiled-section-content.tsx:CompiledEntitySectionContent
active,business_partner/presentation.section.activity,,platform.activity-timeline.v1,registered_service,neon.bp.section.activity.v1,,,EntityRuntimeSectionResource.presentation.fields/childCollections and typed data; service projection must match keys,server/packages/platform/experience/src/entity-section-service.ts:browserSectionPresentation,packages/platform/entity/runtime/form-detail/src/compiled-section-content.tsx:CompiledEntitySectionContent
active,business_partner/presentation.section.addresses,address_link/core,platform.postal-address.v1,registered_service,neon.bp.section.addresses.v1,owner_type_id; owner_id; address_id; purpose; role_qualifier; attention_line; usage_status; usage_denied_reason_code; is_primary; effective_from; effective_until,,EntityRuntimeSectionResource.presentation.fields/childCollections and typed data; service projection must match keys,server/packages/platform/experience/src/entity-section-service.ts:browserSectionPresentation,packages/platform/entity/runtime/form-detail/src/compiled-section-content.tsx:CompiledEntitySectionContent
active,business_partner/presentation.section.attachments,,platform.attachments.v1,,platform.attachments.v1,,,EntityRuntimeSectionResource.presentation.fields/childCollections and typed data; service projection must match keys,server/packages/platform/experience/src/entity-section-service.ts:browserSectionPresentation,packages/platform/entity/runtime/form-detail/src/compiled-section-content.tsx:CompiledEntitySectionContent
active,business_partner/presentation.section.banking,business_partner_banking/core,platform.related-collection.v1,registered_service,neon.bp.section.banking.v1,account_holder_name; account_last4; currency_code; is_verified,,EntityRuntimeSectionResource.presentation.fields/childCollections and typed data; service projection must match keys,server/packages/platform/experience/src/entity-section-service.ts:browserSectionPresentation,packages/platform/entity/runtime/form-detail/src/compiled-section-content.tsx:CompiledEntitySectionContent
active,business_partner/presentation.section.business-activity,business_partner/core,platform.related-collection.v1,registered_service,neon.bp.section.business-activity.v1,,business_partner_industry_classification/core.json; business_partner_commodity_capability/core.json,EntityRuntimeSectionResource.presentation.fields/childCollections and typed data; service projection must match keys,server/packages/platform/experience/src/entity-section-service.ts:browserSectionPresentation,packages/platform/entity/runtime/form-detail/src/compiled-section-content.tsx:CompiledEntitySectionContent
active,business_partner/presentation.section.comments,,platform.comments.v1,,platform.comments.v1,,,EntityRuntimeSectionResource.presentation.fields/childCollections and typed data; service projection must match keys,server/packages/platform/experience/src/entity-section-service.ts:browserSectionPresentation,packages/platform/entity/runtime/form-detail/src/compiled-section-content.tsx:CompiledEntitySectionContent
active,business_partner/presentation.section.contacts,contact_person/core,platform.related-collection.v1,registered_service,neon.bp.section.contacts.v1,,contact_person/core.json,EntityRuntimeSectionResource.presentation.fields/childCollections and typed data; service projection must match keys,server/packages/platform/experience/src/entity-section-service.ts:browserSectionPresentation,packages/platform/entity/runtime/form-detail/src/compiled-section-content.tsx:CompiledEntitySectionContent
active,business_partner/presentation.section.credit,customer/core,platform.related-collection.v1,registered_service,neon.bp.section.credit.v1,business_partner_id; status,,EntityRuntimeSectionResource.presentation.fields/childCollections and typed data; service projection must match keys,server/packages/platform/experience/src/entity-section-service.ts:browserSectionPresentation,packages/platform/entity/runtime/form-detail/src/compiled-section-content.tsx:CompiledEntitySectionContent
active,business_partner/presentation.section.customer-company,customer_company_profile/core,platform.related-collection.v1,registered_service,neon.bp.section.customer-company.v1,customer_id; company_code_id; currency_code; payment_term_id; statement_cycle_code; status,,EntityRuntimeSectionResource.presentation.fields/childCollections and typed data; service projection must match keys,server/packages/platform/experience/src/entity-section-service.ts:browserSectionPresentation,packages/platform/entity/runtime/form-detail/src/compiled-section-content.tsx:CompiledEntitySectionContent
active,business_partner/presentation.section.identifiers-tax,business_partner_identifier/core,platform.related-collection.v1,registered_service,neon.bp.section.identifiers-tax.v1,,business_partner_identifier/core.json; business_partner_tax_registration/core.json,EntityRuntimeSectionResource.presentation.fields/childCollections and typed data; service projection must match keys,server/packages/platform/experience/src/entity-section-service.ts:browserSectionPresentation,packages/platform/entity/runtime/form-detail/src/compiled-section-content.tsx:CompiledEntitySectionContent
active,business_partner/presentation.section.identity,business_partner/core,platform.fields.v1,registered_service,neon.bp.section.identity.v1,code; name; registration_country_code; partner_category; ownership_class; legal_form_value_id; incorporation_date; website_url; description; status; record_version,business_partner_alias/core.json,EntityRuntimeSectionResource.presentation.fields/childCollections and typed data; service projection must match keys,server/packages/platform/experience/src/entity-section-service.ts:browserSectionPresentation,packages/platform/entity/runtime/form-detail/src/compiled-section-content.tsx:CompiledEntitySectionContent
active,business_partner/presentation.section.network,business_partner/core,platform.related-collection.v1,registered_service,neon.bp.section.network.v1,,business_partner_relationship/core.json; business_partner_governance_relation/core.json,EntityRuntimeSectionResource.presentation.fields/childCollections and typed data; service projection must match keys,server/packages/platform/experience/src/entity-section-service.ts:browserSectionPresentation,packages/platform/entity/runtime/form-detail/src/compiled-section-content.tsx:CompiledEntitySectionContent
active,business_partner/presentation.section.overview,business_partner/core,platform.fields.v1,registered_service,neon.bp.section.overview.v1,code; name; registration_country_code; partner_category; ownership_class; legal_form_value_id; incorporation_date; website_url; description; status; record_version; business_type_value_id; founded_year; employee_count; employee_count_as_of; employee_count_scope,,EntityRuntimeSectionResource.presentation.fields/childCollections and typed data; service projection must match keys,server/packages/platform/experience/src/entity-section-service.ts:browserSectionPresentation,packages/platform/entity/runtime/form-detail/src/compiled-section-content.tsx:CompiledEntitySectionContent
active,business_partner/presentation.section.qualifications-certificates,business_partner_qualification/core,platform.related-collection.v1,registered_service,neon.bp.section.qualifications-certificates.v1,,business_partner_qualification/core.json; certification/core.json,EntityRuntimeSectionResource.presentation.fields/childCollections and typed data; service projection must match keys,server/packages/platform/experience/src/entity-section-service.ts:browserSectionPresentation,packages/platform/entity/runtime/form-detail/src/compiled-section-content.tsx:CompiledEntitySectionContent
active,business_partner/presentation.section.requests,business_partner_request/core,platform.related-collection.v1,registered_service,neon.bp.section.requests.v1,request_no; request_kind; status; target_business_partner_id,,EntityRuntimeSectionResource.presentation.fields/childCollections and typed data; service projection must match keys,server/packages/platform/experience/src/entity-section-service.ts:browserSectionPresentation,packages/platform/entity/runtime/form-detail/src/compiled-section-content.tsx:CompiledEntitySectionContent
active,business_partner/presentation.section.roles-scope,business_partner_operating_organization_assignment/core,platform.related-collection.v1,registered_service,neon.bp.section.roles-scope.v1,,supplier/core.json; customer/core.json; business_partner_operating_organization_assignment/core.json,EntityRuntimeSectionResource.presentation.fields/childCollections and typed data; service projection must match keys,server/packages/platform/experience/src/entity-section-service.ts:browserSectionPresentation,packages/platform/entity/runtime/form-detail/src/compiled-section-content.tsx:CompiledEntitySectionContent
active,business_partner/presentation.section.supplier-company,supplier_company_profile/core,platform.related-collection.v1,registered_service,neon.bp.section.supplier-company.v1,supplier_id; company_code_id; currency_code; payment_term_id; status,,EntityRuntimeSectionResource.presentation.fields/childCollections and typed data; service projection must match keys,server/packages/platform/experience/src/entity-section-service.ts:browserSectionPresentation,packages/platform/entity/runtime/form-detail/src/compiled-section-content.tsx:CompiledEntitySectionContent
active,business_partner/presentation.section.workforce,workforce/core,platform.related-collection.v1,registered_service,neon.bp.section.workforce.v1,employee_number; display_name; employment_type; company_code_id; status,,EntityRuntimeSectionResource.presentation.fields/childCollections and typed data; service projection must match keys,server/packages/platform/experience/src/entity-section-service.ts:browserSectionPresentation,packages/platform/entity/runtime/form-detail/src/compiled-section-content.tsx:CompiledEntitySectionContent
active,business_partner_request/presentation.section.capture,,platform.request-capture.v1,,neon.request.capture.v1,,,EntityRuntimeSectionResource.presentation.fields/childCollections and typed data; service projection must match keys,server/packages/platform/experience/src/entity-section-service.ts:browserSectionPresentation,packages/platform/entity/runtime/form-detail/src/compiled-section-content.tsx:CompiledEntitySectionContent
active,business_partner_request/presentation.section.evidence,,platform.request-evidence.v1,,neon.request.evidence.v1,,,EntityRuntimeSectionResource.presentation.fields/childCollections and typed data; service projection must match keys,server/packages/platform/experience/src/entity-section-service.ts:browserSectionPresentation,packages/platform/entity/runtime/form-detail/src/compiled-section-content.tsx:CompiledEntitySectionContent
active,business_partner_request/presentation.section.form.customerCredit,,platform.form.v1,,,,,EntityRuntimeSectionResource.presentation.fields/childCollections and typed data; service projection must match keys,server/packages/platform/experience/src/entity-section-service.ts:browserSectionPresentation,packages/platform/entity/runtime/form-detail/src/compiled-section-content.tsx:CompiledEntitySectionContent
active,business_partner_request/presentation.section.form.request,,platform.form.v1,,,,,EntityRuntimeSectionResource.presentation.fields/childCollections and typed data; service projection must match keys,server/packages/platform/experience/src/entity-section-service.ts:browserSectionPresentation,packages/platform/entity/runtime/form-detail/src/compiled-section-content.tsx:CompiledEntitySectionContent
active,business_partner_request/presentation.section.form.supplierQualification,,platform.form.v1,,,,,EntityRuntimeSectionResource.presentation.fields/childCollections and typed data; service projection must match keys,server/packages/platform/experience/src/entity-section-service.ts:browserSectionPresentation,packages/platform/entity/runtime/form-detail/src/compiled-section-content.tsx:CompiledEntitySectionContent
active,business_partner_request/presentation.section.form.supplierRequest,,platform.form.v1,,,,,EntityRuntimeSectionResource.presentation.fields/childCollections and typed data; service projection must match keys,server/packages/platform/experience/src/entity-section-service.ts:browserSectionPresentation,packages/platform/entity/runtime/form-detail/src/compiled-section-content.tsx:CompiledEntitySectionContent
active,business_partner_request/presentation.section.form.workforceReview,,platform.form.v1,,,,,EntityRuntimeSectionResource.presentation.fields/childCollections and typed data; service projection must match keys,server/packages/platform/experience/src/entity-section-service.ts:browserSectionPresentation,packages/platform/entity/runtime/form-detail/src/compiled-section-content.tsx:CompiledEntitySectionContent
