retired_table,current_authority,projection,owner,service_evidence
document.business_partner_request,document.entity_case; snapshot.entity_snapshot; snapshot.entity_snapshot_identity,case identity/status + typed proposal snapshot,BF-04,server/packages/services/master-data/src/kysely-business-partner-case-repository.ts
document.business_partner_request_address,snapshot.entity_snapshot,payload_json.relationshipProposals.addresses,BF-04,server/packages/services/master-data/src/kysely-business-partner-case-repository.ts
document.business_partner_request_certification,snapshot.entity_snapshot,payload_json.relationshipProposals.certifications,BF-04,server/packages/services/master-data/src/kysely-business-partner-case-repository.ts
document.business_partner_request_classification,snapshot.entity_snapshot,payload_json.relationshipProposals.classifications,BF-04,server/packages/services/master-data/src/kysely-business-partner-case-repository.ts
document.business_partner_request_contact_channel,snapshot.entity_snapshot,payload_json.relationshipProposals.contactChannels,BF-04,server/packages/services/master-data/src/kysely-business-partner-case-repository.ts
document.business_partner_request_contact_person,snapshot.entity_snapshot,payload_json.relationshipProposals.contactPersons,BF-04,server/packages/services/master-data/src/kysely-business-partner-case-repository.ts
document.business_partner_request_evidence,document.entity_case_command_evidence; snapshot.entity_snapshot,command/input/result evidence; preserve immutability,BF-04,server/packages/services/master-data/src/kysely-business-partner-case-repository.ts
document.business_partner_request_identifier,snapshot.entity_snapshot,payload_json.relationshipProposals.identifiers,BF-04,server/packages/services/master-data/src/kysely-business-partner-case-repository.ts
document.business_partner_request_materialization_item,document.entity_case_materialization; document.entity_case_command_evidence; snapshot.entity_snapshot,attempt and materialization proof; no revived item table,BF-04,server/packages/services/master-data/src/kysely-business-partner-case-repository.ts
document.business_partner_request_tax_registration,snapshot.entity_snapshot,payload_json.relationshipProposals.taxRegistrations,BF-04,server/packages/services/master-data/src/kysely-business-partner-case-repository.ts
document.business_partner_request_validation,document.entity_case_validation; snapshot.entity_snapshot,validation result pinned to evaluated snapshot,BF-04,server/packages/services/master-data/src/kysely-business-partner-case-repository.ts
