table,schema,ddl_file,create_line,source_lifecycle,drop_source,family,phase,recommendation,authored_core_examples,core_example_status,service_source_mentions,outgoing_declared_tables
shared.country,shared,server/db/ddl/common/shared/03_tables.sql,11,CREATE with no later DROP TABLE found,,Geography,P1,Reference entity/lookup; country-dependent state selector; preserve natural code values and country validation,metadata/products/mdg/entities/country/core.json,draft core example present; active release unverified,server/packages/adapters/database/athyper-postgres/dist/generated/kysely-studio/types.d.ts; server/packages/adapters/database/athyper-postgres/src/generated/kysely-studio/types.ts; server/packages/adapters/database/mesh-postgres/dist/generated/kysely-mesh/types.d.ts; server/packages/adapters/database/mesh-postgres/src/generated/kysely-mesh/types.ts; server/packages/adapters/database/neon-postgres/dist/generated/kysely/types.d.ts; server/packages/adapters/database/neon-postgres/src/generated/kysely/types.ts; server/packages/services/records/src/address-form-choices.ts; server/packages/services/records/src/bank-form-choices.ts,
shared.state_region,shared,server/db/ddl/common/shared/03_tables.sql,336,CREATE with no later DROP TABLE found,,Geography,P1,Reference entity/lookup; country-dependent state selector; preserve natural code values and country validation,,no direct storage binding in inspected New_Entity core examples; not proof of no other metadata,server/packages/adapters/database/athyper-postgres/dist/generated/kysely-studio/types.d.ts; server/packages/adapters/database/athyper-postgres/src/generated/kysely-studio/types.ts; server/packages/adapters/database/mesh-postgres/dist/generated/kysely-mesh/types.d.ts; server/packages/adapters/database/mesh-postgres/src/generated/kysely-mesh/types.ts; server/packages/adapters/database/neon-postgres/dist/generated/kysely/types.d.ts; server/packages/adapters/database/neon-postgres/src/generated/kysely/types.ts; server/packages/services/master-data/src/business-partner-request-capture.ts; server/packages/services/records/src/address-form-choices.ts,shared.country; shared.state_region
shared.language,shared,server/db/ddl/common/shared/03_tables.sql,160,CREATE with no later DROP TABLE found,,Language and regional reference,P1,Reference lookup where a real field consumes it; locale enablement stays governed; no localization implementation in this review,,no direct storage binding in inspected New_Entity core examples; not proof of no other metadata,server/packages/adapters/database/athyper-postgres/dist/generated/kysely-studio/types.d.ts; server/packages/adapters/database/athyper-postgres/src/generated/kysely-studio/types.ts; server/packages/adapters/database/mesh-postgres/dist/generated/kysely-mesh/types.d.ts; server/packages/adapters/database/mesh-postgres/src/generated/kysely-mesh/types.ts; server/packages/adapters/database/neon-postgres/dist/generated/kysely/types.d.ts; server/packages/adapters/database/neon-postgres/src/generated/kysely/types.ts,
shared.locale,shared,server/db/ddl/common/shared/03_tables.sql,203,CREATE with no later DROP TABLE found,,Language and regional reference,P1,Reference lookup where a real field consumes it; locale enablement stays governed; no localization implementation in this review,,no direct storage binding in inspected New_Entity core examples; not proof of no other metadata,server/packages/adapters/database/athyper-postgres/dist/generated/kysely-studio/types.d.ts; server/packages/adapters/database/athyper-postgres/src/generated/kysely-studio/types.ts; server/packages/adapters/database/mesh-postgres/dist/generated/kysely-mesh/types.d.ts; server/packages/adapters/database/mesh-postgres/src/generated/kysely-mesh/types.ts; server/packages/adapters/database/neon-postgres/dist/generated/kysely/types.d.ts; server/packages/adapters/database/neon-postgres/src/generated/kysely/types.ts,shared.country; shared.language
shared.timezone,shared,server/db/ddl/common/shared/03_tables.sql,247,CREATE with no later DROP TABLE found,,Language and regional reference,P1,Reference lookup where a real field consumes it; locale enablement stays governed; no localization implementation in this review,,no direct storage binding in inspected New_Entity core examples; not proof of no other metadata,server/packages/adapters/database/athyper-postgres/dist/generated/kysely-studio/types.d.ts; server/packages/adapters/database/athyper-postgres/src/generated/kysely-studio/types.ts; server/packages/adapters/database/mesh-postgres/dist/generated/kysely-mesh/types.d.ts; server/packages/adapters/database/mesh-postgres/src/generated/kysely-mesh/types.ts; server/packages/adapters/database/neon-postgres/dist/generated/kysely/types.d.ts; server/packages/adapters/database/neon-postgres/src/generated/kysely/types.ts,shared.timezone
shared.bank_branch,shared,server/db/ddl/common/shared/03_bank_master.sql,44,CREATE with no later DROP TABLE found,,Bank directory,P2,Read-only bank directory entities; institution-dependent branch/identifier lookup; retain source authority,,no direct storage binding in inspected New_Entity core examples; not proof of no other metadata,server/packages/adapters/database/athyper-postgres/dist/generated/kysely-studio/types.d.ts; server/packages/adapters/database/athyper-postgres/src/generated/kysely-studio/types.ts; server/packages/adapters/database/mesh-postgres/dist/generated/kysely-mesh/types.d.ts; server/packages/adapters/database/mesh-postgres/src/generated/kysely-mesh/types.ts; server/packages/adapters/database/neon-postgres/dist/generated/kysely/types.d.ts; server/packages/adapters/database/neon-postgres/src/generated/kysely/types.ts; server/packages/services/master-data/src/business-partner-request-capture.ts; server/packages/services/records/dist/bank-form-choices.d.ts; server/packages/services/records/src/bank-form-choices.ts,shared.bank_institution; shared.country
shared.bank_identifier,shared,server/db/ddl/common/shared/03_bank_master.sql,77,CREATE with no later DROP TABLE found,,Bank directory,P2,Read-only bank directory entities; institution-dependent branch/identifier lookup; retain source authority,,no direct storage binding in inspected New_Entity core examples; not proof of no other metadata,server/packages/adapters/database/athyper-postgres/dist/generated/kysely-studio/types.d.ts; server/packages/adapters/database/athyper-postgres/src/generated/kysely-studio/types.ts; server/packages/adapters/database/mesh-postgres/dist/generated/kysely-mesh/types.d.ts; server/packages/adapters/database/mesh-postgres/src/generated/kysely-mesh/types.ts; server/packages/adapters/database/neon-postgres/dist/generated/kysely/types.d.ts; server/packages/adapters/database/neon-postgres/src/generated/kysely/types.ts,shared.bank_branch; shared.bank_institution; shared.country
shared.bank_institution,shared,server/db/ddl/common/shared/03_bank_master.sql,13,CREATE with no later DROP TABLE found,,Bank directory,P2,Read-only bank directory entities; institution-dependent branch/identifier lookup; retain source authority,,no direct storage binding in inspected New_Entity core examples; not proof of no other metadata,server/packages/adapters/database/athyper-postgres/dist/generated/kysely-studio/types.d.ts; server/packages/adapters/database/athyper-postgres/src/generated/kysely-studio/types.ts; server/packages/adapters/database/mesh-postgres/dist/generated/kysely-mesh/types.d.ts; server/packages/adapters/database/mesh-postgres/src/generated/kysely-mesh/types.ts; server/packages/adapters/database/neon-postgres/dist/generated/kysely/types.d.ts; server/packages/adapters/database/neon-postgres/src/generated/kysely/types.ts; server/packages/services/master-data/src/business-partner-request-capture.ts; server/packages/services/records/dist/bank-form-choices.d.ts; server/packages/services/records/src/bank-form-choices.ts,shared.country
shared.classification_scheme,shared,server/db/ddl/common/shared/03_tables.sql,378,CREATE with no later DROP TABLE found,,Classification reference,P2,"Scheme/version-aware code lookup; crosswalks are subordinate mapping collections, not automatic remapping commands",,no direct storage binding in inspected New_Entity core examples; not proof of no other metadata,server/packages/adapters/database/athyper-postgres/dist/generated/kysely-studio/types.d.ts; server/packages/adapters/database/athyper-postgres/src/generated/kysely-studio/types.ts; server/packages/adapters/database/mesh-postgres/dist/generated/kysely-mesh/types.d.ts; server/packages/adapters/database/mesh-postgres/src/generated/kysely-mesh/types.ts; server/packages/adapters/database/neon-postgres/dist/generated/kysely/types.d.ts; server/packages/adapters/database/neon-postgres/src/generated/kysely/types.ts,
shared.commodity_code,shared,server/db/ddl/common/shared/03_tables.sql,417,CREATE with no later DROP TABLE found,,Classification reference,P2,"Scheme/version-aware code lookup; crosswalks are subordinate mapping collections, not automatic remapping commands",,no direct storage binding in inspected New_Entity core examples; not proof of no other metadata,server/packages/adapters/database/athyper-postgres/dist/generated/kysely-studio/types.d.ts; server/packages/adapters/database/athyper-postgres/src/generated/kysely-studio/types.ts; server/packages/adapters/database/mesh-postgres/dist/generated/kysely-mesh/types.d.ts; server/packages/adapters/database/mesh-postgres/src/generated/kysely-mesh/types.ts; server/packages/adapters/database/neon-postgres/dist/generated/kysely/types.d.ts; server/packages/adapters/database/neon-postgres/src/generated/kysely/types.ts; server/packages/planes/mesh/src/business-partner-profile-publication.ts; server/packages/services/master-data/src/kysely-business-partner-360-commercial-controls.ts,shared.classification_scheme; shared.commodity_code
shared.commodity_crosswalk,shared,server/db/ddl/common/shared/03_tables.sql,534,CREATE with no later DROP TABLE found,,Classification reference,P2,"Scheme/version-aware code lookup; crosswalks are subordinate mapping collections, not automatic remapping commands",,no direct storage binding in inspected New_Entity core examples; not proof of no other metadata,server/packages/adapters/database/athyper-postgres/dist/generated/kysely-studio/types.d.ts; server/packages/adapters/database/athyper-postgres/src/generated/kysely-studio/types.ts; server/packages/adapters/database/mesh-postgres/dist/generated/kysely-mesh/types.d.ts; server/packages/adapters/database/mesh-postgres/src/generated/kysely-mesh/types.ts; server/packages/adapters/database/neon-postgres/dist/generated/kysely/types.d.ts; server/packages/adapters/database/neon-postgres/src/generated/kysely/types.ts,shared.commodity_code
shared.currency,shared,server/db/ddl/common/shared/03_tables.sql,117,CREATE with no later DROP TABLE found,,Commercial reference,P1,Reuse existing currency reference reader; verify compiled core/publication coverage before proposing a new entity,,no direct storage binding in inspected New_Entity core examples; not proof of no other metadata,server/packages/adapters/database/athyper-postgres/dist/generated/kysely-studio/types.d.ts; server/packages/adapters/database/athyper-postgres/src/generated/kysely-studio/types.ts; server/packages/adapters/database/mesh-postgres/dist/generated/kysely-mesh/types.d.ts; server/packages/adapters/database/mesh-postgres/src/generated/kysely-mesh/types.ts; server/packages/adapters/database/neon-postgres/dist/generated/kysely/types.d.ts; server/packages/adapters/database/neon-postgres/src/generated/kysely/types.ts; server/packages/platform/control-admin/src/kysely-rounding-repository.ts; server/packages/services/finance/src/shared/kysely-finance-foundation.ts,
shared.industry_code,shared,server/db/ddl/common/shared/03_tables.sql,471,CREATE with no later DROP TABLE found,,Classification reference,P2,"Scheme/version-aware code lookup; crosswalks are subordinate mapping collections, not automatic remapping commands",,no direct storage binding in inspected New_Entity core examples; not proof of no other metadata,server/packages/adapters/database/athyper-postgres/dist/generated/kysely-studio/types.d.ts; server/packages/adapters/database/athyper-postgres/src/generated/kysely-studio/types.ts; server/packages/adapters/database/mesh-postgres/dist/generated/kysely-mesh/types.d.ts; server/packages/adapters/database/mesh-postgres/src/generated/kysely-mesh/types.ts; server/packages/adapters/database/neon-postgres/dist/generated/kysely/types.d.ts; server/packages/adapters/database/neon-postgres/src/generated/kysely/types.ts; server/packages/planes/mesh/src/business-partner-profile-publication.ts; server/packages/services/master-data/src/kysely-business-partner-360-sections.ts,shared.classification_scheme; shared.industry_code
shared.industry_crosswalk,shared,server/db/ddl/common/shared/03_tables.sql,605,CREATE with no later DROP TABLE found,,Classification reference,P2,"Scheme/version-aware code lookup; crosswalks are subordinate mapping collections, not automatic remapping commands",,no direct storage binding in inspected New_Entity core examples; not proof of no other metadata,server/packages/adapters/database/athyper-postgres/dist/generated/kysely-studio/types.d.ts; server/packages/adapters/database/athyper-postgres/src/generated/kysely-studio/types.ts; server/packages/adapters/database/mesh-postgres/dist/generated/kysely-mesh/types.d.ts; server/packages/adapters/database/mesh-postgres/src/generated/kysely-mesh/types.ts; server/packages/adapters/database/neon-postgres/dist/generated/kysely/types.d.ts; server/packages/adapters/database/neon-postgres/src/generated/kysely/types.ts,shared.industry_code
shared.uom,shared,server/db/ddl/common/shared/03_tables.sql,296,CREATE with no later DROP TABLE found,,Commercial reference,P2,Reference lookup for actual uom_code fields; workforce billing units are a separate constrained vocabulary,,no direct storage binding in inspected New_Entity core examples; not proof of no other metadata,server/packages/adapters/database/athyper-postgres/dist/generated/kysely-studio/types.d.ts; server/packages/adapters/database/athyper-postgres/src/generated/kysely-studio/types.ts; server/packages/adapters/database/mesh-postgres/dist/generated/kysely-mesh/types.d.ts; server/packages/adapters/database/mesh-postgres/src/generated/kysely-mesh/types.ts; server/packages/adapters/database/neon-postgres/dist/generated/kysely/types.d.ts; server/packages/adapters/database/neon-postgres/src/generated/kysely/types.ts,
master.bank_account_link,master,server/db/ddl/planes/neon/master/03_tables.sql,1361,CREATE with no later DROP TABLE found,,Banking graph,P2,Masked Banking projection with usage and company acceptance; verification/resolution through governed operations,,no direct storage binding in inspected New_Entity core examples; not proof of no other metadata,server/packages/adapters/database/neon-postgres/dist/generated/kysely/types.d.ts; server/packages/adapters/database/neon-postgres/src/generated/kysely/types.ts; server/packages/planes/neon/src/business-partner-account-bank-linkage.ts; server/packages/services/master-data/src/kysely-business-partner-360-bank-reveal.ts; server/packages/services/master-data/src/kysely-business-partner-360-commercial-controls.ts; server/packages/services/master-data/src/kysely-business-partner-360-repository.ts; server/packages/services/master-data/src/kysely-business-partner-eligibility-repository.ts,control.owner_type; master.bank_account; master.company_code; master.principal; master.tenant
master.bank_provisional_reference,master,server/db/ddl/planes/neon/master/03_tables.sql,1242,CREATE with no later DROP TABLE found,,Banking graph,P2,Masked Banking projection with usage and company acceptance; verification/resolution through governed operations,,no direct storage binding in inspected New_Entity core examples; not proof of no other metadata,server/packages/adapters/database/neon-postgres/dist/generated/kysely/types.d.ts; server/packages/adapters/database/neon-postgres/src/generated/kysely/types.ts,master.tenant; shared.bank_branch; shared.bank_institution; shared.country
master.bank_account_usage,master,server/db/ddl/planes/neon/master/15_bank_account_company_usage.sql,2,CREATE with no later DROP TABLE found,,Banking graph,P2,Masked Banking projection with usage and company acceptance; verification/resolution through governed operations,,no direct storage binding in inspected New_Entity core examples; not proof of no other metadata,server/packages/adapters/database/neon-postgres/dist/generated/kysely/types.d.ts; server/packages/adapters/database/neon-postgres/src/generated/kysely/types.ts; server/packages/planes/neon/src/business-partner-account-bank-linkage.ts; server/packages/services/master-data/src/kysely-business-partner-360-commercial-controls.ts,master.bank_account_link
master.bank_account_company_usage,master,server/db/ddl/planes/neon/master/15_bank_account_company_usage.sql,10,CREATE with no later DROP TABLE found,,Banking graph,P2,Masked Banking projection with usage and company acceptance; verification/resolution through governed operations,,no direct storage binding in inspected New_Entity core examples; not proof of no other metadata,server/packages/adapters/database/neon-postgres/dist/generated/kysely/types.d.ts; server/packages/adapters/database/neon-postgres/src/generated/kysely/types.ts; server/packages/planes/neon/src/business-partner-account-bank-linkage.ts; server/packages/services/master-data/src/kysely-business-partner-360-commercial-controls.ts; server/packages/services/master-data/src/kysely-business-partner-eligibility-repository.ts,master.bank_account_usage; master.company_code; master.principal
master.bank_account_house_config,master,server/db/ddl/planes/neon/master/03_tables.sql,1417,CREATE with no later DROP TABLE found,,House banking,Later/adjacent,"Internal-company treasury configuration; expose only where owner is an internal organization, not a supplier account",,no direct storage binding in inspected New_Entity core examples; not proof of no other metadata,server/packages/adapters/database/neon-postgres/dist/generated/kysely/types.d.ts; server/packages/adapters/database/neon-postgres/src/generated/kysely/types.ts,master.bank_account_link; master.company_code; master.gl_account; master.tenant
master.business_partner_alias,master,server/db/ddl/planes/neon/master/03_tables.sql,2054,CREATE with no later DROP TABLE found,,Identity and relationships,P2,Related collections under Identity/Relationships; registered governed commands; retain directional relation semantics,,no direct storage binding in inspected New_Entity core examples; not proof of no other metadata,server/packages/adapters/database/neon-postgres/dist/generated/kysely/types.d.ts; server/packages/adapters/database/neon-postgres/src/generated/kysely/types.ts; server/packages/planes/neon/src/business-partner-import.ts; server/packages/services/master-data/src/kysely-business-partner-360-sections.ts,master.business_partner; master.principal; shared.country
master.business_partner_relationship,master,server/db/ddl/planes/neon/master/03_tables.sql,4500,CREATE with no later DROP TABLE found,,Identity and relationships,P2,Related collections under Identity/Relationships; registered governed commands; retain directional relation semantics,,no direct storage binding in inspected New_Entity core examples; not proof of no other metadata,server/packages/adapters/database/neon-postgres/dist/generated/kysely/types.d.ts; server/packages/adapters/database/neon-postgres/src/generated/kysely/types.ts,master.business_partner; shared.country
master.legal_entity_internal_partner_link,master,server/db/ddl/planes/neon/master/03_tables.sql,4866,CREATE with no later DROP TABLE found,,Commercial scope,P2,Roles/scope and company-context sections; separate organizational authority and intercompany setup,,no direct storage binding in inspected New_Entity core examples; not proof of no other metadata,server/packages/adapters/database/neon-postgres/dist/generated/kysely/types.d.ts; server/packages/adapters/database/neon-postgres/src/generated/kysely/types.ts; server/packages/services/master-data/src/kysely-business-partner-360-repository.ts; server/packages/services/master-data/src/kysely-business-partner-360-role-sections.ts,master.business_partner; master.legal_entity
master.contact_person_identity_link,master,server/db/ddl/planes/neon/master/03_tables.sql,4942,CREATE with no later DROP TABLE found,,Address and contact graph,P1,"Link-aware related sections and child lookup metadata; preserve owner registry, tenant boundaries and contact verification",,no direct storage binding in inspected New_Entity core examples; not proof of no other metadata,server/packages/adapters/database/neon-postgres/dist/generated/kysely/types.d.ts; server/packages/adapters/database/neon-postgres/src/generated/kysely/types.ts; server/packages/platform/iam/src/customer-portal-delivery.ts,master.contact_person; master.person; master.principal
control.bank_account_validation_rule,control,server/db/ddl/common/control/03_tables.sql,602,CREATE with no later DROP TABLE found,,Bank validation configuration,P2,Internal validation policy/reference; not an editable partner section,,no direct storage binding in inspected New_Entity core examples; not proof of no other metadata,server/packages/adapters/database/athyper-postgres/dist/generated/kysely-studio/types.d.ts; server/packages/adapters/database/athyper-postgres/src/generated/kysely-studio/types.ts; server/packages/adapters/database/mesh-postgres/dist/generated/kysely-mesh/types.d.ts; server/packages/adapters/database/mesh-postgres/src/generated/kysely-mesh/types.ts; server/packages/adapters/database/neon-postgres/dist/generated/kysely/types.d.ts; server/packages/adapters/database/neon-postgres/src/generated/kysely/types.ts; server/packages/platform/control-admin/src/control-administration-ownership.ts; server/packages/platform/control-admin/src/kysely-bank-validation-repository.ts; server/packages/services/master-data/src/business-partner-request-capture.ts; server/packages/services/records/src/bank-form-choices.ts,shared.country; shared.currency
control.business_partner_block,control,server/db/ddl/planes/neon/control/03_tables.sql,413,CREATE with no later DROP TABLE found,,Governed commercial decisions,P2,MetaEntity read/detail surfaces and registered decide/revoke/lift operations; no generic writes to final decisions,,no direct storage binding in inspected New_Entity core examples; not proof of no other metadata,server/packages/adapters/database/neon-postgres/dist/generated/kysely/types.d.ts; server/packages/adapters/database/neon-postgres/src/generated/kysely/types.ts; server/packages/services/master-data/src/kysely-business-partner-360-commercial-controls.ts; server/packages/services/master-data/src/kysely-business-partner-eligibility-repository.ts,master.business_partner; master.company_code; master.operating_organization; master.principal; master.tenant
control.business_partner_decision_scope,control,server/db/ddl/planes/neon/control/03_tables.sql,2505,CREATE with no later DROP TABLE found,,Decision scope children,P2,Parent-owned include/exclude scope rows; authorize through the parent decision,,no direct storage binding in inspected New_Entity core examples; not proof of no other metadata,server/packages/adapters/database/neon-postgres/dist/generated/kysely/types.d.ts; server/packages/adapters/database/neon-postgres/src/generated/kysely/types.ts; server/packages/services/master-data/src/kysely-business-partner-360-commercial-controls.ts; server/packages/services/master-data/src/kysely-business-partner-360-repository.ts; server/packages/services/master-data/src/kysely-business-partner-360-role-sections.ts; server/packages/services/master-data/src/kysely-business-partner-eligibility-repository.ts,control.business_partner_qualification; control.customer_account_designation; control.customer_credit_review; control.supplier_preference_designation; master.commodity_category; master.company_code; master.operating_organization; master.org_unit; master.principal; master.tax_jurisdiction; shared.country
control.business_partner_mutation_evidence,control,server/db/ddl/planes/neon/control/03_tables.sql,2418,CREATE with no later DROP TABLE found,,Governance history,P2,Read-only timeline/evidence projection; mutation/service owner remains authoritative,,no direct storage binding in inspected New_Entity core examples; not proof of no other metadata,server/packages/adapters/database/neon-postgres/dist/generated/kysely/types.d.ts; server/packages/adapters/database/neon-postgres/src/generated/kysely/types.ts,master.business_partner; master.principal; master.tenant
control.business_partner_qualification,control,server/db/ddl/planes/neon/control/03_tables.sql,208,CREATE with no later DROP TABLE found,,Governed commercial decisions,P2,MetaEntity read/detail surfaces and registered decide/revoke/lift operations; no generic writes to final decisions,metadata/products/mdg/entities/business_partner_qualification/core.json,draft core example present; active release unverified,server/packages/adapters/database/neon-postgres/dist/generated/kysely/types.d.ts; server/packages/adapters/database/neon-postgres/src/generated/kysely/types.ts; server/packages/services/master-data/src/kysely-business-partner-360-commercial-controls.ts; server/packages/services/master-data/src/kysely-business-partner-360-repository.ts; server/packages/services/master-data/src/kysely-business-partner-eligibility-repository.ts,master.business_partner; master.business_partner_commodity_capability; master.company_code; master.operating_organization; master.party_risk_assessment; master.principal; master.tenant
master.address_event,master,server/db/ddl/common/master/03_platform_tables.sql,443,CREATE with no later DROP TABLE found,,Address history,P2,Read-only validation/history timeline; no generic create/update/delete,,no direct storage binding in inspected New_Entity core examples; not proof of no other metadata,server/packages/adapters/database/athyper-postgres/dist/generated/kysely-studio/types.d.ts; server/packages/adapters/database/athyper-postgres/src/generated/kysely-studio/types.ts; server/packages/adapters/database/mesh-postgres/dist/generated/kysely-mesh/types.d.ts; server/packages/adapters/database/mesh-postgres/src/generated/kysely-mesh/types.ts; server/packages/adapters/database/neon-postgres/dist/generated/kysely/types.d.ts; server/packages/adapters/database/neon-postgres/src/generated/kysely/types.ts; server/packages/services/master-data/src/kysely-business-partner-360-sections.ts,master.address; master.address_event; master.principal; master.tenant
control.customer_account_designation,control,server/db/ddl/planes/neon/control/03_tables.sql,347,CREATE with no later DROP TABLE found,,Governed commercial decisions,P2,MetaEntity read/detail surfaces and registered decide/revoke/lift operations; no generic writes to final decisions,,no direct storage binding in inspected New_Entity core examples; not proof of no other metadata,server/packages/adapters/database/neon-postgres/dist/generated/kysely/types.d.ts; server/packages/adapters/database/neon-postgres/src/generated/kysely/types.ts; server/packages/services/master-data/src/business-partner-request-validator.ts; server/packages/services/master-data/src/kysely-business-partner-360-role-sections.ts; server/packages/services/master-data/src/kysely-business-partner-eligibility-repository.ts,master.business_partner; master.company_code; master.customer; master.operating_organization; master.principal; master.tenant; shared.country
control.customer_credit_review,control,server/db/ddl/planes/neon/control/03_tables.sql,2367,CREATE with no later DROP TABLE found,,Governed commercial decisions,P2,MetaEntity read/detail surfaces and registered decide/revoke/lift operations; no generic writes to final decisions,,no direct storage binding in inspected New_Entity core examples; not proof of no other metadata,server/packages/adapters/database/neon-postgres/dist/generated/kysely/types.d.ts; server/packages/adapters/database/neon-postgres/src/generated/kysely/types.ts; server/packages/services/master-data/src/business-partner-request-validator.ts; server/packages/services/master-data/src/kysely-business-partner-360-commercial-controls.ts; server/packages/services/master-data/src/kysely-business-partner-360-repository.ts; server/packages/services/master-data/src/kysely-business-partner-eligibility-repository.ts,master.business_partner; master.company_code; master.customer; master.operating_organization; master.principal; master.tenant; shared.currency
control.customer_lifecycle_event,control,server/db/ddl/planes/neon/control/03_tables.sql,2459,CREATE with no later DROP TABLE found,,Governance history,P2,Read-only timeline/evidence projection; mutation/service owner remains authoritative,,no direct storage binding in inspected New_Entity core examples; not proof of no other metadata,server/packages/adapters/database/neon-postgres/dist/generated/kysely/types.d.ts; server/packages/adapters/database/neon-postgres/src/generated/kysely/types.ts; server/packages/platform/iam/src/customer-portal-delivery.ts,master.business_partner; master.company_code; master.customer; master.operating_organization; master.principal; master.tenant
control.external_workforce_rate,control,server/db/ddl/planes/neon/control/03_tables.sql,2589,CREATE with no later DROP TABLE found,,Supplier workforce pricing,P3,Company-governed rate-card entity with supplier-filtered child rows; preserve effective dates and constrained billing units,,no direct storage binding in inspected New_Entity core examples; not proof of no other metadata,server/packages/adapters/database/neon-postgres/dist/generated/kysely/types.d.ts; server/packages/adapters/database/neon-postgres/src/generated/kysely/types.ts,control.external_workforce_rate_card; master.job; master.principal; master.site; master.supplier; master.tenant
control.external_workforce_rate_card,control,server/db/ddl/planes/neon/control/03_tables.sql,2557,CREATE with no later DROP TABLE found,,Supplier workforce pricing,P3,Company-governed rate-card entity with supplier-filtered child rows; preserve effective dates and constrained billing units,,no direct storage binding in inspected New_Entity core examples; not proof of no other metadata,server/packages/adapters/database/neon-postgres/dist/generated/kysely/types.d.ts; server/packages/adapters/database/neon-postgres/src/generated/kysely/types.ts,master.company_code; master.principal; master.tenant
control.mesh_bank_account_disclosure_inbox,control,server/db/ddl/planes/neon/control/03_tables.sql,2268,CREATE with no later DROP TABLE found,,Neon integration internals,Internal,No generic BP entities; authorized status/reconciliation projection only; preserve replay/idempotency semantics,,no direct storage binding in inspected New_Entity core examples; not proof of no other metadata,server/packages/adapters/database/neon-postgres/dist/generated/kysely/types.d.ts; server/packages/adapters/database/neon-postgres/src/generated/kysely/types.ts; server/packages/planes/neon/src/business-partner-account-bank-linkage.ts,master.principal; master.tenant
control.mesh_bank_account_projection,control,server/db/ddl/planes/neon/control/03_tables.sql,2297,CREATE with no later DROP TABLE found,,Neon network projections,P3,Safe read-only Network/Banking provenance in Neon; acceptance via governed commands; no Mesh app implementation,,no direct storage binding in inspected New_Entity core examples; not proof of no other metadata,server/packages/adapters/database/neon-postgres/dist/generated/kysely/types.d.ts; server/packages/adapters/database/neon-postgres/src/generated/kysely/types.ts; server/packages/planes/neon/src/business-partner-account-bank-linkage.ts; server/packages/services/master-data/src/kysely-business-partner-360-commercial-controls.ts; server/packages/services/master-data/src/kysely-business-partner-360-network.ts; server/packages/services/master-data/src/kysely-business-partner-case-repository.ts,control.mesh_bank_account_disclosure_inbox; control.mesh_business_partner_account_link; master.principal; master.tenant; snapshot.mesh_bank_account_disclosure_received
control.mesh_business_partner_account_link,control,server/db/ddl/planes/neon/control/03_tables.sql,2228,CREATE with no later DROP TABLE found,,Neon network projections,P3,Safe read-only Network/Banking provenance in Neon; acceptance via governed commands; no Mesh app implementation,,no direct storage binding in inspected New_Entity core examples; not proof of no other metadata,server/packages/adapters/database/neon-postgres/dist/generated/kysely/types.d.ts; server/packages/adapters/database/neon-postgres/src/generated/kysely/types.ts; server/packages/planes/neon/src/business-partner-account-bank-linkage.ts; server/packages/services/master-data/src/kysely-business-partner-360-commercial-controls.ts; server/packages/services/master-data/src/kysely-business-partner-360-network.ts; server/packages/services/master-data/src/kysely-business-partner-360-repository.ts; server/packages/services/master-data/src/kysely-business-partner-case-repository.ts,control.mesh_business_partner_profile_projection; document.business_partner_request; master.business_partner; master.external_reference; master.principal; master.tenant
control.mesh_business_partner_profile_inbox,control,server/db/ddl/planes/neon/control/03_tables.sql,2068,CREATE with no later DROP TABLE found,,Neon integration internals,Internal,No generic BP entities; authorized status/reconciliation projection only; preserve replay/idempotency semantics,,no direct storage binding in inspected New_Entity core examples; not proof of no other metadata,server/packages/adapters/database/neon-postgres/dist/generated/kysely/types.d.ts; server/packages/adapters/database/neon-postgres/src/generated/kysely/types.ts; server/packages/planes/neon/src/business-partner-profile-projection.ts,master.principal; master.tenant
control.mesh_business_partner_profile_processing_attempt,control,server/db/ddl/planes/neon/control/03_tables.sql,2102,CREATE with no later DROP TABLE found,,Neon integration internals,Internal,No generic BP entities; authorized status/reconciliation projection only; preserve replay/idempotency semantics,,no direct storage binding in inspected New_Entity core examples; not proof of no other metadata,server/packages/adapters/database/neon-postgres/dist/generated/kysely/types.d.ts; server/packages/adapters/database/neon-postgres/src/generated/kysely/types.ts; server/packages/planes/neon/src/business-partner-profile-projection.ts,control.mesh_business_partner_profile_inbox; master.principal
control.mesh_business_partner_profile_projection,control,server/db/ddl/planes/neon/control/03_tables.sql,2197,CREATE with no later DROP TABLE found,,Neon network projections,P3,Safe read-only Network/Banking provenance in Neon; acceptance via governed commands; no Mesh app implementation,,no direct storage binding in inspected New_Entity core examples; not proof of no other metadata,server/packages/adapters/database/neon-postgres/dist/generated/kysely/types.d.ts; server/packages/adapters/database/neon-postgres/src/generated/kysely/types.ts; server/packages/planes/neon/src/business-partner-account-bank-linkage.ts; server/packages/planes/neon/src/business-partner-profile-match.ts; server/packages/planes/neon/src/business-partner-profile-projection.ts; server/packages/planes/neon/src/mesh-external-reference-code.ts; server/packages/services/master-data/src/kysely-business-partner-360-network.ts; server/packages/services/master-data/src/kysely-business-partner-case-repository.ts,control.mesh_business_partner_profile_inbox; master.principal; snapshot.mesh_business_partner_profile_received
control.mesh_workforce_claim_inbox,control,server/db/ddl/planes/neon/control/03_tables.sql,2128,CREATE with no later DROP TABLE found,,Neon integration internals,Internal,No generic BP entities; authorized status/reconciliation projection only; preserve replay/idempotency semantics,,no direct storage binding in inspected New_Entity core examples; not proof of no other metadata,server/packages/adapters/database/neon-postgres/dist/generated/kysely/types.d.ts; server/packages/adapters/database/neon-postgres/src/generated/kysely/types.ts,master.principal; master.tenant
control.mesh_workforce_claim_processing_attempt,control,server/db/ddl/planes/neon/control/03_tables.sql,2165,CREATE with no later DROP TABLE found,,Neon integration internals,Internal,No generic BP entities; authorized status/reconciliation projection only; preserve replay/idempotency semantics,,no direct storage binding in inspected New_Entity core examples; not proof of no other metadata,server/packages/adapters/database/neon-postgres/dist/generated/kysely/types.d.ts; server/packages/adapters/database/neon-postgres/src/generated/kysely/types.ts,control.mesh_workforce_claim_inbox; master.principal
