scope,table,file,line,relevant
common,public.schema_provisions,server/db/ddl/common/_database/02_schema_provisions.sql,5,False
common,ai.ai_action_policy,server/db/ddl/common/ai/03_tables.sql,5,False
common,ai.ai_confidence_threshold,server/db/ddl/common/ai/03_tables.sql,29,False
common,ai.ai_drift_baseline,server/db/ddl/common/ai/03_tables.sql,53,False
common,ai.atlas_conversation_retention_policy,server/db/ddl/common/ai/03_tables.sql,81,False
common,ai.atlas_tenant_provider_credential,server/db/ddl/common/ai/03_tables.sql,96,False
common,ai.atlas_tenant_provider_credential_epoch,server/db/ddl/common/ai/03_tables.sql,114,False
common,ai.atlas_tenant_quota_policy,server/db/ddl/common/ai/03_tables.sql,123,False
common,ai.atlas_tenant_quota_window,server/db/ddl/common/ai/03_tables.sql,138,False
common,ai.atlas_tenant_quota_reservation,server/db/ddl/common/ai/03_tables.sql,155,False
common,ai.ai_tool_invocation,server/db/ddl/common/ai/03_tables.sql,184,False
common,ai.atlas_run,server/db/ddl/common/ai/03_tables.sql,246,False
common,ai.ai_agent_call,server/db/ddl/common/ai/03_tables.sql,278,False
common,ai.ai_agent_run,server/db/ddl/common/ai/03_tables.sql,339,False
common,ai.ai_calibration_log,server/db/ddl/common/ai/03_tables.sql,404,False
common,ai.ai_call_transcript,server/db/ddl/common/ai/03_tables.sql,424,False
common,ai.ai_feedback_log,server/db/ddl/common/ai/03_tables.sql,445,False
common,ai.ai_inference_log,server/db/ddl/common/ai/03_tables.sql,470,False
common,ai.ai_monitoring_log,server/db/ddl/common/ai/03_tables.sql,498,False
common,ai.ai_call_transcript_default,server/db/ddl/common/ai/03_tables.sql,520,False
common,ai.atlas_knowledge_chunk,server/db/ddl/common/ai/03_tables.sql,524,False
common,ai.atlas_knowledge_revision,server/db/ddl/common/ai/03_tables.sql,540,False
common,ai.atlas_knowledge_source,server/db/ddl/common/ai/03_tables.sql,554,False
common,ai.atlas_message,server/db/ddl/common/ai/03_tables.sql,570,False
common,ai.atlas_thread,server/db/ddl/common/ai/03_tables.sql,601,False
common,ai.atlas_provider_usage,server/db/ddl/common/ai/03_tables.sql,630,False
common,ai.atlas_experience_release,server/db/ddl/common/ai/03_tables.sql,645,False
common,ai.atlas_learning_candidate,server/db/ddl/common/ai/03_tables.sql,672,False
common,master.audit_reason_code,server/db/ddl/common/audit/03_tables.sql,6,False
common,master.audit_event_contract,server/db/ddl/common/audit/03_tables.sql,49,False
common,audit.audit_log,server/db/ddl/common/audit/03_tables.sql,85,False
common,audit.audit_log_default,server/db/ddl/common/audit/03_tables.sql,198,False
common,audit.authorization_decision_evidence,server/db/ddl/common/audit/03_tables.sql,219,False
common,audit.authorization_decision_evidence_default,server/db/ddl/common/audit/03_tables.sql,309,False
common,audit.security_event,server/db/ddl/common/audit/03_tables.sql,318,False
common,audit.security_event_default,server/db/ddl/common/audit/03_tables.sql,383,False
common,audit.hash_anchor,server/db/ddl/common/audit/03_tables.sql,392,False
common,audit.export_request,server/db/ddl/common/audit/03_tables.sql,433,False
common,audit.export_manifest,server/db/ddl/common/audit/03_tables.sql,461,False
common,audit.integrity_check_evidence,server/db/ddl/common/audit/03_tables.sql,486,False
common,audit.legal_hold,server/db/ddl/common/audit/03_tables.sql,504,False
common,audit.legal_hold_manifest,server/db/ddl/common/audit/03_tables.sql,522,False
common,audit.retention_policy,server/db/ddl/common/audit/03_tables.sql,538,False
common,audit,server/db/ddl/common/audit/07_functions.sql,898,False
common,authz.permission,server/db/ddl/common/authz/03_tables.sql,5,False
common,authz.permission_scope_kind,server/db/ddl/common/authz/03_tables.sql,40,False
common,authz.plane_membership,server/db/ddl/common/authz/03_tables.sql,61,False
common,authz.scope_target,server/db/ddl/common/authz/03_tables.sql,98,False
common,authz.role,server/db/ddl/common/authz/03_tables.sql,146,False
common,authz.role_permission,server/db/ddl/common/authz/03_tables.sql,192,False
common,authz.principal_group,server/db/ddl/common/authz/03_tables.sql,212,False
common,authz.group_member,server/db/ddl/common/authz/03_tables.sql,269,False
common,authz.group_role,server/db/ddl/common/authz/03_tables.sql,301,False
common,authz.deny_rule,server/db/ddl/common/authz/03_tables.sql,337,False
common,authz.delegation,server/db/ddl/common/authz/03_tables.sql,380,False
common,authz.delegation_grant,server/db/ddl/common/authz/03_tables.sql,454,False
common,authz.override,server/db/ddl/common/authz/03_tables.sql,472,False
common,authz.record_acl,server/db/ddl/common/authz/03_tables.sql,537,False
common,authz.trusted_device,server/db/ddl/common/authz/03_tables.sql,603,False
common,authz.application_projection,server/db/ddl/common/authz/03_tables.sql,662,False
common,authz.projection_provider,server/db/ddl/common/authz/03_tables.sql,682,False
common,authz.projection_scope,server/db/ddl/common/authz/03_tables.sql,693,False
common,authz.entity_operation_binding,server/db/ddl/common/authz/03_tables.sql,708,True
common,authz.entity_operation_scope_binding,server/db/ddl/common/authz/03_tables.sql,754,True
common,authz.management_receipt,server/db/ddl/common/authz/13_management.sql,33,False
common,control.workspace,server/db/ddl/common/control/03_tables.sql,5,False
common,control.module,server/db/ddl/common/control/03_tables.sql,38,False
common,control.workspace_module,server/db/ddl/common/control/03_tables.sql,70,False
common,control.subscription_plan_module,server/db/ddl/common/control/03_tables.sql,94,False
common,control.connector_type,server/db/ddl/common/control/03_tables.sql,131,False
common,control.connector_instance,server/db/ddl/common/control/03_tables.sql,166,False
common,control.integration_endpoint,server/db/ddl/common/control/03_tables.sql,210,False
common,control.webhook_subscription,server/db/ddl/common/control/03_tables.sql,265,False
common,control.cycle_type,server/db/ddl/common/control/03_tables.sql,317,False
common,control.cycle_phase,server/db/ddl/common/control/03_tables.sql,357,False
common,control.cycle_task_category,server/db/ddl/common/control/03_tables.sql,395,False
common,control.cycle_task_template,server/db/ddl/common/control/03_tables.sql,429,False
common,control.cycle_task_dependency,server/db/ddl/common/control/03_tables.sql,488,False
common,control.cycle_cross_dependency,server/db/ddl/common/control/03_tables.sql,513,False
common,control.cycle_carryforward_rule,server/db/ddl/common/control/03_tables.sql,542,False
common,control.cycle_template_revision,server/db/ddl/common/control/03_tables.sql,569,False
common,control.bank_account_validation_rule,server/db/ddl/common/control/03_tables.sql,602,True
common,control.usage_metric_catalog,server/db/ddl/common/control/03_tables.sql,668,False
common,control.subscription_plan_usage_limit,server/db/ddl/common/control/03_tables.sql,703,False
common,control.tenant_usage_limit_override,server/db/ddl/common/control/03_tables.sql,734,False
common,control.feature_flag_catalog,server/db/ddl/common/control/03_tables.sql,780,False
common,control.feature_flag_override,server/db/ddl/common/control/03_tables.sql,824,False
common,control.parameter_definition,server/db/ddl/common/control/03_tables.sql,853,False
common,control.tenant_parameter_value,server/db/ddl/common/control/03_tables.sql,909,False
common,control.lookup_domain,server/db/ddl/common/control/03_tables.sql,949,True
common,control.lookup_value,server/db/ddl/common/control/03_tables.sql,970,True
common,control.cron_schedule,server/db/ddl/common/control/03_tables.sql,994,False
common,control.cron_schedule_change_log,server/db/ddl/common/control/03_tables.sql,1032,False
common,control.notification_provider,server/db/ddl/common/control/03_tables.sql,1049,False
common,control.notification_template,server/db/ddl/common/control/03_tables.sql,1080,False
common,control.notification_routing_rule,server/db/ddl/common/control/03_tables.sql,1109,False
common,control.numbering_policy,server/db/ddl/common/control/03_tables.sql,1152,False
common,control.policy_definition,server/db/ddl/common/control/03_tables.sql,1220,True
common,control.policy_rule,server/db/ddl/common/control/03_tables.sql,1252,True
common,control.policy_test_case,server/db/ddl/common/control/03_tables.sql,1288,True
common,control.policy_test_result,server/db/ddl/common/control/03_tables.sql,1323,True
common,control.policy_activation,server/db/ddl/common/control/03_tables.sql,1332,True
common,control.policy_evaluation_history,server/db/ddl/common/control/03_tables.sql,1339,True
common,control.rounding_rule,server/db/ddl/common/control/03_tables.sql,1358,False
common,control.rounding_context,server/db/ddl/common/control/03_tables.sql,1406,False
common,control.ui_locale_catalog,server/db/ddl/common/control/03_tables.sql,1433,False
common,master.tenant_locale_activation,server/db/ddl/common/control/03_tables.sql,1471,False
common,control.tenant_module_entitlement_override,server/db/ddl/common/control/03_tables.sql,1503,False
common,control.lookup_revision,server/db/ddl/common/control/14_admin_integrations.sql,20,False
common,control.lookup_tenant_revision,server/db/ddl/common/control/14_admin_integrations.sql,21,False
common,control.lookup_publication_receipt,server/db/ddl/common/control/14_admin_integrations.sql,22,False
common,control.lookup_value_reference,server/db/ddl/common/control/14_admin_integrations.sql,24,True
common,control.connector_health_job,server/db/ddl/common/control/14_admin_integrations.sql,84,False
common,document.attachment_series,server/db/ddl/common/document/03_foundation_tables.sql,4,True
common,document.attachment,server/db/ddl/common/document/03_foundation_tables.sql,29,True
common,document.attachment_folder,server/db/ddl/common/document/03_foundation_tables.sql,103,True
common,document.attachment_link,server/db/ddl/common/document/03_foundation_tables.sql,131,True
common,document.comment,server/db/ddl/common/document/03_foundation_tables.sql,160,False
common,document.comment_draft,server/db/ddl/common/document/03_foundation_tables.sql,221,False
common,document.comment_feed_cursor,server/db/ddl/common/document/03_foundation_tables.sql,263,False
common,document.comment_mention,server/db/ddl/common/document/03_foundation_tables.sql,288,False
common,document.comment_reaction,server/db/ddl/common/document/03_foundation_tables.sql,301,False
common,document.content_item,server/db/ddl/common/document/03_foundation_tables.sql,318,False
common,document.content_item_link,server/db/ddl/common/document/03_foundation_tables.sql,357,False
common,document.attachment_legal_hold,server/db/ddl/common/document/03_foundation_tables.sql,383,True
common,document.attachment_legal_hold_event,server/db/ddl/common/document/03_foundation_tables.sql,413,True
common,document.attachment_derivative,server/db/ddl/common/document/03_foundation_tables.sql,431,True
common,document.work_item,server/db/ddl/common/document/03_tables.sql,1,False
common,document.entity_case,server/db/ddl/common/document/03_tables.sql,50,True
common,document.entity_case_command_evidence,server/db/ddl/common/document/03_tables.sql,83,True
common,document.entity_case_validation,server/db/ddl/common/document/03_tables.sql,102,True
common,document.entity_case_materialization,server/db/ddl/common/document/03_tables.sql,119,True
common,event.comment_flag,server/db/ddl/common/event/03_tables.sql,1,False
common,event.notification_message,server/db/ddl/common/event/03_tables.sql,25,False
common,event.notification_delivery,server/db/ddl/common/event/03_tables.sql,66,False
common,event.notification_provider_event,server/db/ddl/common/event/03_tables.sql,112,False
common,event.notification_email_suppression,server/db/ddl/common/event/03_tables.sql,141,False
common,event.notification_message_attachment,server/db/ddl/common/event/03_tables.sql,167,True
common,event.notification_inbox_state,server/db/ddl/common/event/03_tables.sql,198,False
common,event.outbox,server/db/ddl/common/event/03_tables.sql,232,False
common,event.integration_delivery,server/db/ddl/common/event/03_tables.sql,280,False
common,event.integration_inbound_receipt,server/db/ddl/common/event/03_tables.sql,297,False
common,event.channel_consent_event,server/db/ddl/common/event/03_tables.sql,308,False
common,event.command_execution,server/db/ddl/common/event/03_tables.sql,336,False
common,event.authorization_invalidation_outbox,server/db/ddl/common/event/03_tables.sql,409,False
common,event.descriptor_invalidation_outbox,server/db/ddl/common/event/03_tables.sql,450,False
common,event.notification_delivery_claim,server/db/ddl/common/event/03_tables.sql,517,False
common,event.notification_outbox_state,server/db/ddl/common/event/03_tables.sql,539,False
common,event.digest_staging,server/db/ddl/common/event/03_tables.sql,565,False
common,event.push_subscription,server/db/ddl/common/event/03_tables.sql,590,False
common,event.whatsapp_consent,server/db/ddl/common/event/03_tables.sql,622,False
common,event.webhook_subscription,server/db/ddl/common/event/03_tables.sql,651,False
common,event.invalidation_dead_letter,server/db/ddl/common/event/03_tables.sql,678,False
common,governance.comment_moderation,server/db/ddl/common/governance/03_tables.sql,1,False
common,governance.channel_consent,server/db/ddl/common/governance/03_tables.sql,32,False
common,governance.cycle_run,server/db/ddl/common/governance/03_tables.sql,58,False
common,governance.cycle_task,server/db/ddl/common/governance/03_tables.sql,99,False
common,governance.cycle_subject,server/db/ddl/common/governance/03_tables.sql,137,False
common,governance.cycle_task_dependency,server/db/ddl/common/governance/03_tables.sql,155,False
common,governance.cycle_deviation,server/db/ddl/common/governance/03_tables.sql,171,False
common,governance.cycle_certification,server/db/ddl/common/governance/03_tables.sql,198,True
common,governance.legal_hold,server/db/ddl/common/governance/03_tables.sql,236,False
common,governance.legal_hold_manifest,server/db/ddl/common/governance/03_tables.sql,263,False
common,governance.report_pack,server/db/ddl/common/governance/03_tables.sql,288,False
common,log.notification_delivery_attempt,server/db/ddl/common/log/03_tables.sql,1,False
common,log.notification_dlq,server/db/ddl/common/log/03_tables.sql,33,False
common,log.integration_delivery_attempt,server/db/ddl/common/log/03_tables.sql,55,False
common,log.integration_dlq,server/db/ddl/common/log/03_tables.sql,76,False
common,master.tenant,server/db/ddl/common/master/03_platform_tables.sql,5,False
common,master.tenant_profile,server/db/ddl/common/master/03_platform_tables.sql,55,False
common,master.tenant_relationship,server/db/ddl/common/master/03_platform_tables.sql,136,False
common,master.workspace,server/db/ddl/common/master/03_platform_tables.sql,199,False
common,master.module,server/db/ddl/common/master/03_platform_tables.sql,235,False
common,master.address,server/db/ddl/common/master/03_platform_tables.sql,273,False
common,master.address_link,server/db/ddl/common/master/03_platform_tables.sql,385,False
common,master.address_event,server/db/ddl/common/master/03_platform_tables.sql,443,False
common,master.contact_link,server/db/ddl/common/master/03_platform_tables.sql,492,False
common,master.contact_email,server/db/ddl/common/master/03_platform_tables.sql,558,False
common,master.contact_phone,server/db/ddl/common/master/03_platform_tables.sql,604,False
common,master.principal,server/db/ddl/common/master/03_platform_tables.sql,636,False
common,master.principal_profile,server/db/ddl/common/master/03_platform_tables.sql,685,False
common,master.principal_identity_binding,server/db/ddl/common/master/03_platform_tables.sql,731,False
common,master.principal_ui_profile,server/db/ddl/common/master/03_platform_tables.sql,812,False
common,master.principal_ui_preference,server/db/ddl/common/master/03_platform_tables.sql,854,False
common,master.principal_notification_preference,server/db/ddl/common/master/03_platform_tables.sql,887,False
common,master.saved_view,server/db/ddl/common/master/03_platform_tables.sql,921,False
common,master.record_bookmark,server/db/ddl/common/master/03_platform_tables.sql,984,False
common,master.external_reference,server/db/ddl/common/master/03_platform_tables.sql,1012,False
common,master.team,server/db/ddl/common/master/03_platform_tables.sql,1066,False
common,master.team_member,server/db/ddl/common/master/03_platform_tables.sql,1111,False
common,master.brand_profile,server/db/ddl/common/master/03_platform_tables.sql,1146,False
common,master.letterhead,server/db/ddl/common/master/03_platform_tables.sql,1180,False
common,master.print_profile,server/db/ddl/common/master/03_platform_tables.sql,1225,False
common,master.template,server/db/ddl/common/master/03_platform_tables.sql,1258,False
common,master.template_binding,server/db/ddl/common/master/03_platform_tables.sql,1292,False
common,master.contact_person,server/db/ddl/common/master/03_tables.sql,3,False
common,master.contact_person_role,server/db/ddl/common/master/03_tables.sql,47,False
common,master.saved_view_default,server/db/ddl/common/master/19_entity_saved_views.sql,2,False
common,master.reference_choice_recent,server/db/ddl/common/master/21_reference_choice_recent.sql,2,False
common,ops.authorization_parity_certification,server/db/ddl/common/ops/03_tables.sql,1,True
common,ops.authorization_qualification_cohort_requirement,server/db/ddl/common/ops/03_tables.sql,42,False
common,ops.authorization_operation_rollout,server/db/ddl/common/ops/03_tables.sql,59,False
common,ops.authorization_operation_cutover_drill,server/db/ddl/common/ops/03_tables.sql,95,False
common,ops.authorization_shadow_comparison,server/db/ddl/common/ops/03_tables.sql,117,False
common,ops.identity_admission_shadow_comparison,server/db/ddl/common/ops/03_tables.sql,176,False
common,ops.authorization_session_shadow_comparison,server/db/ddl/common/ops/03_tables.sql,214,False
common,ops.job_execution,server/db/ddl/common/ops/03_tables.sql,242,False
common,ops.job_execution_attempt,server/db/ddl/common/ops/03_tables.sql,311,False
common,ops.job_execution_command,server/db/ddl/common/ops/03_tables.sql,351,False
common,ops.record_edit_lock,server/db/ddl/common/ops/03_tables.sql,379,False
common,ops.record_import_session,server/db/ddl/common/ops/03_tables.sql,395,False
common,ops.record_import_chunk,server/db/ddl/common/ops/03_tables.sql,432,False
common,ops.record_export_request,server/db/ddl/common/ops/03_tables.sql,443,False
common,ops.record_transfer_retention_policy,server/db/ddl/common/ops/03_tables.sql,466,False
common,ops.control_runtime_command_submission,server/db/ddl/common/ops/03_tables.sql,482,False
common,ops.control_runtime_command_approval_request,server/db/ddl/common/ops/03_tables.sql,504,False
common,ops.control_runtime_command_approval_decision,server/db/ddl/common/ops/03_tables.sql,523,False
common,ops.control_runtime_command_history,server/db/ddl/common/ops/03_tables.sql,540,False
common,runtime_meta.tenant_usage_counter,server/db/ddl/common/runtime_meta/03_tables.sql,3,False
common,runtime_meta.usage_reservation,server/db/ddl/common/runtime_meta/03_tables.sql,26,False
common,runtime_meta.authorization_epoch,server/db/ddl/common/runtime_meta/03_tables.sql,70,False
common,runtime_meta.entity_number_counter,server/db/ddl/common/runtime_meta/03_tables.sql,86,False
common,runtime_meta.entity_number_allocation,server/db/ddl/common/runtime_meta/03_tables.sql,132,False
common,runtime_meta.applied_release,server/db/ddl/common/runtime_meta/03_tables.sql,163,False
common,runtime_meta.release_activation_head,server/db/ddl/common/runtime_meta/03_tables.sql,188,False
common,runtime_meta.release_activation_event,server/db/ddl/common/runtime_meta/03_tables.sql,199,False
common,runtime_meta.entity_contract,server/db/ddl/common/runtime_meta/03_tables.sql,216,True
common,runtime_meta.entity_descriptor,server/db/ddl/common/runtime_meta/03_tables.sql,269,False
common,runtime_meta.applied_release_payload,server/db/ddl/common/runtime_meta/03_tables.sql,322,False
common,runtime_meta.experience_surface_projection,server/db/ddl/common/runtime_meta/03_tables.sql,351,False
common,shared.bank_directory_release,server/db/ddl/common/shared/03_bank_directory.sql,2,False
common,shared.bank_institution,server/db/ddl/common/shared/03_bank_directory.sql,12,True
common,shared.bank_branch,server/db/ddl/common/shared/03_bank_directory.sql,16,True
common,shared.bank_institution_version,server/db/ddl/common/shared/03_bank_directory.sql,22,True
common,shared.bank_branch_version,server/db/ddl/common/shared/03_bank_directory.sql,33,True
common,shared.bank_identifier,server/db/ddl/common/shared/03_bank_directory.sql,48,False
common,shared.bank_directory_source_record,server/db/ddl/common/shared/03_bank_directory.sql,65,False
common,shared.bank_directory_activation,server/db/ddl/common/shared/03_bank_directory.sql,75,False
common,shared.country,server/db/ddl/common/shared/03_tables.sql,11,False
common,shared.currency,server/db/ddl/common/shared/03_tables.sql,117,False
common,shared.language,server/db/ddl/common/shared/03_tables.sql,160,False
common,shared.locale,server/db/ddl/common/shared/03_tables.sql,203,False
common,shared.timezone,server/db/ddl/common/shared/03_tables.sql,247,False
common,shared.uom,server/db/ddl/common/shared/03_tables.sql,296,False
common,shared.state_region,server/db/ddl/common/shared/03_tables.sql,336,False
common,shared.classification_scheme,server/db/ddl/common/shared/03_tables.sql,378,False
common,shared.commodity_code,server/db/ddl/common/shared/03_tables.sql,417,False
common,shared.industry_code,server/db/ddl/common/shared/03_tables.sql,471,True
common,shared.commodity_crosswalk,server/db/ddl/common/shared/03_tables.sql,534,False
common,shared.industry_crosswalk,server/db/ddl/common/shared/03_tables.sql,605,False
common,snapshot.entity_snapshot_identity,server/db/ddl/common/snapshot/03_tables.sql,1,True
common,snapshot.entity_snapshot,server/db/ddl/common/snapshot/03_tables.sql,78,True
common,snapshot.entity_case_snapshot_lineage,server/db/ddl/common/snapshot/03_tables.sql,90,True
common,snapshot.subscription_plan_entitlement,server/db/ddl/common/snapshot/03_tables.sql,128,False
planes/mesh,control.subscription_plan,server/db/ddl/planes/mesh/control/03_tables.sql,4,False
planes/mesh,control.owner_type,server/db/ddl/planes/mesh/control/03_tables.sql,40,False
planes/mesh,control.owner_type_purpose,server/db/ddl/planes/mesh/control/03_tables.sql,121,False
planes/mesh,control.network_document_type,server/db/ddl/planes/mesh/control/03_tables.sql,141,False
planes/mesh,control.delivery_policy,server/db/ddl/planes/mesh/control/03_tables.sql,197,False
planes/mesh,control.routing_rule,server/db/ddl/planes/mesh/control/03_tables.sql,231,False
planes/mesh,control.retention_policy,server/db/ddl/planes/mesh/control/03_tables.sql,290,False
planes/mesh,control.quota_policy,server/db/ddl/planes/mesh/control/03_tables.sql,340,False
planes/mesh,document.conversation,server/db/ddl/planes/mesh/document/03_tables.sql,22,False
planes/mesh,document.conversation_participant,server/db/ddl/planes/mesh/document/03_tables.sql,61,False
planes/mesh,document.multipart_upload,server/db/ddl/planes/mesh/document/03_tables.sql,94,False
planes/mesh,document.multipart_upload_part,server/db/ddl/planes/mesh/document/03_tables.sql,168,False
planes/mesh,mesh.network_account,server/db/ddl/planes/mesh/mesh/03_tables.sql,4,False
planes/mesh,mesh.network_account_identifier,server/db/ddl/planes/mesh/mesh/03_tables.sql,63,True
planes/mesh,mesh.network_account_reference,server/db/ddl/planes/mesh/mesh/03_tables.sql,96,False
planes/mesh,mesh.network_relationship,server/db/ddl/planes/mesh/mesh/03_tables.sql,127,True
planes/mesh,mesh.catalog,server/db/ddl/planes/mesh/mesh/03_tables.sql,173,False
planes/mesh,mesh.catalog_item,server/db/ddl/planes/mesh/mesh/03_tables.sql,219,False
planes/mesh,mesh.catalog_item_identifier,server/db/ddl/planes/mesh/mesh/03_tables.sql,272,False
planes/mesh,mesh.catalog_item_classification,server/db/ddl/planes/mesh/mesh/03_tables.sql,312,False
planes/mesh,mesh.catalog_item_uom,server/db/ddl/planes/mesh/mesh/03_tables.sql,349,False
planes/mesh,mesh.catalog_audience,server/db/ddl/planes/mesh/mesh/03_tables.sql,395,False
planes/mesh,mesh.catalog_price,server/db/ddl/planes/mesh/mesh/03_tables.sql,442,False
planes/mesh,mesh.catalog_availability,server/db/ddl/planes/mesh/mesh/03_tables.sql,496,False
planes/mesh,mesh.document_envelope,server/db/ddl/planes/mesh/mesh/03_tables.sql,552,False
planes/mesh,mesh.document_payload,server/db/ddl/planes/mesh/mesh/03_tables.sql,612,False
planes/mesh,mesh.document_event,server/db/ddl/planes/mesh/mesh/03_tables.sql,652,False
planes/mesh,mesh.document_acknowledgement,server/db/ddl/planes/mesh/mesh/03_tables.sql,682,False
planes/mesh,mesh.document_business_status_projection,server/db/ddl/planes/mesh/mesh/03_tables.sql,715,False
planes/mesh,mesh.network_account_profile,server/db/ddl/planes/mesh/mesh/03_tables.sql,747,True
planes/mesh,mesh.network_account_commodity_capability,server/db/ddl/planes/mesh/mesh/03_tables.sql,791,True
planes/mesh,mesh.network_account_industry_classification,server/db/ddl/planes/mesh/mesh/03_tables.sql,824,True
planes/mesh,mesh.network_account_tax_registration,server/db/ddl/planes/mesh/mesh/03_tables.sql,877,True
planes/mesh,mesh.network_account_profile_publication,server/db/ddl/planes/mesh/mesh/03_tables.sql,921,True
planes/mesh,mesh.network_account_profile_publication_event,server/db/ddl/planes/mesh/mesh/03_tables.sql,950,True
planes/mesh,mesh.bank_provisional_reference,server/db/ddl/planes/mesh/mesh/03_tables.sql,980,True
planes/mesh,mesh.bank_account,server/db/ddl/planes/mesh/mesh/03_tables.sql,996,True
planes/mesh,mesh.bank_account_link,server/db/ddl/planes/mesh/mesh/03_tables.sql,1081,True
planes/mesh,mesh.bank_account_disclosure,server/db/ddl/planes/mesh/mesh/03_tables.sql,1107,True
planes/mesh,mesh.bank_account_disclosure_event,server/db/ddl/planes/mesh/mesh/03_tables.sql,1164,True
planes/mesh,mesh.certification_type,server/db/ddl/planes/mesh/mesh/03_tables.sql,1190,True
planes/mesh,mesh.certification,server/db/ddl/planes/mesh/mesh/03_tables.sql,1212,True
planes/mesh,mesh.network_lifecycle_event,server/db/ddl/planes/mesh/mesh/03_tables.sql,1247,False
planes/mesh,mesh.business_partner_delivery_acknowledgement,server/db/ddl/planes/mesh/mesh/03_tables.sql,1276,True
planes/mesh,mesh.network_relationship_identity,server/db/ddl/planes/mesh/mesh/11_grants.sql,215,True
planes/mesh,mesh.network_command_evidence,server/db/ddl/planes/mesh/mesh/11_grants.sql,314,False
planes/mesh,mesh.catalog_revision,server/db/ddl/planes/mesh/mesh/11_grants.sql,376,False
planes/mesh,mesh.network_relationship_kind,server/db/ddl/planes/mesh/mesh/11_grants.sql,1480,True
planes/mesh,mesh.network_relationship_capability,server/db/ddl/planes/mesh/mesh/11_grants.sql,1506,True
planes/mesh,mesh.registration_exchange,server/db/ddl/planes/mesh/mesh/11_grants.sql,1593,False
planes/mesh,mesh.network_discovery_receipt,server/db/ddl/planes/mesh/mesh/11_grants.sql,1694,False
planes/mesh,mesh.bank_disclosure_purpose,server/db/ddl/planes/mesh/mesh/11_grants.sql,1832,False
planes/mesh,mesh.network_account_profile_address,server/db/ddl/planes/mesh/mesh/11_grants.sql,1937,True
planes/mesh,mesh.bank_account_retrieval_evidence,server/db/ddl/planes/mesh/mesh/11_grants.sql,1980,True
planes/mesh,mesh.canonical_party_correlation_case,server/db/ddl/planes/mesh/mesh/11_grants.sql,2010,False
planes/mesh,ops.reference_sync_checkpoint,server/db/ddl/planes/mesh/ops/03_tables.sql,1,False
planes/mesh,snapshot.template_version,server/db/ddl/planes/mesh/snapshot/03_tables.sql,1,False
planes/mesh,snapshot.network_account_profile_publication,server/db/ddl/planes/mesh/snapshot/03_tables.sql,64,True
planes/mesh,snapshot.bank_account_disclosure,server/db/ddl/planes/mesh/snapshot/03_tables.sql,91,True
planes/mesh,snapshot.content_item_version,server/db/ddl/planes/mesh/snapshot/03_tables.sql,117,False
planes/neon,control.subscription_plan,server/db/ddl/planes/neon/control/03_tables.sql,4,False
planes/neon,control.owner_type,server/db/ddl/planes/neon/control/03_tables.sql,40,False
planes/neon,control.owner_type_purpose,server/db/ddl/planes/neon/control/03_tables.sql,123,False
planes/neon,control.org_unit_type,server/db/ddl/planes/neon/control/03_tables.sql,138,False
planes/neon,control.risk_source_config,server/db/ddl/planes/neon/control/03_tables.sql,174,False
planes/neon,control.business_partner_qualification,server/db/ddl/planes/neon/control/03_tables.sql,208,True
planes/neon,control.supplier_preference_designation,server/db/ddl/planes/neon/control/03_tables.sql,276,False
planes/neon,control.customer_account_designation,server/db/ddl/planes/neon/control/03_tables.sql,347,False
planes/neon,control.business_partner_block,server/db/ddl/planes/neon/control/03_tables.sql,413,True
planes/neon,control.formula_expression,server/db/ddl/planes/neon/control/03_tables.sql,464,False
planes/neon,control.formula_expression_version,server/db/ddl/planes/neon/control/03_tables.sql,515,False
planes/neon,control.rate_table,server/db/ddl/planes/neon/control/03_tables.sql,567,False
planes/neon,control.rate_table_row,server/db/ddl/planes/neon/control/03_tables.sql,609,False
planes/neon,control.item_inventory_policy,server/db/ddl/planes/neon/control/03_tables.sql,652,False
planes/neon,control.planning_model,server/db/ddl/planes/neon/control/03_tables.sql,690,False
planes/neon,control.planning_driver,server/db/ddl/planes/neon/control/03_tables.sql,739,False
planes/neon,control.planning_driver_dependency,server/db/ddl/planes/neon/control/03_tables.sql,792,False
planes/neon,control.budget_control_policy,server/db/ddl/planes/neon/control/03_tables.sql,817,False
planes/neon,control.payment_execution_profile,server/db/ddl/planes/neon/control/03_tables.sql,890,False
planes/neon,control.asset_class_book_policy,server/db/ddl/planes/neon/control/03_tables.sql,946,False
planes/neon,control.commodity_code_classification_policy,server/db/ddl/planes/neon/control/03_tables.sql,1058,False
planes/neon,control.commodity_category_buy_policy,server/db/ddl/planes/neon/control/03_tables.sql,1124,True
planes/neon,control.commodity_category_sell_policy,server/db/ddl/planes/neon/control/03_tables.sql,1166,True
planes/neon,control.commodity_category_inventory_policy,server/db/ddl/planes/neon/control/03_tables.sql,1208,True
planes/neon,control.procurement_match_tolerance_policy,server/db/ddl/planes/neon/control/03_tables.sql,1250,False
planes/neon,control.fx_policy,server/db/ddl/planes/neon/control/03_tables.sql,1293,False
planes/neon,control.dimension_policy,server/db/ddl/planes/neon/control/03_tables.sql,1364,False
planes/neon,control.dimension_policy_allowed_value,server/db/ddl/planes/neon/control/03_tables.sql,1456,False
planes/neon,control.tax_rate_schedule,server/db/ddl/planes/neon/control/03_tables.sql,1478,False
planes/neon,control.tax_group,server/db/ddl/planes/neon/control/03_tables.sql,1535,False
planes/neon,control.tax_group_component,server/db/ddl/planes/neon/control/03_tables.sql,1577,False
planes/neon,control.tax_resolution_rule,server/db/ddl/planes/neon/control/03_tables.sql,1595,False
planes/neon,control.wht_threshold_config,server/db/ddl/planes/neon/control/03_tables.sql,1647,False
planes/neon,control.accounting_profile_policy,server/db/ddl/planes/neon/control/03_tables.sql,1693,False
planes/neon,control.accounting_profile_event,server/db/ddl/planes/neon/control/03_tables.sql,1729,False
planes/neon,control.accounting_profile_entry,server/db/ddl/planes/neon/control/03_tables.sql,1763,False
planes/neon,control.accounting_profile_assignment,server/db/ddl/planes/neon/control/03_tables.sql,1793,False
planes/neon,control.posting_role_account_assignment,server/db/ddl/planes/neon/control/03_tables.sql,1835,False
planes/neon,control.cross_book_posting_policy,server/db/ddl/planes/neon/control/03_tables.sql,1876,False
planes/neon,control.cross_book_account_assignment,server/db/ddl/planes/neon/control/03_tables.sql,1928,False
planes/neon,control.fiscal_calendar_config,server/db/ddl/planes/neon/control/03_tables.sql,1945,False
planes/neon,control.fiscal_calendar_period_rule,server/db/ddl/planes/neon/control/03_tables.sql,2007,False
planes/neon,control.mesh_business_partner_profile_inbox,server/db/ddl/planes/neon/control/03_tables.sql,2068,True
planes/neon,control.mesh_business_partner_profile_processing_attempt,server/db/ddl/planes/neon/control/03_tables.sql,2102,True
planes/neon,control.mesh_workforce_claim_inbox,server/db/ddl/planes/neon/control/03_tables.sql,2128,False
planes/neon,control.mesh_workforce_claim_processing_attempt,server/db/ddl/planes/neon/control/03_tables.sql,2165,False
planes/neon,control.mesh_business_partner_profile_projection,server/db/ddl/planes/neon/control/03_tables.sql,2197,True
planes/neon,control.mesh_business_partner_account_link,server/db/ddl/planes/neon/control/03_tables.sql,2228,True
planes/neon,control.mesh_bank_account_disclosure_inbox,server/db/ddl/planes/neon/control/03_tables.sql,2268,True
planes/neon,control.mesh_bank_account_projection,server/db/ddl/planes/neon/control/03_tables.sql,2297,True
planes/neon,control.company_fiscal_calendar_assignment,server/db/ddl/planes/neon/control/03_tables.sql,2326,False
planes/neon,control.customer_credit_review,server/db/ddl/planes/neon/control/03_tables.sql,2367,False
planes/neon,control.business_partner_mutation_evidence,server/db/ddl/planes/neon/control/03_tables.sql,2418,True
planes/neon,control.customer_lifecycle_event,server/db/ddl/planes/neon/control/03_tables.sql,2459,False
planes/neon,control.business_partner_decision_scope,server/db/ddl/planes/neon/control/03_tables.sql,2505,True
planes/neon,control.external_workforce_rate_card,server/db/ddl/planes/neon/control/03_tables.sql,2557,False
planes/neon,control.external_workforce_rate,server/db/ddl/planes/neon/control/03_tables.sql,2589,False
planes/neon,document.conversation,server/db/ddl/planes/neon/document/03_tables.sql,22,False
planes/neon,document.conversation_participant,server/db/ddl/planes/neon/document/03_tables.sql,61,False
planes/neon,document.multipart_upload,server/db/ddl/planes/neon/document/03_tables.sql,94,False
planes/neon,document.workflow_request,server/db/ddl/planes/neon/document/03_tables.sql,155,False
planes/neon,document.workflow_stage,server/db/ddl/planes/neon/document/03_tables.sql,211,False
planes/neon,document.commitment,server/db/ddl/planes/neon/document/03_tables.sql,254,False
planes/neon,document.commitment_line,server/db/ddl/planes/neon/document/03_tables.sql,325,False
planes/neon,document.commitment_release_allocation,server/db/ddl/planes/neon/document/03_tables.sql,407,False
planes/neon,document.purchase_invoice,server/db/ddl/planes/neon/document/03_tables.sql,442,False
planes/neon,document.purchase_invoice_line,server/db/ddl/planes/neon/document/03_tables.sql,543,False
planes/neon,document.invoice_match_case,server/db/ddl/planes/neon/document/03_tables.sql,625,False
planes/neon,document.accounting_distribution,server/db/ddl/planes/neon/document/03_tables.sql,661,False
planes/neon,document.payment_term_application,server/db/ddl/planes/neon/document/03_tables.sql,717,False
planes/neon,document.payment_entry,server/db/ddl/planes/neon/document/03_tables.sql,796,False
planes/neon,document.payment_entry_allocation,server/db/ddl/planes/neon/document/03_tables.sql,881,False
planes/neon,document.journal_entry,server/db/ddl/planes/neon/document/03_tables.sql,933,False
planes/neon,document.journal_line,server/db/ddl/planes/neon/document/03_tables.sql,993,False
planes/neon,document.journal_line_reference,server/db/ddl/planes/neon/document/03_tables.sql,1049,False
planes/neon,document.purchase_requisition,server/db/ddl/planes/neon/document/03_tables.sql,1116,False
planes/neon,document.purchase_requisition_line,server/db/ddl/planes/neon/document/03_tables.sql,1173,False
planes/neon,document.purchase_order_confirmation,server/db/ddl/planes/neon/document/03_tables.sql,1240,False
planes/neon,document.purchase_order_confirmation_line,server/db/ddl/planes/neon/document/03_tables.sql,1281,False
planes/neon,document.delivery_note,server/db/ddl/planes/neon/document/03_tables.sql,1308,False
planes/neon,document.delivery_note_line,server/db/ddl/planes/neon/document/03_tables.sql,1362,False
planes/neon,document.receipt,server/db/ddl/planes/neon/document/03_tables.sql,1403,False
planes/neon,document.receipt_line,server/db/ddl/planes/neon/document/03_tables.sql,1459,False
planes/neon,document.service_sheet,server/db/ddl/planes/neon/document/03_tables.sql,1525,False
planes/neon,document.service_sheet_line,server/db/ddl/planes/neon/document/03_tables.sql,1582,False
planes/neon,document.pricing_component,server/db/ddl/planes/neon/document/03_tables.sql,1646,False
planes/neon,document.schedule_line,server/db/ddl/planes/neon/document/03_tables.sql,1751,False
planes/neon,document.catalog_import,server/db/ddl/planes/neon/document/03_tables.sql,1825,False
planes/neon,document.catalog_import_line,server/db/ddl/planes/neon/document/03_tables.sql,1874,False
planes/neon,document.punchout_cart,server/db/ddl/planes/neon/document/03_tables.sql,1966,False
planes/neon,document.punchout_cart_line,server/db/ddl/planes/neon/document/03_tables.sql,2007,False
planes/neon,document.production_order,server/db/ddl/planes/neon/document/03_tables.sql,2070,False
planes/neon,document.production_order_component,server/db/ddl/planes/neon/document/03_tables.sql,2131,False
planes/neon,document.sales_order,server/db/ddl/planes/neon/document/03_tables.sql,2182,False
planes/neon,document.sales_order_line,server/db/ddl/planes/neon/document/03_tables.sql,2218,False
planes/neon,document.stocktake,server/db/ddl/planes/neon/document/03_tables.sql,2265,False
planes/neon,document.stocktake_line,server/db/ddl/planes/neon/document/03_tables.sql,2306,False
planes/neon,document.sales_opportunity,server/db/ddl/planes/neon/document/03_tables.sql,2350,False
planes/neon,document.sales_opportunity_company,server/db/ddl/planes/neon/document/03_tables.sql,2391,False
planes/neon,document.sales_quotation,server/db/ddl/planes/neon/document/03_tables.sql,2411,False
planes/neon,document.sales_quotation_company,server/db/ddl/planes/neon/document/03_tables.sql,2450,False
planes/neon,document.sales_quotation_allocation,server/db/ddl/planes/neon/document/03_tables.sql,2470,False
planes/neon,document.sales_order_intercompany_fulfillment,server/db/ddl/planes/neon/document/03_tables.sql,2504,False
planes/neon,document.bank_statement,server/db/ddl/planes/neon/document/03_tables.sql,2544,False
planes/neon,document.bank_statement_line,server/db/ddl/planes/neon/document/03_tables.sql,2585,False
planes/neon,document.bank_recon_case,server/db/ddl/planes/neon/document/03_tables.sql,2620,False
planes/neon,document.bank_recon_case_line,server/db/ddl/planes/neon/document/03_tables.sql,2670,False
planes/neon,document.depreciation_run,server/db/ddl/planes/neon/document/03_tables.sql,2693,False
planes/neon,document.depreciation_run_line,server/db/ddl/planes/neon/document/03_tables.sql,2745,False
planes/neon,document.depreciation_schedule,server/db/ddl/planes/neon/document/03_tables.sql,2791,False
planes/neon,document.sourcing_event,server/db/ddl/planes/neon/document/03_tables.sql,2842,False
planes/neon,document.sourcing_event_company,server/db/ddl/planes/neon/document/03_tables.sql,2895,False
planes/neon,document.sourcing_event_demand,server/db/ddl/planes/neon/document/03_tables.sql,2917,False
planes/neon,document.sourcing_event_award,server/db/ddl/planes/neon/document/03_tables.sql,2952,False
planes/neon,document.sourcing_event_award_allocation,server/db/ddl/planes/neon/document/03_tables.sql,2990,False
planes/neon,document.sourcing_event_intercompany_allocation,server/db/ddl/planes/neon/document/03_tables.sql,3023,False
planes/neon,document.shift_assignment,server/db/ddl/planes/neon/document/03_tables.sql,3060,False
planes/neon,document.time_punch,server/db/ddl/planes/neon/document/03_tables.sql,3078,False
planes/neon,document.attendance_day,server/db/ddl/planes/neon/document/03_tables.sql,3094,False
planes/neon,document.attendance_adjustment_request,server/db/ddl/planes/neon/document/03_tables.sql,3114,False
planes/neon,document.compensation_change,server/db/ddl/planes/neon/document/03_tables.sql,3133,False
planes/neon,document.employee_tax_declaration,server/db/ddl/planes/neon/document/03_tables.sql,3157,False
planes/neon,document.employee_tax_declaration_line,server/db/ddl/planes/neon/document/03_tables.sql,3175,False
planes/neon,document.leave_request,server/db/ddl/planes/neon/document/03_tables.sql,3189,False
planes/neon,document.leave_balance_entry,server/db/ddl/planes/neon/document/03_tables.sql,3209,False
planes/neon,document.people_request,server/db/ddl/planes/neon/document/03_tables.sql,3224,False
planes/neon,document.workforce_request,server/db/ddl/planes/neon/document/03_tables.sql,3244,False
planes/neon,document.workforce_request_validation,server/db/ddl/planes/neon/document/03_tables.sql,3383,False
planes/neon,document.hr_case,server/db/ddl/planes/neon/document/03_tables.sql,3401,False
planes/neon,document.onboarding_case,server/db/ddl/planes/neon/document/03_tables.sql,3418,False
planes/neon,document.offboarding_case,server/db/ddl/planes/neon/document/03_tables.sql,3431,False
planes/neon,document.payroll_period,server/db/ddl/planes/neon/document/03_tables.sql,3444,False
planes/neon,document.payroll_run,server/db/ddl/planes/neon/document/03_tables.sql,3459,False
planes/neon,document.payroll_run_employee,server/db/ddl/planes/neon/document/03_tables.sql,3483,False
planes/neon,document.payroll_result,server/db/ddl/planes/neon/document/03_tables.sql,3496,False
planes/neon,document.payroll_result_line,server/db/ddl/planes/neon/document/03_tables.sql,3514,False
planes/neon,document.policy_acknowledgment,server/db/ddl/planes/neon/document/03_tables.sql,3530,False
planes/neon,document.project_task,server/db/ddl/planes/neon/document/03_tables.sql,3569,False
planes/neon,document.project_task_requirement,server/db/ddl/planes/neon/document/03_tables.sql,3623,False
planes/neon,document.budget_profile,server/db/ddl/planes/neon/document/03_tables.sql,3664,False
planes/neon,document.budget_allocation,server/db/ddl/planes/neon/document/03_tables.sql,3716,False
planes/neon,document.planning_scenario,server/db/ddl/planes/neon/document/03_tables.sql,3766,False
planes/neon,document.planning_scenario_line,server/db/ddl/planes/neon/document/03_tables.sql,3813,False
planes/neon,document.asset_transaction,server/db/ddl/planes/neon/document/03_tables.sql,3869,False
planes/neon,document.fx_revaluation_run,server/db/ddl/planes/neon/document/03_tables.sql,3902,False
planes/neon,document.intercompany_agreement,server/db/ddl/planes/neon/document/03_tables.sql,3932,False
planes/neon,document.intercompany_transaction,server/db/ddl/planes/neon/document/03_tables.sql,3967,False
planes/neon,document.ic_elimination,server/db/ddl/planes/neon/document/03_tables.sql,4003,False
planes/neon,document.match_exception,server/db/ddl/planes/neon/document/03_tables.sql,4039,False
planes/neon,document.netting_batch,server/db/ddl/planes/neon/document/03_tables.sql,4060,False
planes/neon,document.obligation_horizon,server/db/ddl/planes/neon/document/03_tables.sql,4095,False
planes/neon,document.payment_remittance_output,server/db/ddl/planes/neon/document/03_tables.sql,4131,False
planes/neon,document.payment_term_discount_result,server/db/ddl/planes/neon/document/03_tables.sql,4151,False
planes/neon,document.wht_certificate,server/db/ddl/planes/neon/document/03_tables.sql,4173,False
planes/neon,document.import_request,server/db/ddl/planes/neon/document/03_tables.sql,4198,False
planes/neon,document.import_request_chunk,server/db/ddl/planes/neon/document/03_tables.sql,4218,False
planes/neon,document.render_output,server/db/ddl/planes/neon/document/03_tables.sql,4273,False
planes/neon,document.user_profile_update_request,server/db/ddl/planes/neon/document/03_tables.sql,4310,False
planes/neon,document.multipart_upload_part,server/db/ddl/planes/neon/document/03_tables.sql,4347,False
planes/neon,document.business_partner_invitation,server/db/ddl/planes/neon/document/03_tables.sql,4371,True
planes/neon,document.workforce_iam_projection,server/db/ddl/planes/neon/document/03_tables.sql,4398,False
planes/neon,document.business_partner_request,server/db/ddl/planes/neon/document/03_tables.sql,4427,True
planes/neon,document.business_partner_request_evidence,server/db/ddl/planes/neon/document/03_tables.sql,4678,True
planes/neon,document.business_partner_request_validation,server/db/ddl/planes/neon/document/03_tables.sql,4717,True
planes/neon,document.business_partner_request_address,server/db/ddl/planes/neon/document/03_tables.sql,4757,True
planes/neon,document.business_partner_request_contact_person,server/db/ddl/planes/neon/document/03_tables.sql,4794,True
planes/neon,document.business_partner_request_contact_channel,server/db/ddl/planes/neon/document/03_tables.sql,4821,True
planes/neon,document.business_partner_request_identifier,server/db/ddl/planes/neon/document/03_tables.sql,4849,True
planes/neon,document.business_partner_request_tax_registration,server/db/ddl/planes/neon/document/03_tables.sql,4881,True
planes/neon,document.business_partner_request_classification,server/db/ddl/planes/neon/document/03_tables.sql,4910,True
planes/neon,document.business_partner_request_certification,server/db/ddl/planes/neon/document/03_tables.sql,4942,True
planes/neon,document.business_partner_request_materialization_item,server/db/ddl/planes/neon/document/03_tables.sql,4972,True
planes/neon,document.mesh_business_partner_match,server/db/ddl/planes/neon/document/03_tables.sql,5000,True
planes/neon,document.mesh_business_partner_acceptance,server/db/ddl/planes/neon/document/03_tables.sql,5033,True
planes/neon,document.mesh_business_partner_acceptance_event,server/db/ddl/planes/neon/document/03_tables.sql,5062,True
planes/neon,document.business_partner_bank_verification,server/db/ddl/planes/neon/document/03_tables.sql,5090,True
planes/neon,document.business_partner_duplicate_resolution,server/db/ddl/planes/neon/document/03_tables.sql,5135,True
planes/neon,document.supplier_activation_evidence,server/db/ddl/planes/neon/document/03_tables.sql,5153,True
planes/neon,document.business_partner_invitation_recovery,server/db/ddl/planes/neon/document/03_tables.sql,5171,True
planes/neon,document.workforce_requisition,server/db/ddl/planes/neon/document/03_tables.sql,5181,False
planes/neon,document.workforce_requisition_supplier,server/db/ddl/planes/neon/document/03_tables.sql,5212,False
planes/neon,document.external_candidate_submission,server/db/ddl/planes/neon/document/03_tables.sql,5228,False
planes/neon,document.external_candidate_evaluation,server/db/ddl/planes/neon/document/03_tables.sql,5249,False
planes/neon,document.contingent_work_order,server/db/ddl/planes/neon/document/03_tables.sql,5267,False
planes/neon,document.contingent_work_order_revision,server/db/ddl/planes/neon/document/03_tables.sql,5289,False
planes/neon,document.statement_of_work,server/db/ddl/planes/neon/document/03_tables.sql,5317,False
planes/neon,document.statement_of_work_revision,server/db/ddl/planes/neon/document/03_tables.sql,5339,False
planes/neon,document.statement_of_work_item,server/db/ddl/planes/neon/document/03_tables.sql,5366,False
planes/neon,document.worker_engagement,server/db/ddl/planes/neon/document/03_tables.sql,5389,False
planes/neon,document.worker_operational_placement,server/db/ddl/planes/neon/document/03_tables.sql,5427,False
planes/neon,document.worker_compliance_item,server/db/ddl/planes/neon/document/03_tables.sql,5446,False
planes/neon,document.engagement_onboarding_case,server/db/ddl/planes/neon/document/03_tables.sql,5466,False
planes/neon,document.external_time_sheet,server/db/ddl/planes/neon/document/03_tables.sql,5491,False
planes/neon,document.external_time_entry,server/db/ddl/planes/neon/document/03_tables.sql,5521,False
planes/neon,document.external_expense_sheet,server/db/ddl/planes/neon/document/03_tables.sql,5537,False
planes/neon,document.external_expense_item,server/db/ddl/planes/neon/document/03_tables.sql,5567,False
planes/neon,document.external_service_entry,server/db/ddl/planes/neon/document/03_tables.sql,5582,False
planes/neon,document.external_service_entry_line,server/db/ddl/planes/neon/document/03_tables.sql,5605,False
planes/neon,document.external_workforce_invoice_allocation,server/db/ddl/planes/neon/document/03_tables.sql,5620,False
planes/neon,document.service_sheet_source_allocation,server/db/ddl/planes/neon/document/03_tables.sql,5635,False
planes/neon,document.mesh_profile_change_resolution,server/db/ddl/planes/neon/document/03_tables.sql,5663,True
planes/neon,document.mesh_profile_change_case,server/db/ddl/planes/neon/document/03_tables.sql,5688,True
planes/neon,ledger.budget_transaction,server/db/ddl/planes/neon/ledger/03_tables.sql,1,False
planes/neon,ledger.budget_balance,server/db/ddl/planes/neon/ledger/03_tables.sql,50,False
planes/neon,ledger.planning_run,server/db/ddl/planes/neon/ledger/03_tables.sql,90,False
planes/neon,ledger.planning_output,server/db/ddl/planes/neon/ledger/03_tables.sql,139,False
planes/neon,ledger.book_period_status,server/db/ddl/planes/neon/ledger/03_tables.sql,189,False
planes/neon,ledger.cross_book_posting_execution,server/db/ddl/planes/neon/ledger/03_tables.sql,236,False
planes/neon,ledger.gl_balance,server/db/ddl/planes/neon/ledger/03_tables.sql,299,False
planes/neon,ledger.commitment_fulfillment,server/db/ddl/planes/neon/ledger/03_tables.sql,343,False
planes/neon,ledger.inventory_movement,server/db/ddl/planes/neon/ledger/03_tables.sql,392,False
planes/neon,ledger.inventory_balance,server/db/ddl/planes/neon/ledger/03_tables.sql,457,False
planes/neon,ledger.inventory_valuation_layer,server/db/ddl/planes/neon/ledger/03_tables.sql,495,False
planes/neon,ledger.tax_calculation,server/db/ddl/planes/neon/ledger/03_tables.sql,537,False
planes/neon,ledger.tax_credit_movement,server/db/ddl/planes/neon/ledger/03_tables.sql,612,False
planes/neon,ledger.asset_revaluation_reserve,server/db/ddl/planes/neon/ledger/03_tables.sql,643,False
planes/neon,ledger.fx_revaluation_line,server/db/ddl/planes/neon/ledger/03_tables.sql,691,False
planes/neon,ledger.ic_elimination_line,server/db/ddl/planes/neon/ledger/03_tables.sql,736,False
planes/neon,master.legal_entity,server/db/ddl/planes/neon/master/03_tables.sql,6,False
planes/neon,master.company_code,server/db/ddl/planes/neon/master/03_tables.sql,71,False
planes/neon,master.tax_jurisdiction,server/db/ddl/planes/neon/master/03_tables.sql,115,True
planes/neon,master.condition_type,server/db/ddl/planes/neon/master/03_tables.sql,186,False
planes/neon,master.tax_type,server/db/ddl/planes/neon/master/03_tables.sql,298,True
planes/neon,master.organization_tax_registration,server/db/ddl/planes/neon/master/03_tables.sql,344,False
planes/neon,master.operating_organization,server/db/ddl/planes/neon/master/03_tables.sql,384,False
planes/neon,master.procurement_organization_profile,server/db/ddl/planes/neon/master/03_tables.sql,427,False
planes/neon,master.sales_organization_profile,server/db/ddl/planes/neon/master/03_tables.sql,450,False
planes/neon,master.operating_organization_company_assignment,server/db/ddl/planes/neon/master/03_tables.sql,474,False
planes/neon,master.org_unit,server/db/ddl/planes/neon/master/03_tables.sql,505,False
planes/neon,master.profit_center,server/db/ddl/planes/neon/master/03_tables.sql,549,False
planes/neon,master.cost_center,server/db/ddl/planes/neon/master/03_tables.sql,600,False
planes/neon,master.dimension_type,server/db/ddl/planes/neon/master/03_tables.sql,653,False
planes/neon,master.dimension_value,server/db/ddl/planes/neon/master/03_tables.sql,694,False
planes/neon,master.dimension_set,server/db/ddl/planes/neon/master/03_tables.sql,743,False
planes/neon,master.dimension_set_item,server/db/ddl/planes/neon/master/03_tables.sql,761,False
planes/neon,master.accounting_profile,server/db/ddl/planes/neon/master/03_tables.sql,780,False
planes/neon,master.chart_of_account,server/db/ddl/planes/neon/master/03_tables.sql,823,False
planes/neon,master.gl_account,server/db/ddl/planes/neon/master/03_tables.sql,859,False
planes/neon,master.ledger_book,server/db/ddl/planes/neon/master/03_tables.sql,917,False
planes/neon,master.company_code_chart_assignment,server/db/ddl/planes/neon/master/03_tables.sql,962,False
planes/neon,master.company_code_book_assignment,server/db/ddl/planes/neon/master/03_tables.sql,994,False
planes/neon,master.fiscal_period,server/db/ddl/planes/neon/master/03_tables.sql,1033,False
planes/neon,master.fx_rate,server/db/ddl/planes/neon/master/03_tables.sql,1113,False
planes/neon,master.company_code_dimension_default,server/db/ddl/planes/neon/master/03_tables.sql,1159,False
planes/neon,master.company_code_gl_account,server/db/ddl/planes/neon/master/03_tables.sql,1192,False
planes/neon,master.bank_provisional_reference,server/db/ddl/planes/neon/master/03_tables.sql,1245,True
planes/neon,master.bank_account,server/db/ddl/planes/neon/master/03_tables.sql,1261,True
planes/neon,master.bank_account_link,server/db/ddl/planes/neon/master/03_tables.sql,1364,True
planes/neon,master.bank_account_house_config,server/db/ddl/planes/neon/master/03_tables.sql,1420,True
planes/neon,master.payment_method,server/db/ddl/planes/neon/master/03_tables.sql,1471,False
planes/neon,master.payment_term,server/db/ddl/planes/neon/master/03_tables.sql,1535,False
planes/neon,master.payment_term_clause,server/db/ddl/planes/neon/master/03_tables.sql,1621,False
planes/neon,master.payment_term_discount_tier,server/db/ddl/planes/neon/master/03_tables.sql,1800,False
planes/neon,master.business_partner,server/db/ddl/planes/neon/master/03_tables.sql,1856,True
planes/neon,master.supplier,server/db/ddl/planes/neon/master/03_tables.sql,1947,True
planes/neon,master.customer,server/db/ddl/planes/neon/master/03_tables.sql,1987,True
planes/neon,master.business_partner_alias,server/db/ddl/planes/neon/master/03_tables.sql,2025,True
planes/neon,master.asset_class,server/db/ddl/planes/neon/master/03_tables.sql,2078,False
planes/neon,master.asset,server/db/ddl/planes/neon/master/03_tables.sql,2121,False
planes/neon,master.asset_book,server/db/ddl/planes/neon/master/03_tables.sql,2188,False
planes/neon,master.asset_component,server/db/ddl/planes/neon/master/03_tables.sql,2239,False
planes/neon,master.asset_assignment_history,server/db/ddl/planes/neon/master/03_tables.sql,2282,False
planes/neon,master.business_intent,server/db/ddl/planes/neon/master/03_tables.sql,2337,False
planes/neon,master.person,server/db/ddl/planes/neon/master/03_tables.sql,2369,False
planes/neon,master.person_sensitive_profile,server/db/ddl/planes/neon/master/03_tables.sql,2413,False
planes/neon,master.site,server/db/ddl/planes/neon/master/03_tables.sql,2451,False
planes/neon,master.career_band,server/db/ddl/planes/neon/master/03_tables.sql,2499,False
planes/neon,master.career_level,server/db/ddl/planes/neon/master/03_tables.sql,2519,False
planes/neon,master.designation,server/db/ddl/planes/neon/master/03_tables.sql,2542,False
planes/neon,master.job_family,server/db/ddl/planes/neon/master/03_tables.sql,2562,False
planes/neon,master.job_function,server/db/ddl/planes/neon/master/03_tables.sql,2582,False
planes/neon,master.pay_grade,server/db/ddl/planes/neon/master/03_tables.sql,2603,False
planes/neon,master.job,server/db/ddl/planes/neon/master/03_tables.sql,2639,False
planes/neon,master.holiday_calendar,server/db/ddl/planes/neon/master/03_tables.sql,2666,False
planes/neon,master.holiday_calendar_day,server/db/ddl/planes/neon/master/03_tables.sql,2709,False
planes/neon,master.shift_type,server/db/ddl/planes/neon/master/03_tables.sql,2738,False
planes/neon,master.work_pattern,server/db/ddl/planes/neon/master/03_tables.sql,2764,False
planes/neon,master.work_pattern_day,server/db/ddl/planes/neon/master/03_tables.sql,2792,False
planes/neon,master.pay_component,server/db/ddl/planes/neon/master/03_tables.sql,2827,False
planes/neon,master.pay_group,server/db/ddl/planes/neon/master/03_tables.sql,2858,False
planes/neon,master.pay_structure,server/db/ddl/planes/neon/master/03_tables.sql,2885,False
planes/neon,master.pay_structure_line,server/db/ddl/planes/neon/master/03_tables.sql,2910,False
planes/neon,master.statutory_scheme,server/db/ddl/planes/neon/master/03_tables.sql,2933,False
planes/neon,master.leave_type,server/db/ddl/planes/neon/master/03_tables.sql,2959,False
planes/neon,master.leave_plan,server/db/ddl/planes/neon/master/03_tables.sql,2983,False
planes/neon,master.leave_plan_rule,server/db/ddl/planes/neon/master/03_tables.sql,3016,False
planes/neon,master.position,server/db/ddl/planes/neon/master/03_tables.sql,3045,False
planes/neon,master.employee,server/db/ddl/planes/neon/master/03_tables.sql,3082,False
planes/neon,master.employment,server/db/ddl/planes/neon/master/03_tables.sql,3131,False
planes/neon,master.work_assignment,server/db/ddl/planes/neon/master/03_tables.sql,3180,False
planes/neon,master.external_worker,server/db/ddl/planes/neon/master/03_tables.sql,3230,False
planes/neon,master.employee_leave_enrollment,server/db/ddl/planes/neon/master/03_tables.sql,3266,False
planes/neon,master.employee_statutory_enrollment,server/db/ddl/planes/neon/master/03_tables.sql,3290,False
planes/neon,master.warehouse,server/db/ddl/planes/neon/master/03_tables.sql,3315,False
planes/neon,master.risk_dimension,server/db/ddl/planes/neon/master/03_tables.sql,3360,False
planes/neon,master.risk_driver_registry,server/db/ddl/planes/neon/master/03_tables.sql,3394,False
planes/neon,master.risk_model,server/db/ddl/planes/neon/master/03_tables.sql,3416,False
planes/neon,master.risk_model_dimension,server/db/ddl/planes/neon/master/03_tables.sql,3459,False
planes/neon,master.risk_source,server/db/ddl/planes/neon/master/03_tables.sql,3478,False
planes/neon,master.party_risk_assessment,server/db/ddl/planes/neon/master/03_tables.sql,3511,False
planes/neon,master.party_risk_dimension_score,server/db/ddl/planes/neon/master/03_tables.sql,3596,False
planes/neon,master.party_risk_evidence,server/db/ddl/planes/neon/master/03_tables.sql,3631,True
planes/neon,master.party_risk_driver,server/db/ddl/planes/neon/master/03_tables.sql,3698,False
planes/neon,master.party_risk_mitigation,server/db/ddl/planes/neon/master/03_tables.sql,3733,False
planes/neon,master.party_risk_review_event,server/db/ddl/planes/neon/master/03_tables.sql,3784,False
planes/neon,master.commodity_category,server/db/ddl/planes/neon/master/03_tables.sql,3832,True
planes/neon,master.product,server/db/ddl/planes/neon/master/03_tables.sql,3871,False
planes/neon,master.item,server/db/ddl/planes/neon/master/03_tables.sql,3909,False
planes/neon,master.commodity_code_assignment,server/db/ddl/planes/neon/master/03_tables.sql,3960,False
planes/neon,master.catalog,server/db/ddl/planes/neon/master/03_tables.sql,4020,False
planes/neon,master.catalog_item,server/db/ddl/planes/neon/master/03_tables.sql,4094,False
planes/neon,master.catalog_price,server/db/ddl/planes/neon/master/03_tables.sql,4143,False
planes/neon,master.bom,server/db/ddl/planes/neon/master/03_tables.sql,4192,False
planes/neon,master.bom_component,server/db/ddl/planes/neon/master/03_tables.sql,4232,False
planes/neon,master.project,server/db/ddl/planes/neon/master/03_tables.sql,4285,False
planes/neon,master.project_wbs,server/db/ddl/planes/neon/master/03_tables.sql,4334,False
planes/neon,master.project_item,server/db/ddl/planes/neon/master/03_tables.sql,4380,False
planes/neon,master.compensation_assignment,server/db/ddl/planes/neon/master/03_tables.sql,4433,False
planes/neon,master.business_partner_relationship,server/db/ddl/planes/neon/master/03_tables.sql,4471,True
planes/neon,master.business_partner_governance_relation,server/db/ddl/planes/neon/master/03_tables.sql,4513,True
planes/neon,master.business_partner_identifier,server/db/ddl/planes/neon/master/03_tables.sql,4565,True
planes/neon,master.business_partner_tax_registration,server/db/ddl/planes/neon/master/03_tables.sql,4607,True
planes/neon,master.business_partner_commodity_capability,server/db/ddl/planes/neon/master/03_tables.sql,4650,True
planes/neon,master.business_partner_industry_classification,server/db/ddl/planes/neon/master/03_tables.sql,4681,True
planes/neon,master.business_partner_operating_organization_assignment,server/db/ddl/planes/neon/master/03_tables.sql,4734,True
planes/neon,master.company_code_supplier_profile,server/db/ddl/planes/neon/master/03_tables.sql,4764,True
planes/neon,master.company_code_customer_profile,server/db/ddl/planes/neon/master/03_tables.sql,4799,True
planes/neon,master.legal_entity_internal_partner_link,server/db/ddl/planes/neon/master/03_tables.sql,4837,False
planes/neon,master.intercompany_trading_pair,server/db/ddl/planes/neon/master/03_tables.sql,4870,False
planes/neon,master.contact_person_identity_link,server/db/ddl/planes/neon/master/03_tables.sql,4913,False
planes/neon,master.certification_type,server/db/ddl/planes/neon/master/03_tables.sql,4933,True
planes/neon,master.certification,server/db/ddl/planes/neon/master/03_tables.sql,4957,True
planes/neon,master.organization_amendment,server/db/ddl/planes/neon/master/03_tables.sql,4998,False
planes/neon,master.bank_account_usage,server/db/ddl/planes/neon/master/15_bank_account_company_usage.sql,2,True
planes/neon,master.bank_account_company_usage,server/db/ddl/planes/neon/master/15_bank_account_company_usage.sql,10,True
planes/neon,snapshot.template_version,server/db/ddl/planes/neon/snapshot/03_tables.sql,1,False
planes/neon,snapshot.content_item_version,server/db/ddl/planes/neon/snapshot/03_tables.sql,64,False
planes/neon,snapshot.bom,server/db/ddl/planes/neon/snapshot/03_tables.sql,98,False
planes/neon,snapshot.bom_component,server/db/ddl/planes/neon/snapshot/03_tables.sql,142,False
planes/neon,snapshot.mesh_business_partner_profile_received,server/db/ddl/planes/neon/snapshot/03_tables.sql,184,True
planes/neon,snapshot.mesh_bank_account_disclosure_received,server/db/ddl/planes/neon/snapshot/03_tables.sql,217,True
planes/studio,ai.atlas_support_session,server/db/ddl/planes/studio/ai/03_tables.sql,5,False
planes/studio,ai.atlas_learning_inbox,server/db/ddl/planes/studio/ai/03_tables.sql,32,False
planes/studio,ai.atlas_learning_candidate_event,server/db/ddl/planes/studio/ai/03_tables.sql,53,False
planes/studio,control.subscription_plan,server/db/ddl/planes/studio/control/03_tables.sql,4,False
planes/studio,control.owner_type,server/db/ddl/planes/studio/control/03_tables.sql,40,False
planes/studio,control.owner_type_purpose,server/db/ddl/planes/studio/control/03_tables.sql,121,False
planes/studio,control.workflow_sla_policy,server/db/ddl/planes/studio/control/03_tables.sql,141,False
planes/studio,control.bank_format_rule,server/db/ddl/planes/studio/control/03_tables.sql,192,True
planes/studio,document.comment_revision,server/db/ddl/planes/studio/document/03_tables.sql,16,False
planes/studio,document.comment_moderation_flag,server/db/ddl/planes/studio/document/03_tables.sql,41,False
planes/studio,document.conversation,server/db/ddl/planes/studio/document/03_tables.sql,72,False
planes/studio,document.conversation_participant,server/db/ddl/planes/studio/document/03_tables.sql,111,False
planes/studio,document.multipart_upload,server/db/ddl/planes/studio/document/03_tables.sql,144,False
planes/studio,document.multipart_upload_part,server/db/ddl/planes/studio/document/03_tables.sql,218,False
planes/studio,master.canonical_party,server/db/ddl/planes/studio/master/03_tables.sql,1,False
planes/studio,master.canonical_party_identifier,server/db/ddl/planes/studio/master/03_tables.sql,21,False
planes/studio,master.canonical_party_relationship,server/db/ddl/planes/studio/master/03_tables.sql,40,False
planes/studio,master.canonical_party_merge,server/db/ddl/planes/studio/master/03_tables.sql,58,False
planes/studio,metadata.entity,server/db/ddl/planes/studio/metadata/03_tables.sql,3,False
planes/studio,metadata.entity_change_set,server/db/ddl/planes/studio/metadata/03_tables.sql,42,False
planes/studio,metadata.entity_release,server/db/ddl/planes/studio/metadata/03_tables.sql,155,False
planes/studio,metadata.entity_class_profile,server/db/ddl/planes/studio/metadata/03_tables.sql,256,False
planes/studio,metadata.entity_runtime_profile,server/db/ddl/planes/studio/metadata/03_tables.sql,281,False
planes/studio,metadata.entity_field,server/db/ddl/planes/studio/metadata/03_tables.sql,378,True
planes/studio,metadata.entity_key,server/db/ddl/planes/studio/metadata/03_tables.sql,468,False
planes/studio,metadata.entity_key_field,server/db/ddl/planes/studio/metadata/03_tables.sql,514,False
planes/studio,metadata.entity_search_profile,server/db/ddl/planes/studio/metadata/03_tables.sql,539,False
planes/studio,metadata.entity_search_field,server/db/ddl/planes/studio/metadata/03_tables.sql,592,False
planes/studio,metadata.entity_relation,server/db/ddl/planes/studio/metadata/03_tables.sql,620,False
planes/studio,metadata.entity_relation_target,server/db/ddl/planes/studio/metadata/03_tables.sql,683,False
planes/studio,metadata.entity_relation_field,server/db/ddl/planes/studio/metadata/03_tables.sql,718,False
planes/studio,metadata.entity_surface,server/db/ddl/planes/studio/metadata/03_tables.sql,755,True
planes/studio,metadata.entity_surface_section,server/db/ddl/planes/studio/metadata/03_tables.sql,791,True
planes/studio,metadata.entity_surface_field_binding,server/db/ddl/planes/studio/metadata/03_tables.sql,826,True
planes/studio,metadata.entity_surface_component_binding,server/db/ddl/planes/studio/metadata/03_tables.sql,867,True
planes/studio,metadata.entity_operation,server/db/ddl/planes/studio/metadata/03_tables.sql,886,True
planes/studio,metadata.entity_operation_permission,server/db/ddl/planes/studio/metadata/03_tables.sql,946,True
planes/studio,metadata.entity_surface_operation,server/db/ddl/planes/studio/metadata/03_tables.sql,978,True
planes/studio,metadata.entity_operation_rule,server/db/ddl/planes/studio/metadata/03_tables.sql,1004,True
planes/studio,metadata.entity_flow,server/db/ddl/planes/studio/metadata/03_tables.sql,1025,True
planes/studio,metadata.entity_flow_step,server/db/ddl/planes/studio/metadata/03_tables.sql,1044,True
planes/studio,metadata.entity_policy_binding,server/db/ddl/planes/studio/metadata/03_tables.sql,1063,True
planes/studio,metadata.entity_field_policy_binding,server/db/ddl/planes/studio/metadata/03_tables.sql,1080,True
planes/studio,metadata.entity_contract_test_case,server/db/ddl/planes/studio/metadata/03_tables.sql,1098,True
planes/studio,metadata.entity_lifecycle_binding,server/db/ddl/planes/studio/metadata/03_tables.sql,1124,False
planes/studio,metadata.entity_lifecycle_operation_binding,server/db/ddl/planes/studio/metadata/03_tables.sql,1141,False
planes/studio,metadata.entity_numbering_binding,server/db/ddl/planes/studio/metadata/03_tables.sql,1159,False
planes/studio,metadata.entity_operation_scope_binding,server/db/ddl/planes/studio/metadata/03_tables.sql,1201,True
planes/studio,metadata.entity_baseline_import,server/db/ddl/planes/studio/metadata/12_baseline_import.sql,2,False
planes/studio,metadata.entity_baseline_import_revocation,server/db/ddl/planes/studio/metadata/12_baseline_import.sql,23,False
planes/studio,publication.entity_baseline_release_link,server/db/ddl/planes/studio/metadata/12_baseline_import.sql,55,False
planes/studio,publication.entity_authorization_successor_payload,server/db/ddl/planes/studio/metadata/13_authorization_successor.sql,12,False
planes/studio,publication.entity_authorization_successor_link,server/db/ddl/planes/studio/metadata/13_authorization_successor.sql,26,False
planes/studio,publication.entity_runtime_restoration_link,server/db/ddl/planes/studio/metadata/14_runtime_restoration.sql,14,False
planes/studio,onboarding.onboarding_case,server/db/ddl/planes/studio/onboarding/03_tables.sql,8,False
planes/studio,onboarding.onboarding_case_target,server/db/ddl/planes/studio/onboarding/03_tables.sql,74,False
planes/studio,onboarding.onboarding_case_step,server/db/ddl/planes/studio/onboarding/03_tables.sql,111,False
planes/studio,onboarding.onboarding_step_dependency,server/db/ddl/planes/studio/onboarding/03_tables.sql,163,False
planes/studio,onboarding.onboarding_case_check,server/db/ddl/planes/studio/onboarding/03_tables.sql,180,False
planes/studio,onboarding.onboarding_case_resource,server/db/ddl/planes/studio/onboarding/03_tables.sql,230,False
planes/studio,onboarding.onboarding_compilation_decision,server/db/ddl/planes/studio/onboarding/03_tables.sql,281,False
planes/studio,onboarding.onboarding_case_revision,server/db/ddl/planes/studio/onboarding/03_tables.sql,323,False
planes/studio,onboarding.onboarding_case_work_item,server/db/ddl/planes/studio/onboarding/03_tables.sql,343,False
planes/studio,onboarding.onboarding_case_guest_access,server/db/ddl/planes/studio/onboarding/03_tables.sql,358,False
planes/studio,publication.release,server/db/ddl/planes/studio/publication/03_tables.sql,3,False
planes/studio,publication.entity_release_link,server/db/ddl/planes/studio/publication/03_tables.sql,35,False
planes/studio,publication.business_partner_definition_release_link,server/db/ddl/planes/studio/publication/03_tables.sql,42,True
planes/studio,publication.artifact,server/db/ddl/planes/studio/publication/03_tables.sql,54,False
planes/studio,publication.artifact_compilation,server/db/ddl/planes/studio/publication/03_tables.sql,84,False
planes/studio,publication.deployment,server/db/ddl/planes/studio/publication/03_tables.sql,104,False
planes/studio,publication.deployment_event,server/db/ddl/planes/studio/publication/03_tables.sql,134,False
planes/studio,publication.deployment_acknowledgement,server/db/ddl/planes/studio/publication/03_tables.sql,146,False
planes/studio,publication.business_partner_case_contract_release_link,server/db/ddl/planes/studio/publication/03_tables.sql,168,True
planes/studio,publication.bank_directory_authority,server/db/ddl/planes/studio/publication/11_bank_directory.sql,2,False
planes/studio,snapshot.bank_directory_revision,server/db/ddl/planes/studio/publication/11_bank_directory.sql,6,False
planes/studio,publication.bank_directory_review,server/db/ddl/planes/studio/publication/11_bank_directory.sql,21,False
planes/studio,publication.bank_directory_release_link,server/db/ddl/planes/studio/publication/11_bank_directory.sql,31,False
planes/studio,runtime_meta.mfa_credential_projection,server/db/ddl/planes/studio/runtime_meta/03_tables.sql,3,False
planes/studio,snapshot.template_version,server/db/ddl/planes/studio/snapshot/03_tables.sql,1,False
planes/studio,snapshot.content_item_version,server/db/ddl/planes/studio/snapshot/03_tables.sql,64,False
planes/studio,snapshot.business_partner_definition_revision,server/db/ddl/planes/studio/snapshot/03_tables.sql,98,True
planes/studio,snapshot.compiled_artifact,server/db/ddl/planes/studio/snapshot/03_tables.sql,137,False
planes/studio,snapshot.entity_contract_revision,server/db/ddl/planes/studio/snapshot/03_tables.sql,206,True
planes/studio,snapshot.entity_contract_test_run,server/db/ddl/planes/studio/snapshot/03_tables.sql,273,True
planes/studio,snapshot.entity_contract_test_result,server/db/ddl/planes/studio/snapshot/03_tables.sql,314,True
planes/studio,snapshot.entity_numbering_test_artifact,server/db/ddl/planes/studio/snapshot/03_tables.sql,352,False
planes/studio,snapshot.entity_release_artifact,server/db/ddl/planes/studio/snapshot/03_tables.sql,417,False
planes/studio,snapshot.business_partner_case_contract_revision,server/db/ddl/planes/studio/snapshot/03_tables.sql,455,True
planes/studio,trustiam.organization,server/db/ddl/planes/studio/trustiam/03_tables.sql,1,False
planes/studio,trustiam.organization_provider,server/db/ddl/planes/studio/trustiam/03_tables.sql,17,False
planes/studio,trustiam.application_projection,server/db/ddl/planes/studio/trustiam/03_tables.sql,32,False
planes/studio,trustiam.projection_scope,server/db/ddl/planes/studio/trustiam/03_tables.sql,50,False
planes/studio,trustiam.identity_provisioning_request,server/db/ddl/planes/studio/trustiam/03_tables.sql,66,False
planes/studio,trustiam.identity_provisioning_attempt,server/db/ddl/planes/studio/trustiam/03_tables.sql,92,False
planes/studio,trustiam.projection_reconciliation_attempt,server/db/ddl/planes/studio/trustiam/03_tables.sql,114,False
planes/studio,trustiam.identity_projection,server/db/ddl/planes/studio/trustiam/03_tables.sql,149,False
planes/studio,trustiam.identity_saga_attempt,server/db/ddl/planes/studio/trustiam/03_tables.sql,181,False
planes/studio,trustiam.provider_identity_callback_inbox,server/db/ddl/planes/studio/trustiam/03_tables.sql,213,False
planes/studio,trustiam.identity_replay_approval,server/db/ddl/planes/studio/trustiam/12_identity_replay_approval.sql,2,False
